elapsed, window, n, min, mean, median, 95th, 99th, 99_9th, max, errors
10.001157, 10.001157, 31, 218409, 2272879.4, 995362, 7313285, 8657432, 8657432, 8657432, 1
20.001337, 10.00018, 122, 4782, 643359.8, 636472, 1102564, 1217000, 1217692, 1217692, 0
30.001338, 10.000001, 120, 188017, 656962.9, 640412, 1099349, 1283622, 1501782, 1501782, 2
40.001092, 9.999754, 129, 152303, 630821.1, 640339, 1022882, 1148323, 1282776, 1282776, 1
50.001092, 10.0, 125, 72542, 631732.8, 637652, 1201954, 1245784, 1282703, 1282703, 0
60.001102, 10.00001, 126, 35882, 622201.0, 606772, 1068030, 1335335, 1386174, 1386174, 1
64.009137, 4.008035, 18, 177854, 624941.9, 608739, 998085, 1335335, 1386174, 1386174, 1
