elapsed, window, n, min, mean, median, 95th, 99th, 99_9th, max, errors
10.001193, 10.001193, 32, 146572, 2386971.0, 1189395, 6965549, 8338542, 8338542, 8338542, 0
20.001147, 9.999954, 123, 104999, 644034.5, 634747, 1138565, 1219301, 1277235, 1277235, 2
30.00117, 10.000023, 120, 35547, 665001.6, 644224, 1075877, 1241242, 1273806, 1273806, 0
40.001163, 9.999993, 125, 35895, 640410.2, 639242, 1077556, 1351741, 1522170, 1522170, 1
50.001212, 10.000049, 122, 66338, 643280.4, 607111, 1141063, 1243514, 1314454, 1314454, 0
60.00116, 9.999948, 128, 68044, 633722.1, 604156, 1134922, 1231615, 1249008, 1249008, 0
64.016185, 4.015025, 21, 68044, 597973.2, 568531, 1105377, 1205661, 1359660, 1359660, 0
