elapsed, window, n, min, mean, median, 95th, 99th, 99_9th, max, errors
10.001276, 10.001276, 0, 0, 0, 0, 0, 0, 0, 0, 0
20.001133, 9.999857, 104, 185094, 1217896.7, 646738, 4216076, 12070148, 12981934, 12981934, 0
30.001127, 9.999994, 139, 44932, 564678.8, 531236, 981284, 1009758, 1125334, 1125334, 1
40.001144, 10.000017, 136, 163873, 593928.8, 575525, 987431, 1146983, 1151626, 1151626, 0
50.00113, 9.999986, 140, 51599, 560193.5, 531538, 997723, 1141488, 1150517, 1150517, 1
60.001125, 9.999995, 140, 72455, 568677.4, 528065, 964154, 1145835, 1146473, 1146473, 0
64.008161, 4.007036, 24, 72455, 572742.2, 528598, 968405, 1145835, 1146473, 1146473, 0
