elapsed, window, n, min, mean, median, 95th, 99th, 99_9th, max, errors
10.001108, 10.001108, 0, 0, 0, 0, 0, 0, 0, 0, 0
20.00113, 10.000022, 106, 4224, 1270589.2, 675620, 5778829, 11975561, 11976523, 11976523, 0
30.001231, 10.000101, 121, 113294, 631904.6, 569931, 1006315, 1130551, 1167180, 1167180, 2
40.001126, 9.999895, 140, 27740, 579575.6, 553303, 993071, 1145409, 1309213, 1309213, 1
50.00119, 10.000064, 132, 44478, 588856.8, 535404, 996868, 1313066, 1323226, 1323226, 0
60.001076, 9.999886, 136, 44468, 593247.3, 548967, 996198, 1314261, 1474787, 1474787, 0
64.010146, 4.00907, 22, 45363, 609900.7, 641709, 993396, 1151749, 1474787, 1474787, 0
