elapsed, window, n, min, mean, median, 95th, 99th, 99_9th, max, errors
10.001065, 10.001065, 8, 327278, 6799000.6, 8481829, 9517527, 9517527, 9517527, 9517527, 0
20.001043, 9.999978, 98, 66661, 1123999.8, 686388, 4172715, 11677117, 11801188, 11801188, 1
30.00104, 9.999997, 132, 167364, 585347.9, 546665, 997114, 1120128, 1138179, 1138179, 1
40.001039, 9.999999, 134, 162783, 586875.5, 546151, 987485, 1312052, 1443832, 1443832, 0
50.001053, 10.000014, 132, 4099, 606485.3, 566938, 1029612, 1151865, 1294172, 1294172, 0
60.001049, 9.999996, 125, 152253, 637524.9, 647398, 1011162, 1143264, 1294172, 1294172, 1
64.010074, 4.009025, 18, 168068, 661033.6, 664870, 987951, 1130731, 1146255, 1146255, 1
