elapsed, window, n, min, mean, median, 95th, 99th, 99_9th, max, errors
10.000175, 10.000175, 8, 249800, 6339033.1, 7346368, 9712482, 9712482, 9712482, 9712482, 0
20.001212, 10.001037, 87, 3987, 1379189.7, 730966, 5238828, 10435809, 12678980, 12678980, 2
30.001211, 9.999999, 115, 4293, 686023.8, 625818, 1277613, 1451451, 1749944, 1749944, 2
40.001165, 9.999954, 109, 11667, 712064.2, 692160, 1248099, 1577251, 1753000, 1753000, 4
50.001203, 10.000038, 106, 4143, 761409.8, 726656, 1369723, 1554943, 1753000, 1753000, 1
60.001196, 9.999993, 104, 245252, 749915.5, 691313, 1384468, 1548318, 1727446, 1727446, 0
64.009257, 4.008061, 18, 4086, 768183.0, 694098, 1450196, 1548318, 1727446, 1727446, 1
