elapsed, window, n, min, mean, median, 95th, 99th, 99_9th, max, errors
10.000906, 10.000906, 0, 0, 0, 0, 0, 0, 0, 0, 0
20.001895, 10.000989, 106, 44884, 1486144.1, 585978, 12577247, 12816323, 12816595, 12816595, 0
30.001897, 10.000002, 124, 155038, 633221.6, 606813, 1063374, 1466906, 1536733, 1536733, 0
40.001845, 9.999948, 130, 63964, 615440.6, 599814, 1032831, 1272509, 1523469, 1523469, 1
50.001849, 10.000004, 132, 4068, 589427.8, 584645, 1063453, 1306067, 1534869, 1534869, 0
60.001988, 10.000139, 138, 25354, 595307.2, 592110, 1016463, 1404547, 1412575, 1412575, 0
64.009883, 4.007895, 20, 25354, 624996.3, 607375, 1016463, 1065125, 1182070, 1182070, 0
