elapsed, window, n, min, mean, median, 95th, 99th, 99_9th, max, errors
10.000514, 10.000514, 9, 219463, 4816496.4, 7528827, 9136664, 9136664, 9136664, 9136664, 0
20.001786, 10.001272, 102, 156453, 1110432.3, 636462, 3628198, 12762078, 12762086, 12762086, 0
30.001506, 9.99972, 126, 4211, 624773.5, 612384, 962485, 1106096, 1123732, 1123732, 2
40.001519, 10.000013, 130, 115721, 604138.6, 593527, 901067, 1041133, 1117261, 1117261, 1
50.001514, 9.999995, 133, 160660, 604776.8, 588498, 962050, 1064581, 1175848, 1175848, 1
60.001524, 10.00001, 128, 112967, 618515.7, 597319, 940976, 1130791, 1151968, 1151968, 1
64.012605, 4.011081, 26, 7729, 575073.8, 563451, 920172, 1130791, 1151968, 1151968, 0
