elapsed, window, n, min, mean, median, 95th, 99th, 99_9th, max, errors
10.001333, 10.001333, 5, 8575250, 9103630.4, 8872064, 9747944, 9747944, 9747944, 9747944, 0
20.001333, 10.0, 92, 3915, 1356102.5, 757967, 3469934, 11033403, 12428012, 12428012, 1
30.001292, 9.999959, 111, 4177, 759721.5, 694299, 1384726, 1721986, 1822849, 1822849, 0
40.001352, 10.00006, 110, 4087, 720359.1, 696789, 1268880, 1623740, 1658207, 1658207, 1
50.001343, 9.999991, 106, 3897, 752900.4, 760272, 1238062, 1488433, 1555078, 1555078, 0
60.001344, 10.000001, 108, 3878, 732258.0, 732346, 1346491, 1588725, 1596179, 1596179, 4
64.013407, 4.012063, 18, 3878, 766771.1, 761928, 1346491, 1596179, 1696450, 1696450, 0
