elapsed, window, n, min, mean, median, 95th, 99th, 99_9th, max, errors
10.000232, 10.000232, 0, 0, 0, 0, 0, 0, 0, 0, 0
20.001196, 10.000964, 65, 524533, 2381172.1, 1178636, 10527170, 11182179, 12187599, 12187599, 0
30.001313, 10.000117, 70, 554525, 1150957.8, 1146810, 1790275, 1899357, 1932585, 1932585, 0
40.001195, 9.999882, 66, 523474, 1233035.3, 1247059, 1723847, 1932585, 2005330, 2005330, 0
50.001314, 10.000119, 68, 280848, 1173579.3, 1183250, 1696905, 2018337, 2239403, 2239403, 0
60.001189, 9.999875, 75, 142960, 1048848.7, 1004238, 1701221, 1855615, 2019529, 2019529, 2
64.01327, 4.012081, 15, 142960, 1097817.9, 1170007, 1688407, 1722275, 2019529, 2019529, 1
