elapsed, window, n, min, mean, median, 95th, 99th, 99_9th, max, errors
10.000589, 10.000589, 0, 0, 0, 0, 0, 0, 0, 0, 0
20.001573, 10.000984, 103, 112333, 1526841.1, 596283, 12758114, 12899039, 12951954, 12951954, 1
30.001587, 10.000014, 138, 44014, 562844.2, 531395, 1014543, 1157049, 1377977, 1377977, 0
40.00159, 10.000003, 138, 23752, 583489.4, 586318, 1050459, 1265239, 1601327, 1601327, 1
50.001589, 9.999999, 140, 23523, 566787.7, 526533, 1049466, 1197135, 1214880, 1214880, 2
60.001556, 9.999967, 133, 24952, 601297.5, 564227, 1118985, 1353470, 1443277, 1443277, 0
64.013573, 4.012017, 17, 66632, 662251.9, 619654, 1173320, 1289479, 1353470, 1353470, 0
