elapsed, window, n, min, mean, median, 95th, 99th, 99_9th, max, errors
10.000588, 10.000588, 0, 0, 0, 0, 0, 0, 0, 0, 0
20.001386, 10.000798, 87, 151810, 1695457.6, 717490, 12858612, 12865194, 12865267, 12865267, 2
30.001378, 9.999992, 135, 30654, 593465.7, 587349, 1062175, 1318675, 1320123, 1320123, 1
40.001366, 9.999988, 130, 23771, 613218.4, 586358, 1060912, 1300256, 1422583, 1422583, 1
50.001395, 10.000029, 134, 51307, 591520.4, 578103, 1062904, 1300256, 1432977, 1432977, 1
60.00138, 9.999985, 130, 64602, 611722.9, 592859, 1077332, 1217667, 1360839, 1360839, 2
64.00843, 4.00705, 23, 64602, 598090.7, 588645, 1012175, 1217610, 1217667, 1217667, 0
