elapsed, window, n, min, mean, median, 95th, 99th, 99_9th, max, errors
10.00019, 10.00019, 24, 216511, 3100266.9, 851179, 8718173, 9188653, 9188653, 9188653, 1
20.001238, 10.001048, 117, 100394, 673772.9, 674480, 1112004, 1440491, 1469873, 1469873, 1
30.001186, 9.999948, 117, 37553, 659830.4, 646752, 1028550, 1303980, 1419529, 1419529, 2
40.001202, 10.000016, 124, 99585, 662309.7, 644301, 1150224, 1291109, 1367906, 1367906, 0
50.001195, 9.999993, 118, 179800, 657826.3, 638551, 1111998, 1240183, 1248068, 1248068, 1
60.001185, 9.99999, 132, 4749, 602710.8, 570801, 1052466, 1333647, 1489851, 1489851, 2
64.009229, 4.008044, 22, 68642, 616429.2, 605740, 1051615, 1286222, 1333647, 1333647, 0
