elapsed, window, n, min, mean, median, 95th, 99th, 99_9th, max, errors
10.000763, 10.000763, 0, 0, 0, 0, 0, 0, 0, 0, 0
20.001787, 10.001024, 93, 169007, 1595043.7, 831310, 9965472, 10416075, 10617397, 10617397, 2
30.001775, 9.999988, 96, 323651, 833948.7, 826274, 1303122, 1494850, 1506461, 1506461, 0
40.00176, 9.999985, 92, 328106, 844430.4, 833413, 1183149, 1385561, 1471924, 1471924, 1
50.00176, 10.0, 99, 319459, 814957.7, 819232, 1298034, 1493445, 1676702, 1676702, 0
60.001757, 9.999997, 92, 323649, 852350.2, 828089, 1323728, 1344755, 1682346, 1682346, 1
64.009803, 4.008046, 19, 165807, 874787.7, 843859, 1327963, 1354839, 1682346, 1682346, 0
