elapsed, window, n, min, mean, median, 95th, 99th, 99_9th, max, errors
10.000292, 10.000292, 6, 9814861, 9816341.3, 9815627, 9818112, 9818112, 9818112, 9818112, 0
20.001278, 10.000986, 83, 182074, 1742602.7, 973923, 9816373, 10221801, 11331289, 11331289, 1
30.001691, 10.000413, 100, 166431, 804428.5, 833042, 1165103, 1318351, 1352363, 1352363, 1
40.001766, 10.000075, 93, 162499, 850912.7, 829084, 1189532, 1352734, 1360291, 1360291, 0
50.001331, 9.999565, 95, 336793, 863184.8, 845768, 1307038, 1341671, 1615818, 1615818, 0
60.001312, 9.999981, 95, 7306, 818826.5, 839033, 1158654, 1329769, 1500144, 1500144, 1
64.015351, 4.014039, 17, 481990, 861066.9, 840107, 1168073, 1329769, 1500144, 1500144, 0
