elapsed, window, n, min, mean, median, 95th, 99th, 99_9th, max, errors
10.001032, 10.001032, 0, 0, 0, 0, 0, 0, 0, 0, 0
20.001033, 10.000001, 91, 326956, 1643685.3, 840694, 9969722, 10162288, 10307687, 10307687, 0
30.001026, 9.999993, 96, 166009, 849505.5, 839606, 1316266, 1478121, 1478307, 1478307, 0
40.001035, 10.000009, 93, 166009, 855504.5, 837030, 1330032, 1468516, 1504529, 1504529, 1
50.001078, 10.000043, 97, 3371, 830084.2, 836554, 1199128, 1463850, 1465781, 1465781, 0
60.001025, 9.999947, 92, 183775, 867660.1, 843600, 1288306, 1323658, 1345269, 1345269, 1
64.010058, 4.009033, 15, 183775, 879024.8, 858370, 1298538, 1323658, 1338635, 1338635, 1
