elapsed, window, n, min, mean, median, 95th, 99th, 99_9th, max, errors
10.000718, 10.000718, 11, 234491, 4908988.3, 7859692, 8882158, 9428451, 9428451, 9428451, 0
20.001613, 10.000895, 139, 75248, 742487.6, 531260, 1486557, 10245027, 10486972, 10486972, 0
30.001719, 10.000106, 148, 88853, 538758.1, 532986, 850661, 959931, 978273, 978273, 2
40.001611, 9.999892, 149, 121712, 524811.7, 526278, 808116, 876179, 1014654, 1014654, 0
50.001612, 10.000001, 144, 154546, 556514.4, 541771, 870289, 1015267, 1023091, 1023091, 1
60.001612, 10.0, 146, 122439, 543728.5, 542893, 785741, 933557, 1069436, 1069436, 0
64.008658, 4.007046, 20, 122439, 568702.8, 573190, 800776, 983320, 1069436, 1069436, 1
