elapsed, window, n, min, mean, median, 95th, 99th, 99_9th, max, errors
10.000477, 10.000477, 6, 196100, 5415387.7, 6861570, 8482971, 8482971, 8482971, 8482971, 1
20.001424, 10.000947, 134, 76934, 858696.4, 579898, 1411886, 10460671, 10461695, 10461695, 1
30.00144, 10.000016, 148, 140223, 545711.4, 528554, 844243, 938167, 1000490, 1000490, 0
40.00142, 9.99998, 144, 148988, 547153.9, 524902, 855499, 986747, 1091414, 1091414, 0
50.001443, 10.000023, 149, 78482, 541181.8, 532701, 849844, 968724, 1002448, 1002448, 1
60.001421, 9.999978, 143, 196290, 543935.9, 539343, 860839, 968724, 1075341, 1075341, 4
64.009617, 4.008196, 25, 144820, 531800.2, 539343, 819446, 937906, 949172, 949172, 0
