elapsed, window, n, min, mean, median, 95th, 99th, 99_9th, max, errors
10.001142, 10.001142, 6, 7829400, 8498496.0, 8560691, 8880420, 8880420, 8880420, 8880420, 0
20.002064, 10.000922, 141, 77164, 758025.0, 527057, 1739460, 10272842, 10555547, 10555547, 0
30.000873, 9.998809, 145, 139032, 536208.6, 512945, 832080, 917469, 963514, 963514, 2
40.001871, 10.000998, 149, 137490, 531433.7, 508025, 842949, 894047, 954940, 954940, 2
50.001871, 10.0, 140, 122501, 552383.0, 542290, 847505, 989381, 1092269, 1092269, 2
60.001867, 9.999996, 144, 190489, 552558.2, 536817, 847842, 964546, 983569, 983569, 0
64.009929, 4.008062, 24, 190489, 561225.7, 561126, 832291, 983569, 1028347, 1028347, 0
