elapsed, window, n, min, mean, median, 95th, 99th, 99_9th, max, errors
10.000838, 10.000838, 0, 0, 0, 0, 0, 0, 0, 0, 1
20.00182, 10.000982, 78, 154735, 1705555.2, 1015468, 10937935, 11253962, 11287237, 11287237, 0
30.001803, 9.999983, 77, 154735, 994897.9, 973124, 1786584, 2089579, 2127364, 2127364, 0
40.001936, 10.000133, 81, 153868, 976382.2, 935773, 1646431, 1748214, 1931111, 1931111, 2
50.001825, 9.999889, 88, 155690, 900851.7, 893069, 1621515, 1728542, 1756563, 1756563, 0
60.001829, 10.000004, 83, 155006, 968213.3, 980429, 1472290, 1492779, 1691220, 1691220, 0
64.008858, 4.007029, 15, 155006, 958097.3, 966270, 1436229, 1492779, 1547196, 1547196, 0
