elapsed, window, n, min, mean, median, 95th, 99th, 99_9th, max, errors
10.00079, 10.00079, 9, 767746, 7052792.7, 8247414, 9810809, 9810809, 9810809, 9810809, 1
20.001851, 10.001061, 86, 86896, 1240520.1, 767746, 3914014, 9347851, 9810809, 9810809, 2
30.001791, 9.99994, 97, 86896, 778004.8, 750012, 1246600, 1554593, 1706430, 1706430, 2
40.001789, 9.999998, 99, 179659, 791248.8, 779146, 1403527, 1590099, 1609331, 1609331, 1
50.001791, 10.000002, 98, 85793, 782377.9, 751294, 1343133, 1466034, 1532207, 1532207, 2
60.001889, 10.000098, 98, 262252, 810188.0, 811471, 1249746, 1388159, 1699586, 1699586, 1
64.008975, 4.007086, 19, 166400, 826226.5, 831592, 1279475, 1388159, 1699586, 1699586, 0
