elapsed, window, n, min, mean, median, 95th, 99th, 99_9th, max, errors
10.000673, 10.000673, 0, 0, 0, 0, 0, 0, 0, 0, 0
20.001751, 10.001078, 90, 186731, 1564973.5, 842191, 9844880, 11727810, 11970258, 11970258, 0
30.001675, 9.999924, 92, 263970, 865248.4, 897438, 1307312, 1389963, 1630548, 1630548, 1
40.001677, 10.000002, 98, 183396, 796015.0, 781093, 1312762, 1473946, 1493777, 1493777, 1
50.001693, 10.000016, 96, 167477, 794647.5, 794410, 1290810, 1477087, 1795505, 1795505, 4
60.001697, 10.000004, 91, 5918, 858716.8, 888300, 1327420, 1564929, 1574761, 1574761, 0
64.009761, 4.008064, 20, 167959, 883337.0, 900722, 1304940, 1473820, 1574761, 1574761, 0
