elapsed, window, n, min, mean, median, 95th, 99th, 99_9th, max, errors
10.000534, 10.000534, 8, 2393598, 7649723.3, 9355748, 9785051, 9785051, 9785051, 9785051, 0
20.001526, 10.000992, 112, 249981, 1094810.3, 586265, 2623594, 9785051, 11824219, 11824219, 3
30.001511, 9.999985, 132, 164505, 598878.3, 600025, 906740, 1069867, 1073500, 1073500, 1
40.00151, 9.999999, 135, 159746, 590467.3, 570403, 883018, 1165287, 1191793, 1191793, 1
50.001516, 10.000006, 138, 163192, 571801.2, 565425, 900814, 1003100, 1142663, 1142663, 1
60.001515, 9.999999, 131, 158202, 596370.7, 599756, 904677, 1038739, 1045399, 1045399, 0
64.008545, 4.00703, 23, 109167, 615885.9, 601025, 963358, 1045399, 1050412, 1050412, 0
