elapsed, window, n, min, mean, median, 95th, 99th, 99_9th, max, errors
10.001097, 10.001097, 0, 0, 0, 0, 0, 0, 0, 0, 0
20.000937, 9.99984, 72, 408806, 1876476.0, 1138726, 10382837, 10600660, 10825415, 10825415, 2
30.001997, 10.00106, 83, 225731, 949873.1, 896342, 1728447, 1979891, 1999141, 1999141, 2
40.001929, 9.999932, 83, 254771, 951539.2, 904418, 1561896, 1648907, 2164208, 2164208, 0
50.001974, 10.000045, 90, 80105, 856857.9, 893423, 1389469, 1595719, 1619329, 1619329, 1
60.001956, 9.999982, 86, 80105, 932234.9, 880027, 1521920, 1868829, 1986375, 1986375, 0
64.010037, 4.008081, 17, 256941, 941626.5, 880027, 1500342, 1669796, 1868829, 1868829, 0
