elapsed, window, n, min, mean, median, 95th, 99th, 99_9th, max, errors
10.000919, 10.000919, 0, 0, 0, 0, 0, 0, 0, 0, 0
20.001952, 10.001033, 115, 154630, 1200101.0, 594123, 5588075, 12096802, 12097124, 12097124, 2
30.001922, 9.99997, 134, 108172, 598547.3, 583607, 932051, 1057798, 1194736, 1194736, 0
40.00194, 10.000018, 134, 171759, 585445.2, 568239, 932051, 1024312, 1201980, 1201980, 2
50.00195, 10.00001, 132, 175571, 602376.5, 596667, 934085, 995315, 1190661, 1190661, 2
60.001937, 9.999987, 127, 181373, 612418.5, 610237, 943871, 1099826, 1267099, 1267099, 2
64.008977, 4.00704, 20, 181373, 633410.8, 635889, 951087, 1082725, 1267099, 1267099, 0
