elapsed, window, n, min, mean, median, 95th, 99th, 99_9th, max, errors
10.00047, 10.00047, 0, 0, 0, 0, 0, 0, 0, 0, 1
20.001474, 10.001004, 83, 152026, 1431399.5, 927251, 5486672, 11038688, 11859295, 11859295, 1
30.001418, 9.999944, 88, 83245, 920406.8, 900499, 1479441, 1745521, 1760494, 1760494, 0
40.001417, 9.999999, 87, 84133, 910773.7, 856272, 1521164, 1578422, 1631611, 1631611, 2
50.001432, 10.000015, 81, 256814, 983528.4, 973962, 1543153, 1646644, 1706744, 1706744, 0
60.001411, 9.999979, 84, 225961, 943921.8, 965092, 1586372, 1718687, 1724072, 1724072, 0
64.009458, 4.008047, 16, 328907, 1001229.3, 999659, 1609693, 1718687, 1724072, 1724072, 0
