elapsed, window, n, min, mean, median, 95th, 99th, 99_9th, max, errors
10.001137, 10.001137, 7, 7832645, 8616441.9, 8310462, 9648484, 9648484, 9648484, 9648484, 0
20.001201, 10.000064, 84, 84590, 1135923.1, 802528, 2791681, 4273227, 10112253, 10112253, 1
30.001245, 10.000044, 97, 87303, 839649.6, 832798, 1264494, 1507519, 1562763, 1562763, 0
40.001126, 9.999881, 95, 169584, 821735.5, 804470, 1282361, 1496311, 1589487, 1589487, 0
50.001158, 10.000032, 94, 267786, 843353.7, 847684, 1292232, 1450406, 1838005, 1838005, 1
60.001158, 10.0, 101, 181649, 781680.6, 751135, 1237471, 1419240, 1433611, 1433611, 1
64.018176, 4.017018, 17, 262760, 813448.4, 775908, 1262952, 1462169, 1633679, 1633679, 0
