elapsed, window, n, min, mean, median, 95th, 99th, 99_9th, max, errors
10.000896, 10.000896, 32, 331044, 2404349.5, 748823, 7748283, 8090360, 8090360, 8090360, 0
20.001791, 10.000895, 125, 36463, 645140.7, 664145, 1097231, 1276628, 1445088, 1445088, 1
30.001792, 10.000001, 127, 38806, 617598.6, 606559, 1067284, 1175604, 1192393, 1192393, 2
40.001791, 9.999999, 127, 36782, 633483.7, 602097, 1066792, 1354663, 1424306, 1424306, 1
50.001793, 10.000002, 128, 66567, 618212.3, 602723, 1103398, 1310338, 1564841, 1564841, 3
60.001788, 9.999995, 129, 4824, 615917.0, 607007, 1069900, 1387943, 1424311, 1424311, 0
64.008837, 4.007049, 21, 4824, 651614.2, 636429, 1245054, 1387943, 1424311, 1424311, 0
