elapsed, window, n, min, mean, median, 95th, 99th, 99_9th, max, errors
10.001402, 10.001402, 33, 285799, 2103143.2, 887738, 7214637, 7235852, 7235852, 7235852, 1
20.001009, 9.999607, 123, 60653, 644546.3, 637649, 1129211, 1245009, 1397345, 1397345, 3
30.001991, 10.000982, 127, 146035, 613230.9, 608169, 1064254, 1180275, 1393843, 1393843, 0
40.001992, 10.000001, 119, 35432, 676161.1, 640468, 1099257, 1250460, 1457817, 1457817, 0
50.001996, 10.000004, 126, 43632, 626037.6, 572213, 1149946, 1269344, 1354817, 1354817, 1
60.001993, 9.999997, 119, 67523, 677095.6, 655619, 1168830, 1269344, 1319832, 1319832, 0
64.008019, 4.006026, 21, 67523, 665981.5, 663818, 1075445, 1193121, 1319832, 1319832, 0
