elapsed, window, n, min, mean, median, 95th, 99th, 99_9th, max, errors
10.00087, 10.00087, 0, 0, 0, 0, 0, 0, 0, 0, 0
20.001897, 10.001027, 100, 24932, 1512436.6, 651429, 10757462, 13117468, 13527341, 13527341, 1
30.001857, 9.99996, 131, 45322, 609214.5, 571631, 1007543, 1032633, 1168950, 1168950, 0
40.001858, 10.000001, 126, 45322, 624445.4, 571425, 997494, 1316993, 1458166, 1458166, 0
50.001865, 10.000007, 132, 53631, 591768.9, 530342, 999970, 1154658, 1301583, 1301583, 2
60.001858, 9.999993, 134, 65470, 600516.6, 555918, 1002863, 1160292, 1160541, 1160541, 0
64.007889, 4.006031, 22, 185998, 638105.6, 653314, 1037842, 1160292, 1160541, 1160541, 0
