elapsed, window, n, min, mean, median, 95th, 99th, 99_9th, max, errors
10.001074, 10.001074, 0, 0, 0, 0, 0, 0, 0, 0, 0
20.001053, 9.999979, 96, 86618, 1468523.9, 649609, 9965628, 12278270, 13583501, 13583501, 1
30.0013, 10.000247, 131, 5638, 607240.1, 636643, 984488, 1281785, 1284242, 1284242, 1
40.001063, 9.999763, 124, 167423, 625969.9, 650497, 1002025, 1144216, 1305200, 1305200, 1
50.001068, 10.000005, 140, 24491, 575675.4, 549184, 960959, 1006214, 1281877, 1281877, 1
60.00108, 10.000012, 135, 24531, 593222.6, 633624, 963694, 1137048, 1298248, 1298248, 2
64.008087, 4.007007, 19, 24531, 610848.3, 641673, 963694, 1135361, 1137048, 1137048, 0
