elapsed, window, n, min, mean, median, 95th, 99th, 99_9th, max, errors
10.000734, 10.000734, 0, 0, 0, 0, 0, 0, 0, 0, 0
20.001764, 10.00103, 91, 26894, 1651086.4, 675259, 10832135, 12974138, 13307741, 13307741, 1
30.001781, 10.000017, 131, 24258, 614598.3, 545347, 1001647, 1140572, 1282834, 1282834, 0
40.001789, 10.000008, 136, 45143, 585790.1, 643020, 981831, 1140572, 1287796, 1287796, 0
50.001781, 9.999992, 132, 28382, 591527.2, 548494, 981842, 1145873, 1276679, 1276679, 4
60.001728, 9.999947, 135, 26871, 580815.0, 533733, 998748, 1172666, 1306972, 1306972, 3
64.008761, 4.007033, 21, 26871, 605461.9, 645876, 998748, 1167006, 1306972, 1306972, 0
