elapsed, window, n, min, mean, median, 95th, 99th, 99_9th, max, errors
10.001075, 10.001075, 0, 0, 0, 0, 0, 0, 0, 0, 0
20.001092, 10.000017, 100, 23623, 1558536.6, 551446, 12855649, 12973743, 13116047, 13116047, 1
30.001073, 9.999981, 130, 27596, 611063.4, 591089, 1097537, 1396943, 1400637, 1400637, 0
40.001069, 9.999996, 133, 43242, 587557.7, 548978, 1067146, 1181131, 1303282, 1303282, 2
50.001103, 10.000034, 132, 42951, 593418.9, 538907, 1073316, 1237182, 1303606, 1303606, 1
60.001071, 9.999968, 135, 62692, 597298.0, 558324, 1144515, 1406176, 1471504, 1471504, 0
64.00811, 4.007039, 20, 62692, 619758.8, 605444, 1123637, 1203083, 1471504, 1471504, 0
