elapsed, window, n, min, mean, median, 95th, 99th, 99_9th, max, errors
10.000973, 10.000973, 6, 1232323, 5273228.2, 4549005, 8446682, 8446682, 8446682, 8446682, 0
20.001858, 10.000885, 86, 4105, 1413242.2, 694233, 6501079, 12418947, 12419473, 12419473, 1
30.001854, 9.999996, 103, 3899, 769243.2, 794634, 1411176, 1515557, 1551970, 1551970, 1
40.001852, 9.999998, 132, 3849, 593819.5, 554467, 1173488, 1485424, 1619857, 1619857, 2
50.001861, 10.000009, 106, 140142, 750722.1, 758635, 1276373, 1552135, 1791619, 1791619, 2
60.001841, 9.99998, 105, 4000, 739019.1, 692300, 1347634, 2273781, 2315457, 2315457, 1
64.01289, 4.011049, 17, 4000, 782336.4, 693018, 1348502, 1966166, 2315457, 2315457, 1
