elapsed, window, n, min, mean, median, 95th, 99th, 99_9th, max, errors
10.001023, 10.001023, 9, 3777, 3728563.3, 4227231, 8079169, 8079169, 8079169, 8079169, 1
20.001991, 10.000968, 77, 143340, 1496062.5, 829210, 3171953, 13062132, 13081902, 13081902, 0
30.001996, 10.000005, 103, 3863, 764679.3, 695534, 1453965, 1801054, 1830055, 1830055, 2
40.002007, 10.000011, 105, 4199, 743371.8, 699644, 1378480, 1452283, 1559272, 1559272, 0
50.002129, 10.000122, 116, 140631, 713673.7, 696920, 1315718, 1755629, 2242388, 2242388, 1
60.000993, 9.998864, 106, 4038, 736137.7, 760609, 1385220, 1627385, 1698593, 1698593, 1
64.011041, 4.010048, 17, 4038, 708165.2, 697149, 1286223, 1518993, 1698593, 1698593, 0
