elapsed, window, n, min, mean, median, 95th, 99th, 99_9th, max, errors
10.000943, 10.000943, 0, 0, 0, 0, 0, 0, 0, 0, 0
20.001925, 10.000982, 94, 131649, 1653613.7, 588131, 12789100, 13022600, 13498286, 13498286, 1
30.001917, 9.999992, 137, 43248, 584523.0, 530199, 1142687, 1400993, 1526147, 1526147, 0
40.001922, 10.000005, 140, 31020, 560764.2, 533154, 1122671, 1459860, 1532068, 1532068, 0
50.001933, 10.000011, 130, 83802, 597395.8, 531978, 1160835, 1366003, 1427777, 1427777, 1
60.001919, 9.999986, 137, 47141, 598865.6, 585667, 1140757, 1356109, 1404288, 1404288, 0
64.008959, 4.00704, 20, 47141, 557281.3, 533219, 1055064, 1129474, 1140757, 1140757, 0
