elapsed, window, n, min, mean, median, 95th, 99th, 99_9th, max, errors
10.000922, 10.000922, 0, 0, 0, 0, 0, 0, 0, 0, 0
20.00186, 10.000938, 102, 46090, 1459951.8, 585268, 11847349, 11888088, 12090995, 12090995, 2
30.001891, 10.000031, 132, 3755, 606431.9, 586574, 1190112, 1404133, 1461971, 1461971, 1
40.001852, 9.999961, 131, 113174, 591137.2, 554340, 1066687, 1445673, 1475287, 1475287, 3
50.001843, 9.999991, 139, 47763, 566902.3, 516497, 1056761, 1295956, 1663940, 1663940, 3
60.001839, 9.999996, 135, 64812, 593302.5, 570802, 1085275, 1230341, 1389729, 1389729, 0
64.009927, 4.008088, 16, 64812, 651084.3, 610074, 1160547, 1230341, 1389729, 1389729, 0
