elapsed, window, n, min, mean, median, 95th, 99th, 99_9th, max, errors
10.000778, 10.000778, 0, 0, 0, 0, 0, 0, 0, 0, 0
20.001748, 10.00097, 48, 145821, 2685154.9, 1244056, 12185941, 14129487, 14129487, 14129487, 1
30.001758, 10.00001, 72, 139963, 1129746.1, 1074747, 1691527, 2114101, 2276508, 2276508, 0
40.001731, 9.999973, 63, 313120, 1272627.1, 1255297, 1969882, 2172281, 2174497, 2174497, 1
50.001776, 10.000045, 71, 142899, 1088396.7, 1108297, 1687005, 1934606, 1998716, 1998716, 1
60.0018, 10.000024, 71, 3839, 1113592.1, 1072107, 1830494, 2033565, 2033579, 2033579, 0
64.016782, 4.014982, 17, 382017, 1178106.6, 1176108, 1826912, 1964890, 2033579, 2033579, 0
