elapsed, window, n, min, mean, median, 95th, 99th, 99_9th, max, errors
10.001037, 10.001037, 5, 312119, 6248790.4, 6374115, 9676280, 9676280, 9676280, 9676280, 0
20.001029, 9.999992, 123, 81916, 1103797.4, 592782, 5351706, 11727929, 11755302, 11755302, 0
30.001038, 10.000009, 136, 121578, 583272.1, 582475, 866265, 1068929, 1225691, 1225691, 2
40.001076, 10.000038, 125, 81874, 628985.7, 620435, 987661, 1057117, 1341312, 1341312, 1
50.001054, 9.999978, 143, 89618, 563291.9, 548518, 885907, 981965, 996929, 996929, 1
60.001057, 10.000003, 131, 160535, 611266.1, 583541, 1041923, 1140861, 1350476, 1350476, 0
64.01807, 4.017013, 25, 81480, 597540.8, 583619, 1009125, 1074182, 1140861, 1140861, 0
