elapsed, window, n, min, mean, median, 95th, 99th, 99_9th, max, errors
10.000377, 10.000377, 0, 0, 0, 0, 0, 0, 0, 0, 0
20.001412, 10.001035, 93, 325007, 1683822.1, 842307, 10016851, 10492384, 10569896, 10569896, 1
30.001418, 10.000006, 99, 166325, 811541.7, 825017, 1298744, 1358595, 1470229, 1470229, 0
40.001551, 10.000133, 96, 3570, 830335.0, 835569, 1338455, 1516208, 1627671, 1627671, 0
50.001343, 9.999792, 90, 321881, 874623.8, 836599, 1201182, 1356780, 1381998, 1381998, 0
60.001312, 9.999969, 97, 166172, 820710.7, 833938, 1201182, 1341000, 1347665, 1347665, 0
64.008365, 4.007053, 20, 166172, 806407.2, 831707, 1304115, 1341000, 1347665, 1347665, 0
