elapsed, window, n, min, mean, median, 95th, 99th, 99_9th, max, errors
10.000665, 10.000665, 0, 0, 0, 0, 0, 0, 0, 0, 0
20.001673, 10.001008, 89, 167587, 1752728.0, 831987, 10571672, 11543645, 12103502, 12103502, 0
30.001721, 10.000048, 94, 171279, 848759.0, 836331, 1174494, 1340934, 1469482, 1469482, 0
40.00166, 9.999939, 100, 5700, 786707.4, 816457, 1153852, 1299952, 1324457, 1324457, 1
50.001807, 10.000147, 94, 161878, 835392.3, 828375, 1192393, 1324566, 1494751, 1494751, 2
60.001683, 9.999876, 98, 324246, 826945.0, 828375, 1187213, 1328565, 1339588, 1339588, 0
64.010737, 4.009054, 16, 324246, 841795.7, 822854, 1325064, 1339588, 1468496, 1468496, 0
