elapsed, window, n, min, mean, median, 95th, 99th, 99_9th, max, errors
10.000805, 10.000805, 35, 41011, 2224963.6, 716372, 7856878, 8115536, 8115536, 8115536, 0
20.001808, 10.001003, 116, 35757, 661710.9, 685925, 1129030, 1218429, 1273112, 1273112, 3
30.001816, 10.000008, 119, 69196, 677496.7, 665989, 1206199, 1355599, 1457662, 1457662, 2
40.001849, 10.000033, 123, 177956, 643564.7, 611349, 1143237, 1277085, 1327675, 1327675, 2
50.001874, 10.000025, 123, 36135, 641612.0, 617641, 1012695, 1351325, 1357938, 1357938, 1
60.001813, 9.999939, 120, 36549, 653345.4, 652984, 1094870, 1244231, 1425647, 1425647, 1
64.008831, 4.007018, 20, 212093, 669015.8, 669592, 1094870, 1244231, 1425647, 1425647, 0
