elapsed, window, n, min, mean, median, 95th, 99th, 99_9th, max, errors
10.000377, 10.000377, 0, 0, 0, 0, 0, 0, 0, 0, 0
20.001333, 10.000956, 78, 161299, 1953751.8, 849832, 11059626, 12060104, 12289115, 12289115, 3
30.001318, 9.999985, 90, 171527, 865414.8, 838724, 1289223, 1470872, 1519772, 1519772, 1
40.001329, 10.000011, 99, 327160, 826684.8, 814892, 1325777, 1495899, 1647030, 1647030, 0
50.001322, 9.999993, 97, 327328, 827850.6, 819897, 1300280, 1363417, 1479518, 1479518, 1
60.00132, 9.999998, 96, 164560, 812251.1, 822751, 1179620, 1355875, 1474301, 1474301, 0
64.008423, 4.007103, 18, 319565, 855063.2, 833987, 1179620, 1355875, 1479435, 1479435, 0
