elapsed, window, n, min, mean, median, 95th, 99th, 99_9th, max, errors
10.000791, 10.000791, 7, 317294, 6444677.9, 8847226, 9082068, 9082068, 9082068, 9082068, 1
20.002708, 10.001917, 120, 137009, 861469.3, 584371, 1997352, 10841599, 10978828, 10978828, 0
30.000799, 9.998091, 149, 136196, 538059.5, 526732, 788736, 897766, 1097338, 1097338, 2
40.001848, 10.001049, 146, 135859, 541662.0, 540536, 840667, 918805, 1097338, 1097338, 0
50.001778, 9.99993, 150, 3630, 533685.6, 526699, 843348, 964431, 1057363, 1057363, 1
60.001773, 9.999995, 148, 84578, 529454.5, 531528, 850324, 957292, 999427, 999427, 1
64.011843, 4.01007, 24, 84578, 543008.3, 540620, 865973, 993628, 999427, 999427, 0
