elapsed, window, n, min, mean, median, 95th, 99th, 99_9th, max, errors
10.000433, 10.000433, 0, 0, 0, 0, 0, 0, 0, 0, 0
20.00143, 10.000997, 120, 121554, 1193993.2, 579035, 4955891, 11205729, 12126586, 12126586, 0
30.001426, 9.999996, 147, 140389, 546055.4, 545586, 803548, 1046670, 1081425, 1081425, 2
40.001432, 10.000006, 146, 154283, 550737.6, 544864, 855508, 969421, 1127251, 1127251, 0
50.001449, 10.000017, 146, 74030, 541646.1, 551120, 849215, 923781, 925571, 925571, 0
60.001426, 9.999977, 147, 205427, 546908.7, 520341, 850212, 981086, 999949, 999949, 0
64.01046, 4.009034, 22, 122068, 539205.3, 523795, 850212, 981086, 999949, 999949, 1
