elapsed, window, n, min, mean, median, 95th, 99th, 99_9th, max, errors
10.000623, 10.000623, 6, 6974562, 8178229.3, 7797158, 8942573, 8942573, 8942573, 8942573, 0
20.003911, 10.003288, 122, 3523, 885977.5, 572974, 2325015, 10274424, 11415940, 11415940, 1
30.001617, 9.997706, 153, 124515, 520803.1, 525092, 799806, 853573, 972499, 972499, 0
40.001611, 9.999994, 145, 91206, 544334.6, 536019, 832366, 969888, 1012828, 1012828, 0
50.001615, 10.000004, 147, 3425, 537800.4, 549995, 822385, 935476, 955939, 955939, 1
60.001612, 9.999997, 148, 76203, 539458.7, 542321, 835490, 958745, 981584, 981584, 0
64.010667, 4.009055, 21, 76203, 551393.7, 552349, 837125, 930996, 981584, 981584, 0
