elapsed, window, n, min, mean, median, 95th, 99th, 99_9th, max, errors
10.000773, 10.000773, 0, 0, 0, 0, 0, 0, 0, 0, 0
20.00178, 10.001007, 83, 228586, 1435204.4, 888728, 3452433, 10105041, 11390450, 11390450, 1
30.001766, 9.999986, 84, 77870, 948090.4, 919298, 1758402, 1847344, 1969282, 1969282, 0
40.001827, 10.000061, 79, 78491, 970313.7, 920961, 1620893, 1796840, 1906898, 1906898, 1
50.005754, 10.003927, 91, 179125, 874637.6, 889546, 1466150, 1732383, 1732527, 1732527, 0
60.001789, 9.996035, 83, 152519, 954269.0, 925103, 1652837, 1823613, 1848484, 1848484, 2
64.010905, 4.009116, 17, 179097, 962591.4, 955743, 1687801, 1823613, 1848484, 1848484, 0
