elapsed, window, n, min, mean, median, 95th, 99th, 99_9th, max, errors
10.001166, 10.001166, 6, 7394917, 8512997.2, 7830479, 9702950, 9702950, 9702950, 9702950, 1
20.001141, 9.999975, 88, 84548, 1260403.4, 806159, 3134368, 10420810, 11707971, 11707971, 0
30.001138, 9.999997, 101, 86406, 787956.0, 765675, 1227283, 1365703, 1795895, 1795895, 1
40.001121, 9.999983, 103, 185705, 787528.1, 778973, 1259144, 1588169, 1592967, 1592967, 0
50.001121, 10.0, 100, 165296, 791684.7, 819268, 1143396, 1292493, 1360394, 1360394, 1
60.001117, 9.999996, 98, 183341, 809544.9, 833355, 1262474, 1456423, 1548201, 1548201, 1
64.008163, 4.007046, 17, 183341, 812950.8, 811530, 1262474, 1364295, 1548201, 1548201, 0
