elapsed, window, n, min, mean, median, 95th, 99th, 99_9th, max, errors
10.001279, 10.001279, 0, 0, 0, 0, 0, 0, 0, 0, 0
20.001182, 9.999903, 113, 73636, 1112796.2, 614209, 4205633, 11728062, 11992848, 11992848, 0
30.001196, 10.000014, 140, 211686, 565067.7, 549906, 859548, 1022692, 1053792, 1053792, 0
40.001099, 9.999903, 131, 143353, 599395.3, 599207, 928131, 1181446, 1199647, 1199647, 1
50.001131, 10.000032, 140, 72768, 569548.5, 548510, 951376, 1099292, 1183199, 1183199, 0
60.001081, 9.99995, 137, 141530, 581074.8, 566191, 921238, 1183199, 1191496, 1191496, 2
64.009121, 4.00804, 21, 175140, 611760.9, 587369, 983541, 1130078, 1191496, 1191496, 0
