elapsed, window, n, min, mean, median, 95th, 99th, 99_9th, max, errors
10.000777, 10.000777, 0, 0, 0, 0, 0, 0, 0, 0, 0
20.00178, 10.001003, 78, 167036, 1641976.3, 886912, 9310108, 12605321, 12848941, 12848941, 0
30.001789, 10.000009, 104, 167562, 783015.2, 795372, 1190707, 1328520, 1359678, 1359678, 0
40.001839, 10.00005, 92, 167562, 834577.3, 866309, 1311512, 1449254, 1495608, 1495608, 0
50.001831, 9.999992, 95, 185684, 838363.0, 835501, 1306960, 1412221, 1436472, 1436472, 1
60.001816, 9.999985, 96, 261568, 829511.9, 841757, 1154139, 1233474, 1368059, 1368059, 0
64.008869, 4.007053, 18, 171921, 828744.6, 841757, 1233474, 1398910, 1593593, 1593593, 0
