elapsed, window, n, min, mean, median, 95th, 99th, 99_9th, max, errors
10.001016, 10.001016, 8, 407631, 6176402.3, 5911441, 9966368, 9966368, 9966368, 9966368, 0
20.002625, 10.001609, 80, 151796, 1433326.2, 937049, 5332551, 11422572, 11559084, 11559084, 1
30.001105, 9.99848, 84, 153287, 933284.1, 883134, 1563901, 1851683, 1927732, 1927732, 1
40.001205, 10.0001, 82, 152554, 958626.8, 986148, 1601120, 1720454, 1754202, 1754202, 2
50.001008, 9.999803, 85, 256448, 946746.1, 939754, 1565778, 1653769, 2192904, 2192904, 1
60.002026, 10.001018, 79, 226382, 977495.1, 998331, 1577281, 1754396, 1991512, 1991512, 2
64.013045, 4.011019, 16, 179908, 1031466.9, 1055506, 1661674, 1991512, 2242300, 2242300, 0
