elapsed, window, n, min, mean, median, 95th, 99th, 99_9th, max, errors
10.00061, 10.00061, 9, 697551, 5140007.9, 4963418, 9242657, 9242657, 9242657, 9242657, 1
20.00175, 10.00114, 81, 327458, 1326436.5, 907499, 3985112, 10375002, 11147900, 11147900, 0
30.0016, 9.99985, 82, 151956, 976954.5, 939103, 1715710, 1850806, 1881384, 1881384, 0
40.001599, 9.999999, 86, 180239, 896330.3, 839413, 1630722, 1872111, 2122880, 2122880, 1
50.001619, 10.00002, 89, 227042, 900814.7, 900048, 1449481, 1617622, 1664009, 1664009, 2
60.001616, 9.999997, 85, 254945, 942744.4, 936361, 1577690, 1669962, 1798554, 1798554, 1
64.009727, 4.008111, 16, 254945, 938528.1, 995630, 1544848, 1651449, 1798554, 1798554, 0
