elapsed, window, n, min, mean, median, 95th, 99th, 99_9th, max, errors
10.000749, 10.000749, 5, 1992323, 7111547.0, 8557297, 8646296, 8646296, 8646296, 8646296, 0
20.001765, 10.001016, 84, 86036, 1441846.9, 828825, 3841180, 12115345, 12524826, 12524826, 0
30.001853, 10.000088, 95, 86373, 823541.8, 803039, 1311198, 1441508, 1580996, 1580996, 2
40.001727, 9.999874, 90, 174536, 881529.2, 895799, 1354304, 1444085, 1478750, 1478750, 0
50.001765, 10.000038, 88, 168416, 905216.2, 930796, 1339450, 1482129, 1698814, 1698814, 1
60.001756, 9.999991, 98, 168713, 834441.7, 821720, 1348918, 1604456, 1698814, 1698814, 1
64.008772, 4.007016, 17, 168713, 813422.0, 815037, 1281696, 1408665, 1604456, 1604456, 0
