elapsed, window, n, min, mean, median, 95th, 99th, 99_9th, max, errors
10.000208, 10.000208, 7, 1120339, 6608038.4, 7451117, 9932544, 9932544, 9932544, 9932544, 0
20.00121, 10.001002, 111, 4241, 1083446.9, 583115, 5348760, 11871721, 11922539, 11922539, 0
30.001288, 10.000078, 127, 109465, 623360.7, 595289, 960749, 1130484, 1284499, 1284499, 0
40.001218, 9.99993, 135, 4248, 578947.0, 567257, 911323, 1038748, 1096064, 1096064, 3
50.001325, 10.000107, 129, 111775, 614151.0, 598018, 919620, 989404, 1214170, 1214170, 1
60.001194, 9.999869, 139, 77467, 582412.4, 580536, 911074, 1102342, 1174719, 1174719, 1
64.012263, 4.011069, 20, 77467, 580718.0, 576152, 875414, 1025870, 1174719, 1174719, 0
