elapsed, window, n, min, mean, median, 95th, 99th, 99_9th, max, errors
10.000633, 10.000633, 431, 151484, 163189.0, 158424, 168699, 313951, 314111, 314111, 114
20.001699, 10.001066, 453, 151457, 159584.3, 158941, 165634, 173847, 190753, 190753, 111
30.001629, 9.99993, 444, 151340, 159849.7, 159308, 165154, 168658, 216437, 216437, 114
40.001644, 10.000015, 440, 151286, 159314.5, 158494, 166149, 175643, 217785, 217785, 129
50.001708, 10.000064, 446, 151399, 160394.4, 159255, 167367, 176231, 258252, 258252, 111
60.001805, 10.000097, 443, 151346, 159824.3, 158589, 165008, 201695, 249771, 249771, 102
64.010701, 4.008896, 51, 151346, 159966.8, 158588, 164842, 208880, 249771, 249771, 10
