elapsed, window, n, min, mean, median, 95th, 99th, 99_9th, max, errors
10.000623, 10.000623, 452, 84613, 152569.9, 158234, 171145, 214314, 303644, 303644, 114
20.001615, 10.000992, 466, 84562, 153447.1, 158488, 164566, 174449, 185912, 193678, 100
30.001611, 9.999996, 466, 84588, 152774.6, 158291, 166998, 184937, 191951, 203937, 102
40.001654, 10.000043, 469, 84631, 149770.2, 158259, 164432, 180463, 192102, 200480, 112
50.001622, 9.999968, 450, 84661, 153319.2, 158452, 165529, 181356, 198305, 198305, 125
60.001609, 9.999987, 456, 84625, 152375.6, 158512, 165521, 185801, 192385, 192385, 133
64.009671, 4.008062, 53, 84625, 152562.9, 158633, 167241, 187134, 197118, 197118, 12
