elapsed, window, n, min, mean, median, 95th, 99th, 99_9th, max, errors
10.0007, 10.0007, 441, 151610, 159550.5, 158606, 165101, 210678, 236065, 236065, 111
20.001699, 10.000999, 435, 151574, 159658.4, 158617, 165737, 177026, 296746, 296746, 129
30.001714, 10.000015, 437, 151673, 160238.4, 158878, 166646, 180804, 298307, 298307, 129
40.001697, 9.999983, 436, 151704, 159655.4, 158714, 163746, 198629, 235382, 235382, 132
50.001698, 10.000001, 439, 151617, 158896.8, 158684, 164112, 174159, 204043, 204043, 121
60.001698, 10.0, 445, 151709, 159643.4, 158751, 164739, 212480, 226999, 226999, 107
64.009778, 4.00808, 51, 151709, 159716.6, 158760, 164800, 219628, 225015, 225015, 7
