elapsed, window, n, min, mean, median, 95th, 99th, 99_9th, max, errors
10.000379, 10.000379, 65, 7496, 1085932.7, 372107, 4497552, 6249573, 7226496, 7226496, 0
20.001367, 10.000988, 205, 4840, 426590.9, 323746, 1057491, 2002462, 2049180, 2049180, 1
30.00136, 9.999993, 226, 4744, 345435.6, 320650, 673995, 854711, 1043306, 1043306, 5
40.00136, 10.0, 224, 12481, 353334.7, 323524, 643160, 783951, 938691, 938691, 4
50.001382, 10.000022, 224, 6025, 356643.1, 323519, 680602, 826621, 935559, 935559, 3
60.001369, 9.999987, 219, 5175, 351262.3, 323604, 648232, 886453, 932987, 932987, 5
64.008395, 4.007026, 35, 5175, 339854.7, 315332, 643127, 854265, 896122, 896122, 1
