elapsed, window, n, min, mean, median, 95th, 99th, 99_9th, max, errors
10.000839, 10.000839, 76, 4550, 1003626.5, 364870, 5329573, 6363113, 6505976, 6505976, 2
20.001827, 10.000988, 213, 7806, 362599.4, 323716, 673707, 990888, 1447717, 1447717, 6
30.001842, 10.000015, 216, 4901, 361647.7, 323698, 646049, 929738, 1076827, 1076827, 5
40.001816, 9.999974, 228, 4603, 345143.4, 323705, 639841, 861291, 929526, 929526, 3
50.001823, 10.000007, 215, 4621, 362466.1, 323902, 675295, 817208, 916592, 916592, 4
60.001818, 9.999995, 211, 4779, 370379.5, 323759, 720727, 886293, 1031895, 1031895, 2
64.007853, 4.006035, 32, 4779, 367452.5, 323749, 720727, 957223, 1209651, 1209651, 0
