elapsed, window, n, min, mean, median, 95th, 99th, 99_9th, max, errors
10.001119, 10.001119, 15, 172422, 3717315.5, 3573406, 7392460, 7394464, 7394464, 7394464, 0
20.001094, 9.999975, 160, 4428, 649246.0, 330489, 2287073, 4726016, 7779656, 7779656, 1
30.001076, 9.999982, 249, 4239, 321893.1, 328237, 512875, 654261, 682504, 682504, 1
40.001081, 10.000005, 245, 4414, 326728.6, 328080, 518498, 660236, 820840, 820840, 0
50.001092, 10.000011, 248, 4200, 319055.8, 327400, 536576, 828115, 1015836, 1015836, 0
60.001169, 10.000077, 265, 4090, 306984.8, 326704, 514075, 666938, 694778, 694778, 1
64.013152, 4.011983, 30, 4384, 309319.3, 327109, 514490, 692570, 815750, 815750, 1
