elapsed, window, n, min, mean, median, 95th, 99th, 99_9th, max, errors
10.000765, 10.000765, 15, 120987, 3132202.6, 1630400, 7297764, 8885367, 8885367, 8885367, 0
20.001603, 10.000838, 175, 4166, 637414.6, 326698, 2177752, 6628253, 11963557, 11963557, 0
30.001554, 9.999951, 246, 4111, 321297.2, 325514, 641806, 682509, 968039, 968039, 1
40.001559, 10.000005, 244, 4073, 323244.8, 326160, 514613, 817933, 984313, 984313, 4
50.001558, 9.999999, 242, 4193, 331075.4, 327815, 650718, 712222, 816593, 816593, 1
60.001554, 9.999996, 255, 3998, 315389.1, 325571, 526183, 665953, 838343, 838343, 0
64.009581, 4.008027, 28, 3998, 321912.8, 328167, 526502, 668514, 838343, 838343, 1
