elapsed, window, n, min, mean, median, 95th, 99th, 99_9th, max, errors
10.000849, 10.000849, 15, 319196, 3233165.9, 2223731, 5844453, 7161016, 7161016, 7161016, 0
20.001871, 10.001022, 162, 4123, 738862.3, 327693, 2224536, 7381426, 10941818, 10941818, 1
30.001873, 10.000002, 261, 4123, 302380.8, 325506, 501832, 653627, 978467, 978467, 1
40.001846, 9.999973, 251, 4052, 317974.8, 326259, 526646, 669150, 684288, 684288, 3
50.001859, 10.000013, 244, 3977, 319240.0, 326268, 529517, 688001, 811949, 811949, 4
60.001841, 9.999982, 251, 4161, 318231.5, 326227, 517799, 677706, 810911, 810911, 2
64.011876, 4.010035, 35, 4161, 320300.1, 326405, 529257, 747536, 810911, 810911, 1
