elapsed, window, n, min, mean, median, 95th, 99th, 99_9th, max, errors
10.000647, 10.000647, 7, 286433, 3906514.3, 4897623, 8808466, 8808466, 8808466, 8808466, 0
20.00162, 10.000973, 185, 4094, 709123.8, 330466, 2271669, 10426902, 10714213, 10714213, 0
30.001615, 9.999995, 255, 4095, 308159.5, 328724, 560720, 792477, 813126, 813126, 3
40.001614, 9.999999, 247, 6165, 321131.5, 330717, 581216, 672805, 795940, 795940, 3
50.001623, 10.000009, 248, 4008, 316563.5, 330582, 578110, 778230, 793503, 793503, 2
60.001618, 9.999995, 259, 4006, 313003.3, 330606, 513118, 649704, 961215, 961215, 0
64.008656, 4.007038, 29, 4006, 317038.0, 329299, 563816, 724058, 961215, 961215, 1
