elapsed, window, n, min, mean, median, 95th, 99th, 99_9th, max, errors
10.000483, 10.000483, 19, 1013417, 3035752.4, 2390658, 5031699, 7499709, 7499709, 7499709, 2
20.001545, 10.001062, 193, 4189, 502768.5, 324512, 2161852, 4051069, 5516597, 5516597, 1
30.001571, 10.000026, 275, 4248, 293477.5, 324430, 460678, 586405, 669331, 669331, 0
40.001447, 9.999876, 282, 4263, 279040.8, 276303, 457057, 591870, 726536, 726536, 4
50.00143, 9.999983, 278, 4180, 290242.2, 324291, 488099, 533533, 672626, 672626, 0
60.001432, 10.000002, 280, 4284, 283847.3, 297190, 454051, 703523, 895322, 895322, 0
64.010465, 4.009033, 38, 4284, 278756.4, 278505, 454051, 664499, 760330, 760330, 0
