elapsed, window, n, min, mean, median, 95th, 99th, 99_9th, max, errors
10.000713, 10.000713, 6, 628900, 2540910.0, 743723, 7898710, 7898710, 7898710, 7898710, 0
20.001723, 10.00101, 181, 3966, 782999.6, 326570, 661161, 12908914, 12997457, 12997457, 3
30.001711, 9.999988, 264, 4682, 303111.8, 326675, 564221, 765797, 826717, 826717, 1
40.001703, 9.999992, 258, 4081, 311131.1, 327869, 562547, 709962, 905485, 905485, 1
50.001719, 10.000016, 247, 4418, 319575.1, 327966, 611719, 736970, 996376, 996376, 3
60.001703, 9.999984, 253, 4164, 307490.6, 328002, 558213, 728352, 959286, 959286, 3
64.008743, 4.00704, 33, 4164, 316946.7, 329281, 565094, 821037, 971022, 971022, 1
