elapsed, window, n, min, mean, median, 95th, 99th, 99_9th, max, errors
10.000807, 10.000807, 29, 3896, 2247894.5, 776523, 7207898, 9562699, 9562699, 9562699, 0
20.001697, 10.00089, 142, 3602, 640160.9, 416923, 1720192, 3152112, 10648850, 10648850, 1
30.001696, 9.999999, 195, 3602, 400489.4, 415207, 749829, 919415, 1063357, 1063357, 1
40.001702, 10.000006, 184, 3876, 433686.9, 415589, 858379, 1097281, 1242300, 1242300, 0
50.001704, 10.000002, 185, 3638, 433673.0, 415627, 860838, 1138194, 1190788, 1190788, 2
60.001742, 10.000038, 198, 3638, 398595.8, 384338, 865005, 1069942, 1267865, 1267865, 2
64.009774, 4.008032, 24, 3819, 416719.7, 413214, 932166, 1069942, 1267865, 1267865, 3
