elapsed, window, n, min, mean, median, 95th, 99th, 99_9th, max, errors
10.000184, 10.000184, 12, 236737, 5562282.2, 6733986, 8496570, 9272963, 9272963, 9272963, 0
20.001198, 10.001014, 117, 76734, 754346.7, 515270, 2222628, 3503325, 4808464, 4808464, 3
30.001186, 9.999988, 141, 83318, 569671.6, 523407, 1067551, 1237309, 1343765, 1343765, 1
40.001214, 10.000028, 164, 6232, 488364.0, 418291, 993921, 1141703, 1220905, 1220905, 2
50.001217, 10.000003, 158, 3878, 486388.4, 420345, 920330, 1078694, 1248925, 1248925, 4
60.001285, 10.000068, 147, 91645, 535737.9, 421626, 1039881, 1166351, 1479278, 1479278, 2
64.010241, 4.008956, 24, 90909, 541570.7, 421626, 1074300, 1313891, 1479278, 1479278, 1
