elapsed, window, n, min, mean, median, 95th, 99th, 99_9th, max, errors
10.000679, 10.000679, 22, 12343, 2701818.6, 1703775, 5622451, 6575364, 6575364, 6575364, 0
20.00166, 10.000981, 144, 4615, 665536.5, 416146, 1881509, 4637392, 5263855, 5263855, 3
30.001774, 10.000114, 186, 4881, 425863.2, 416575, 764479, 934371, 1179770, 1179770, 2
40.00166, 9.999886, 217, 3792, 368831.8, 353566, 698751, 967896, 1004174, 1004174, 0
50.001753, 10.000093, 185, 4057, 422158.8, 413537, 794906, 1074257, 1567550, 1567550, 1
60.001631, 9.999878, 197, 3749, 396859.2, 413239, 698238, 930448, 940840, 940840, 6
64.008653, 4.007022, 30, 3749, 408417.3, 415320, 836102, 930448, 932205, 932205, 0
