elapsed, window, n, min, mean, median, 95th, 99th, 99_9th, max, errors
10.001167, 10.001167, 10, 15901, 2679924.2, 625721, 9518465, 9518465, 9518465, 9518465, 0
20.001228, 10.000061, 172, 4801, 788049.2, 330723, 1388700, 11446203, 12036466, 12036466, 1
30.002212, 10.000984, 251, 4323, 318551.9, 330588, 578182, 725371, 731053, 731053, 2
40.001265, 9.999053, 247, 7921, 320444.6, 330608, 579817, 675271, 793965, 793965, 3
50.001207, 9.999942, 256, 4147, 299562.9, 326012, 561885, 648482, 803738, 803738, 7
60.001164, 9.999957, 253, 3943, 316907.7, 329341, 580319, 793176, 833209, 833209, 2
64.012197, 4.011033, 32, 3943, 319653.8, 329341, 565104, 743112, 833209, 833209, 0
