elapsed, window, n, min, mean, median, 95th, 99th, 99_9th, max, errors
10.001, 10.001, 13, 416877, 5223100.7, 3443944, 9974057, 9977013, 9977013, 9977013, 0
20.001987, 10.000987, 179, 6582, 773964.5, 420205, 851669, 9973791, 9977013, 9977013, 2
30.001996, 10.000009, 188, 3334, 418231.4, 417427, 676757, 862329, 987234, 987234, 2
40.00203, 10.000034, 198, 3731, 398937.9, 413085, 669021, 855461, 1029354, 1029354, 1
50.001002, 9.998972, 197, 10187, 405257.5, 413085, 677587, 855085, 1138663, 1138663, 1
60.001975, 10.000973, 191, 3484, 415737.1, 418137, 689059, 995484, 1138663, 1138663, 2
64.009042, 4.007067, 28, 3768, 408147.8, 417771, 677791, 973296, 1011927, 1011927, 0
