elapsed, window, n, min, mean, median, 95th, 99th, 99_9th, max, errors
10.000235, 10.000235, 9, 477764, 6272556.6, 7874067, 9762705, 9762705, 9762705, 9762705, 0
20.00121, 10.000975, 184, 3734, 547644.9, 418082, 827641, 1413820, 10365008, 10365008, 2
30.001196, 9.999986, 193, 3522, 407601.2, 413933, 667582, 811512, 997298, 997298, 3
40.001216, 10.00002, 190, 70977, 416259.5, 413159, 674588, 840297, 1052316, 1052316, 1
50.001221, 10.000005, 201, 3486, 394553.6, 373916, 676704, 832051, 835636, 835636, 3
60.001205, 9.999984, 190, 7867, 415533.8, 418259, 664223, 695024, 836485, 836485, 2
64.012248, 4.011043, 29, 7867, 406828.8, 418286, 664223, 695024, 833387, 833387, 0
