elapsed, window, n, min, mean, median, 95th, 99th, 99_9th, max, errors
10.000959, 10.000959, 64, 68868, 1205040.7, 324174, 6816639, 7289349, 8026926, 8026926, 1
20.00197, 10.001011, 220, 4592, 360921.3, 314538, 655814, 1503122, 1756343, 1756343, 3
30.001964, 9.999994, 218, 4661, 361095.2, 323523, 676381, 874892, 1061222, 1061222, 3
40.001958, 9.999994, 223, 4507, 352917.9, 323596, 644644, 791293, 820459, 820459, 3
50.00196, 10.000002, 221, 4431, 356994.0, 323679, 666481, 828051, 1071810, 1071810, 2
60.001957, 9.999997, 230, 5100, 343233.4, 323668, 605160, 754045, 1039881, 1039881, 3
64.008029, 4.006072, 33, 5100, 336276.2, 323610, 642686, 910911, 1312412, 1312412, 1
