elapsed, window, n, min, mean, median, 95th, 99th, 99_9th, max, errors
10.001057, 10.001057, 8, 420385, 4857701.9, 1792483, 9741115, 9741115, 9741115, 9741115, 0
20.001049, 9.999992, 182, 68326, 646154.2, 418851, 838569, 10346875, 10621786, 10621786, 4
30.001045, 9.999996, 190, 3323, 422117.6, 418594, 681229, 973341, 1359604, 1359604, 1
40.001043, 9.999998, 194, 3481, 411299.1, 418286, 670344, 842031, 1008819, 1008819, 3
50.001051, 10.000008, 195, 3382, 398350.9, 417261, 661685, 821169, 827271, 827271, 3
60.001046, 9.999995, 191, 3347, 414835.1, 417473, 677684, 817360, 994559, 994559, 1
64.010094, 4.009048, 30, 70686, 404425.6, 417208, 677684, 811378, 838796, 838796, 0
