elapsed, window, n, min, mean, median, 95th, 99th, 99_9th, max, errors
10.000164, 10.000164, 19, 931944, 3681783.5, 3730578, 7566018, 8366937, 8366937, 8366937, 0
20.001168, 10.001004, 219, 6756, 443746.1, 333855, 931944, 4398865, 6745008, 6745008, 2
30.001211, 10.000043, 260, 3342, 304410.5, 331358, 466304, 604215, 724154, 724154, 2
40.001222, 10.000011, 251, 3559, 314537.1, 333437, 490170, 658032, 731742, 731742, 2
50.001162, 9.99994, 269, 3221, 296554.6, 325693, 418663, 573561, 627388, 627388, 0
60.001162, 10.0, 254, 47116, 313121.3, 332155, 470383, 555296, 704242, 704242, 2
64.009201, 4.008039, 31, 47116, 316934.5, 334991, 505312, 630476, 704242, 704242, 0
