elapsed, window, n, min, mean, median, 95th, 99th, 99_9th, max, errors
10.000531, 10.000531, 12, 1027464, 5953571.1, 4719533, 8864463, 9009502, 9009502, 9009502, 0
20.001269, 10.000738, 238, 3770, 374202.1, 349116, 715257, 1693968, 3226605, 3226605, 0
30.00124, 9.999971, 262, 3459, 305763.8, 327618, 472249, 587724, 666871, 666871, 2
40.001244, 10.000004, 262, 3752, 302542.6, 332755, 464349, 537574, 784761, 784761, 3
50.001244, 10.0, 255, 3239, 305346.8, 334292, 446630, 591866, 685387, 685387, 4
60.00124, 9.999996, 272, 3522, 294931.6, 326035, 475620, 547649, 759058, 759058, 0
64.009306, 4.008066, 35, 3522, 296814.9, 310360, 475677, 547649, 759058, 759058, 1
