elapsed, window, n, min, mean, median, 95th, 99th, 99_9th, max, errors
10.001147, 10.001147, 16, 1407038, 4627350.8, 4227838, 8808845, 9540712, 9540712, 9540712, 0
20.001145, 9.999998, 234, 3308, 403283.4, 336291, 655798, 2299066, 9540712, 9540712, 5
30.001158, 10.000013, 262, 3631, 304934.5, 332490, 445017, 515723, 580208, 580208, 0
40.001229, 10.000071, 259, 3459, 302395.5, 331680, 458131, 558375, 656649, 656649, 4
50.001136, 9.999907, 264, 3528, 301656.5, 332418, 447775, 521700, 700392, 700392, 0
60.001148, 10.000012, 265, 3593, 297438.0, 328509, 445109, 578154, 617900, 617900, 2
64.010185, 4.009037, 32, 3593, 305577.2, 331938, 465249, 578851, 617900, 617900, 1
