elapsed, window, n, min, mean, median, 95th, 99th, 99_9th, max, errors
10.002646, 10.002646, 21, 8457, 3526800.6, 2212717, 8284428, 8291158, 8291158, 8291158, 1
20.000958, 9.998312, 188, 5751, 476526.8, 328163, 1690500, 2250676, 3981437, 3981437, 1
30.001961, 10.001003, 211, 86426, 374742.8, 326949, 699318, 825978, 950835, 950835, 3
40.001958, 9.999997, 207, 5785, 383309.3, 328967, 747909, 860419, 951968, 951968, 2
50.002022, 10.000064, 218, 5799, 355376.6, 324924, 663363, 986879, 1002407, 1002407, 3
60.001986, 9.999964, 199, 5620, 402900.9, 330106, 765799, 975808, 1138873, 1138873, 1
64.008984, 4.006998, 28, 5860, 398488.7, 329223, 753388, 877257, 1078035, 1078035, 0
