elapsed, window, n, min, mean, median, 95th, 99th, 99_9th, max, errors
10.000716, 10.000716, 26, 7974, 2745308.5, 2019111, 7857443, 9374964, 9374964, 9374964, 0
20.001711, 10.000995, 192, 4124, 465724.7, 326619, 1285366, 2131999, 3681504, 3681504, 1
30.00171, 9.999999, 205, 67715, 393026.5, 326556, 765569, 980372, 1125813, 1125813, 0
40.001702, 9.999992, 209, 3973, 377043.0, 326791, 695695, 806810, 960743, 960743, 2
50.001707, 10.000005, 214, 4253, 358360.5, 324843, 640766, 774129, 816498, 816498, 5
60.001824, 10.000117, 208, 4067, 388053.1, 324928, 814815, 1051644, 1350899, 1350899, 2
64.012746, 4.010922, 26, 4067, 414323.7, 326385, 954239, 1101277, 1350899, 1350899, 0
