elapsed, window, n, min, mean, median, 95th, 99th, 99_9th, max, errors
10.000861, 10.000861, 15, 403536, 3966720.7, 4278541, 7205498, 7892073, 7892073, 7892073, 0
20.001877, 10.001016, 156, 8402, 629547.9, 402651, 2105764, 5626582, 5979814, 5979814, 3
30.002124, 10.000247, 168, 4280, 465906.6, 403404, 881544, 1300736, 1340171, 1340171, 1
40.001879, 9.999755, 186, 4164, 421931.1, 401519, 780923, 960726, 1122226, 1122226, 6
50.002005, 10.000126, 188, 4437, 420702.6, 403127, 815991, 962835, 1101786, 1101786, 2
60.001887, 9.999882, 185, 3970, 422387.7, 403221, 749491, 953247, 1056548, 1056548, 1
64.00892, 4.007033, 23, 32951, 448475.4, 403349, 801144, 1033640, 1056548, 1056548, 0
