elapsed, window, n, min, mean, median, 95th, 99th, 99_9th, max, errors
10.000844, 10.000844, 15, 313354, 3588969.3, 3120376, 7931076, 8113123, 8113123, 8113123, 0
20.001883, 10.001039, 179, 6531, 574254.3, 328811, 1828137, 4412127, 10095550, 10095550, 3
30.001834, 9.999951, 204, 4697, 383934.0, 328439, 698269, 869011, 1254591, 1254591, 4
40.001856, 10.000022, 214, 7581, 379546.2, 328497, 716275, 870867, 1150245, 1150245, 1
50.001841, 9.999985, 203, 4842, 385749.8, 329477, 686242, 869037, 890955, 890955, 3
60.001913, 10.000072, 215, 4560, 368583.1, 324887, 722973, 950068, 1052716, 1052716, 3
64.013864, 4.011951, 27, 4560, 383229.0, 326048, 723547, 950068, 1052716, 1052716, 0
