elapsed, window, n, min, mean, median, 95th, 99th, 99_9th, max, errors
10.000359, 10.000359, 25, 108111, 2385893.8, 2473156, 6828205, 6829684, 6829684, 6829684, 0
20.00136, 10.001001, 171, 4076, 574428.9, 324957, 2170419, 5007519, 6214372, 6214372, 2
30.001344, 9.999984, 261, 4381, 303376.1, 324515, 520307, 589708, 687318, 687318, 4
40.001375, 10.000031, 268, 4257, 290742.0, 290698, 505080, 658694, 691705, 691705, 9
50.001398, 10.000023, 267, 4184, 298295.3, 324396, 506093, 636723, 777295, 777295, 4
60.001323, 9.999925, 268, 4381, 298535.1, 324431, 545798, 656951, 777295, 777295, 3
64.014355, 4.013032, 36, 4500, 291909.2, 320823, 517956, 594685, 717907, 717907, 0
