elapsed, window, n, min, mean, median, 95th, 99th, 99_9th, max, errors
10.001131, 10.001131, 21, 109164, 2535752.0, 1557023, 5897832, 7698126, 7698126, 7698126, 0
20.006893, 10.005762, 197, 49763, 525865.3, 324872, 1560142, 5603192, 10213922, 10213922, 1
30.001278, 9.994385, 268, 4353, 294353.9, 324461, 499713, 646637, 764955, 764955, 3
40.001068, 9.99979, 268, 4115, 300530.6, 324693, 506175, 614882, 675642, 675642, 1
50.001056, 9.999988, 276, 4223, 287241.6, 319686, 488801, 568750, 690983, 690983, 2
60.001034, 9.999978, 269, 4310, 298780.2, 324394, 507327, 692439, 801498, 801498, 2
64.009058, 4.008024, 34, 7275, 293355.9, 318751, 506050, 729049, 801498, 801498, 0
