elapsed, window, n, min, mean, median, 95th, 99th, 99_9th, max, errors
10.000436, 10.000436, 9, 428033, 5142334.2, 4873369, 9637008, 9637008, 9637008, 9637008, 0
20.001403, 10.000967, 152, 12458, 813051.2, 403193, 2212041, 9637008, 10576799, 10576799, 1
30.00147, 10.000067, 175, 15962, 442898.4, 401972, 832931, 981948, 1137670, 1137670, 3
40.001415, 9.999945, 173, 4071, 444029.7, 402073, 830909, 1068199, 1204736, 1204736, 5
50.001458, 10.000043, 172, 14731, 468076.9, 402564, 900508, 1154941, 1376983, 1376983, 0
60.001403, 9.999945, 176, 13770, 445842.3, 401961, 893265, 1216983, 1296206, 1296206, 1
64.009465, 4.008062, 27, 13770, 462630.4, 401961, 906131, 1220765, 1296206, 1296206, 0
