elapsed, window, n, min, mean, median, 95th, 99th, 99_9th, max, errors
10.00101, 10.00101, 14, 79204, 3291135.6, 4297010, 4749476, 7502617, 7502617, 7502617, 0
20.002054, 10.001044, 160, 3971, 680087.0, 403317, 1670339, 5516311, 10263623, 10263623, 5
30.002015, 9.999961, 183, 12008, 425477.5, 401940, 818884, 1103658, 1349881, 1349881, 1
40.002051, 10.000036, 174, 4055, 455453.8, 403525, 831213, 1232257, 1325954, 1325954, 4
50.001001, 9.99895, 191, 7576, 418495.0, 401966, 822927, 1023368, 1303020, 1303020, 1
60.001996, 10.000995, 182, 7615, 434196.0, 402129, 799883, 1145141, 1243765, 1243765, 0
64.01206, 4.010064, 27, 77842, 462885.3, 403354, 900527, 1243765, 1346655, 1346655, 1
