elapsed, window, n, min, mean, median, 95th, 99th, 99_9th, max, errors
10.000616, 10.000616, 29, 216869, 2332932.6, 2011847, 5961559, 6523635, 6523635, 6523635, 1
20.001615, 10.000999, 101, 216742, 818341.7, 594769, 3172928, 3455043, 3546766, 3546766, 1
30.001604, 9.999989, 143, 216814, 568313.3, 542726, 928798, 1106182, 1173078, 1173078, 0
40.0016, 9.999996, 140, 216782, 564378.9, 542354, 924411, 1314452, 1594655, 1594655, 2
50.001637, 10.000037, 143, 216773, 561120.6, 560746, 953908, 1108430, 1206165, 1206165, 1
60.001601, 9.999964, 128, 216847, 595934.7, 564932, 990212, 1141562, 1242123, 1242123, 7
64.010643, 4.009042, 23, 216894, 617252.4, 567691, 990212, 1212545, 1242123, 1242123, 1
