elapsed, window, n, min, mean, median, 95th, 99th, 99_9th, max, errors
10.000824, 10.000824, 51, 217225, 1501790.8, 1064904, 4989251, 5135614, 6248984, 6248984, 1
20.002045, 10.001221, 127, 217208, 629103.3, 546406, 1706533, 2024905, 2033588, 2033588, 0
30.001525, 9.99948, 141, 217210, 553304.2, 534637, 959448, 1134461, 1238038, 1238038, 1
40.001528, 10.000003, 146, 217175, 547444.5, 534855, 911464, 1175104, 1314584, 1314584, 2
50.001529, 10.000001, 143, 217269, 557144.9, 535219, 896421, 1040761, 1054822, 1054822, 2
60.001531, 10.000002, 144, 217269, 543082.4, 536482, 895779, 1144115, 1171144, 1171144, 4
64.008561, 4.00703, 21, 217288, 575259.0, 538278, 960267, 1171144, 1311878, 1311878, 0
