elapsed, window, n, min, mean, median, 95th, 99th, 99_9th, max, errors
10.000468, 10.000468, 6, 1128272, 2871792.0, 1430718, 6601222, 6601222, 6601222, 6601222, 1
20.001496, 10.001028, 99, 167244, 1442850.2, 528156, 9279599, 13876555, 13890173, 13890173, 1
30.001594, 10.000098, 145, 167221, 545255.6, 509681, 950412, 1002175, 1140528, 1140528, 2
40.001463, 9.999869, 143, 167099, 547903.5, 529432, 848772, 977999, 1138033, 1138033, 1
50.001508, 10.000045, 149, 167293, 532497.4, 507796, 844515, 984207, 1149194, 1149194, 2
60.001488, 9.99998, 145, 167276, 543410.1, 526351, 854347, 985162, 1005396, 1005396, 1
64.012521, 4.011033, 23, 167386, 565946.1, 526351, 854347, 1005396, 1007209, 1007209, 0
