elapsed, window, n, min, mean, median, 95th, 99th, 99_9th, max, errors
10.000965, 10.000965, 12, 490196, 2834657.3, 2251084, 6461313, 7945871, 7945871, 7945871, 0
20.001976, 10.001011, 93, 164998, 1251216.7, 523793, 5662323, 12047341, 14211273, 14211273, 1
30.00197, 9.999994, 143, 164830, 556169.9, 526137, 967818, 1010498, 1146709, 1146709, 1
40.001972, 10.000002, 145, 164985, 550947.8, 508063, 848571, 1144879, 1464846, 1464846, 2
50.001969, 9.999997, 147, 164960, 549587.0, 529262, 841405, 1007834, 1295328, 1295328, 2
60.001917, 9.999948, 143, 164942, 554320.1, 511114, 867767, 999262, 1145737, 1145737, 1
64.007983, 4.006066, 22, 166105, 596017.3, 644523, 833860, 999262, 1145737, 1145737, 0
