elapsed, window, n, min, mean, median, 95th, 99th, 99_9th, max, errors
10.000989, 10.000989, 6, 323483, 4932313.2, 5238058, 8124627, 8124627, 8124627, 8124627, 1
20.001974, 10.000985, 96, 165003, 1317668.8, 548394, 6869639, 11916888, 12531609, 12531609, 0
30.001969, 9.999995, 143, 164868, 556131.2, 514671, 869821, 1013761, 1164555, 1164555, 0
40.002027, 10.000058, 147, 164956, 548155.1, 523530, 829348, 1046455, 1169619, 1169619, 2
50.001998, 9.999971, 146, 164956, 548129.9, 525778, 977855, 983751, 1141630, 1141630, 1
60.002005, 10.000007, 142, 164863, 565213.6, 527153, 961891, 990521, 991546, 991546, 2
64.01402, 4.012015, 24, 164863, 540502.7, 511278, 963193, 983328, 990521, 990521, 0
