elapsed, window, n, min, mean, median, 95th, 99th, 99_9th, max, errors
10.00056, 10.00056, 0, 0, 0, 0, 0, 0, 0, 0, 0
20.001599, 10.001039, 97, 327122, 1460210.0, 506041, 12381891, 13143889, 13310911, 13310911, 2
30.001548, 9.999949, 148, 327073, 520609.2, 481069, 853003, 988209, 1138564, 1138564, 2
40.001548, 10.0, 145, 327235, 559385.8, 572667, 860474, 1007371, 1372515, 1372515, 0
50.001547, 9.999999, 143, 327120, 555783.3, 569377, 900890, 985225, 1283479, 1283479, 1
60.00161, 10.000063, 146, 327198, 543847.8, 562435, 811197, 902285, 1066158, 1066158, 1
64.010626, 4.009016, 24, 327198, 552536.5, 571313, 829951, 902285, 1046496, 1046496, 0
