elapsed, window, n, min, mean, median, 95th, 99th, 99_9th, max, errors
10.000904, 10.000904, 19, 172013, 3485109.8, 1640750, 9888942, 9889115, 9889115, 9889115, 0
20.001997, 10.001093, 112, 171890, 1055218.8, 579551, 2799056, 9888942, 9889115, 9889115, 3
30.001885, 9.999888, 158, 171591, 507349.7, 498340, 819111, 949537, 950745, 950745, 3
40.00189, 10.000005, 162, 171577, 490539.7, 497182, 812363, 915552, 1211031, 1211031, 1
50.001902, 10.000012, 158, 171577, 488905.7, 496104, 831246, 1094802, 1153531, 1153531, 3
60.001886, 9.999984, 153, 171633, 533219.0, 504032, 901058, 1016084, 1089449, 1089449, 2
64.012926, 4.01104, 24, 171633, 528309.0, 504760, 872569, 1016084, 1016874, 1016874, 0
