elapsed, window, n, min, mean, median, 95th, 99th, 99_9th, max, errors
10.000964, 10.000964, 6, 336553, 1963774.2, 470383, 8517301, 8517301, 8517301, 8517301, 0
20.001839, 10.000875, 97, 327026, 1495512.0, 470101, 12493934, 13554153, 14138462, 14138462, 1
30.00189, 10.000051, 140, 327208, 574711.4, 574918, 988544, 1150124, 1159338, 1159338, 2
40.001885, 9.999995, 147, 327179, 544150.0, 468443, 948908, 1079698, 1790155, 1790155, 0
50.001948, 10.000063, 140, 327102, 570688.3, 532970, 936947, 1229037, 1479178, 1479178, 1
60.001942, 9.999994, 145, 327138, 556018.7, 505811, 902233, 1039082, 1147626, 1147626, 0
64.009852, 4.00791, 23, 327138, 550351.4, 505811, 903373, 1144558, 1147626, 1147626, 0
