elapsed, window, n, min, mean, median, 95th, 99th, 99_9th, max, errors
10.000994, 10.000994, 11, 349319, 2480860.8, 1204344, 5874896, 8494322, 8494322, 8494322, 1
20.001991, 10.000997, 81, 338113, 1554842.9, 733273, 9498376, 11282986, 12700816, 12700816, 0
30.00203, 10.000039, 111, 338110, 718237.8, 727003, 1191616, 1602553, 1668838, 1668838, 1
40.000976, 9.998946, 114, 338183, 714418.8, 726517, 1292634, 1485760, 1811298, 1811298, 0
50.001996, 10.00102, 110, 338139, 703995.1, 726961, 1112512, 1281575, 1499239, 1499239, 3
60.001976, 9.99998, 110, 338196, 720529.9, 725794, 1191440, 1360558, 1811167, 1811167, 0
64.009018, 4.007042, 18, 338196, 751569.9, 725794, 1290275, 1430340, 1811167, 1811167, 0
