elapsed, window, n, min, mean, median, 95th, 99th, 99_9th, max, errors
10.001033, 10.001033, 0, 0, 0, 0, 0, 0, 0, 0, 0
20.001851, 10.000818, 91, 327381, 1639308.9, 568657, 12854146, 13196541, 13813395, 13813395, 2
30.001842, 9.999991, 149, 327402, 538411.7, 468126, 900925, 1069306, 1156673, 1156673, 1
40.001822, 9.99998, 148, 327150, 523857.3, 463567, 813328, 1007616, 1096423, 1096423, 2
50.001865, 10.000043, 144, 327335, 542762.4, 509735, 925621, 1074588, 1165837, 1165837, 1
60.001807, 9.999942, 139, 327186, 568327.6, 544380, 952853, 1079183, 1161340, 1161340, 1
64.010881, 4.009074, 21, 327186, 549589.0, 506328, 921496, 1071812, 1075706, 1075706, 0
