elapsed, window, n, min, mean, median, 95th, 99th, 99_9th, max, errors
10.000419, 10.000419, 0, 0, 0, 0, 0, 0, 0, 0, 1
20.001368, 10.000949, 71, 350902, 1967511.8, 863611, 10259320, 12235102, 12468032, 12468032, 0
30.001462, 10.000094, 91, 351046, 876681.4, 867533, 1523432, 1794462, 1900879, 1900879, 1
40.001382, 9.99992, 100, 351040, 791750.6, 729550, 1455725, 1653999, 1896203, 1896203, 0
50.001369, 9.999987, 92, 350935, 852776.0, 834777, 1483130, 1652189, 1838071, 1838071, 1
60.001356, 9.999987, 93, 350906, 837126.3, 768682, 1485576, 1846664, 1858722, 1858722, 2
64.016397, 4.015041, 17, 351042, 834828.1, 840080, 1476458, 1645356, 1846664, 1846664, 0
