elapsed, window, n, min, mean, median, 95th, 99th, 99_9th, max, errors
10.000563, 10.000563, 9, 356881, 3620010.2, 2003322, 8113749, 8113749, 8113749, 8113749, 0
20.001569, 10.001006, 77, 349095, 1604126.8, 727164, 8619251, 11685857, 13271504, 13271504, 1
30.001573, 10.000004, 116, 349166, 676848.5, 599861, 1248077, 1309882, 1318173, 1318173, 3
40.001537, 9.999964, 118, 349031, 678473.8, 621240, 1284051, 1426273, 1481588, 1481588, 1
50.001536, 9.999999, 117, 349163, 691937.5, 624684, 1174332, 1307340, 1705583, 1705583, 3
60.001526, 9.99999, 118, 349149, 673750.8, 621307, 1242841, 1527239, 1654910, 1654910, 0
64.009584, 4.008058, 21, 349149, 698599.2, 628018, 1310590, 1527305, 1654910, 1654910, 0
