elapsed, window, n, min, mean, median, 95th, 99th, 99_9th, max, errors
10.000747, 10.000747, 0, 0, 0, 0, 0, 0, 0, 0, 0
20.001744, 10.000997, 88, 326549, 1779512.6, 749029, 11037652, 12728257, 12894261, 12894261, 0
30.00174, 9.999996, 115, 326684, 701831.0, 652095, 1095117, 1265881, 1269210, 1269210, 0
40.00174, 10.0, 112, 326587, 693891.8, 652820, 1095037, 1252271, 1278836, 1278836, 1
50.001744, 10.000004, 113, 326571, 719094.4, 657129, 1105490, 1400999, 1430934, 1430934, 0
60.001788, 10.000044, 108, 326590, 723936.0, 753438, 1103180, 1286134, 1296288, 1296288, 5
64.010767, 4.008979, 20, 326682, 754630.2, 759304, 1103180, 1286134, 1296288, 1296288, 0
