elapsed, window, n, min, mean, median, 95th, 99th, 99_9th, max, errors
10.000592, 10.000592, 0, 0, 0, 0, 0, 0, 0, 0, 0
20.001595, 10.001003, 91, 326632, 1652436.5, 653130, 10115838, 12367131, 12645114, 12645114, 3
30.001589, 9.999994, 120, 326626, 703670.7, 653004, 1126270, 1264289, 1388759, 1388759, 0
40.001586, 9.999997, 105, 326649, 737742.3, 748727, 1106531, 1264624, 1291764, 1291764, 1
50.001593, 10.000007, 108, 326511, 725034.4, 747735, 1135607, 1403528, 1581406, 1581406, 1
60.001586, 9.999993, 113, 326613, 701449.8, 654315, 1077880, 1257275, 1266666, 1266666, 0
64.008634, 4.007048, 20, 326654, 722755.8, 755195, 1104092, 1122849, 1257275, 1257275, 0
