elapsed, window, n, min, mean, median, 95th, 99th, 99_9th, max, errors
10.00078, 10.00078, 29, 223768, 2609617.7, 923487, 8110564, 8184735, 8184735, 8184735, 2
20.001781, 10.001001, 153, 216765, 520326.2, 533635, 922366, 997900, 1087373, 1087373, 1
30.001741, 9.99996, 140, 217040, 559779.7, 535283, 962546, 1075496, 1168495, 1168495, 1
40.001734, 9.999993, 149, 216984, 530927.2, 534254, 950545, 1034320, 1106559, 1106559, 3
50.001776, 10.000042, 143, 217075, 563540.4, 537858, 1022218, 1038962, 1102715, 1102715, 0
60.001706, 9.99993, 133, 216983, 596471.8, 536926, 1025023, 1205065, 1566226, 1566226, 1
64.009735, 4.008029, 23, 216923, 607056.5, 565086, 1025023, 1205065, 1566226, 1566226, 1
