elapsed, window, n, min, mean, median, 95th, 99th, 99_9th, max, errors
10.002402, 10.002402, 5, 326803, 5703981.6, 9080477, 9392030, 9392030, 9392030, 9392030, 1
20.001154, 9.998752, 91, 326815, 1165083.1, 655527, 2836893, 10485655, 11852509, 11852509, 1
30.00113, 9.999976, 107, 326568, 728144.2, 756674, 1078924, 1105424, 1245958, 1245958, 2
40.001167, 10.000037, 110, 326842, 727577.6, 752702, 1142599, 1261395, 1425143, 1425143, 4
50.001173, 10.000006, 120, 326685, 662283.0, 650494, 976910, 1228714, 1442140, 1442140, 0
60.001131, 9.999958, 112, 326924, 706916.0, 748755, 1087393, 1260780, 1276582, 1276582, 1
64.012152, 4.011021, 20, 326977, 711952.3, 754008, 1087393, 1230523, 1249546, 1249546, 0
