elapsed, window, n, min, mean, median, 95th, 99th, 99_9th, max, errors
10.000178, 10.000178, 14, 272668, 3769924.5, 1051394, 8056566, 8056576, 8056576, 8056576, 1
20.00118, 10.001002, 112, 268518, 846206.6, 571920, 2884418, 5152226, 6544600, 6544600, 2
30.001175, 9.999995, 150, 268587, 539398.8, 564690, 776954, 891979, 958805, 958805, 0
40.001182, 10.000007, 149, 268670, 531035.4, 534671, 754080, 886390, 1040918, 1040918, 1
50.001186, 10.000004, 146, 268650, 542706.6, 522039, 771270, 885050, 945869, 945869, 1
60.001204, 10.000018, 152, 268527, 517582.7, 516163, 769572, 837689, 947665, 947665, 2
64.009242, 4.008038, 23, 268527, 526049.0, 528044, 778085, 837689, 947665, 947665, 0
