elapsed, window, n, min, mean, median, 95th, 99th, 99_9th, max, errors
10.000372, 10.000372, 7, 4066889, 6037721.4, 4532774, 9553128, 9553128, 9553128, 9553128, 0
20.001382, 10.00101, 110, 268600, 1141403.4, 555346, 5259599, 11489351, 11681270, 11681270, 5
30.001493, 10.000111, 148, 268665, 536921.5, 517697, 832165, 881603, 949172, 949172, 2
40.001371, 9.999878, 150, 268585, 520105.1, 509617, 759523, 947895, 1100565, 1100565, 4
50.001458, 10.000087, 148, 268567, 538324.4, 513355, 823514, 880877, 935528, 935528, 1
60.001367, 9.999909, 150, 268693, 536171.6, 504652, 836962, 905391, 950647, 950647, 0
64.015395, 4.014028, 23, 268693, 541778.7, 504652, 866685, 942388, 950647, 950647, 0
