elapsed, window, n, min, mean, median, 95th, 99th, 99_9th, max, errors
10.000827, 10.000827, 10, 272419, 3151835.3, 2842571, 9547988, 9547988, 9547988, 9547988, 1
20.001792, 10.000965, 112, 271823, 1102670.8, 522350, 3933826, 10326527, 10649275, 10649275, 1
30.001847, 10.000055, 140, 271695, 569244.7, 568364, 857803, 964785, 977362, 977362, 2
40.001866, 10.000019, 146, 271653, 543208.8, 518040, 823654, 945969, 1025233, 1025233, 1
50.001774, 9.999908, 148, 271692, 539809.1, 517034, 821555, 918701, 1017976, 1017976, 0
60.001788, 10.000014, 149, 271588, 539443.1, 508770, 871345, 916432, 961649, 961649, 2
64.011795, 4.010007, 25, 271588, 542332.9, 514246, 871345, 945994, 961649, 961649, 0
