elapsed, window, n, min, mean, median, 95th, 99th, 99_9th, max, errors
10.000442, 10.000442, 5, 3481243, 7209853.0, 7551421, 9742472, 9742472, 9742472, 9742472, 0
20.001491, 10.001049, 111, 231454, 1026487.9, 579408, 1789146, 10936938, 11718114, 11718114, 3
30.001447, 9.999956, 130, 231677, 624894.8, 632171, 1005247, 1119424, 1180885, 1180885, 4
40.001442, 9.999995, 135, 231498, 582933.4, 575847, 951019, 1044486, 1079854, 1079854, 2
50.001444, 10.000002, 137, 231716, 583082.4, 576700, 906388, 991151, 1089728, 1089728, 2
60.001446, 10.000002, 125, 231433, 634825.3, 632324, 1001943, 1162601, 1178796, 1178796, 1
64.008509, 4.007063, 19, 231433, 627580.9, 631941, 1034563, 1162601, 1178796, 1178796, 0
