elapsed, window, n, min, mean, median, 95th, 99th, 99_9th, max, errors
10.000657, 10.000657, 5, 184066, 3795785.4, 3177868, 7635671, 7635671, 7635671, 7635671, 0
20.00166, 10.001003, 123, 171727, 1117265.8, 526981, 4267341, 11912541, 12583044, 12583044, 1
30.001652, 9.999992, 150, 171718, 528140.6, 565992, 842313, 946200, 1045606, 1045606, 4
40.001645, 9.999993, 170, 171777, 475463.7, 482452, 836291, 877241, 977593, 977593, 3
50.001766, 10.000121, 164, 171777, 473599.9, 450310, 803285, 843344, 916159, 916159, 2
60.001649, 9.999883, 166, 171886, 468185.5, 445387, 773431, 883256, 942018, 942018, 2
64.008697, 4.007048, 27, 171858, 474981.5, 445577, 803455, 942018, 973472, 973472, 0
