elapsed, window, n, min, mean, median, 95th, 99th, 99_9th, max, errors
10.000803, 10.000803, 6, 1386921, 4162114.8, 2541946, 6891237, 6891237, 6891237, 6891237, 0
20.001691, 10.000888, 95, 234477, 1348402.7, 734028, 3174808, 11683093, 12113755, 12113755, 1
30.001551, 9.99986, 132, 234398, 606909.4, 581934, 999636, 1074500, 1125123, 1125123, 3
40.001427, 9.999876, 136, 234369, 593874.8, 568000, 1023903, 1195914, 1213470, 1213470, 1
50.001221, 9.999794, 129, 234532, 604411.8, 571310, 1003019, 1188409, 1233805, 1233805, 3
60.00119, 9.999969, 125, 234534, 634605.3, 587322, 1047722, 1247871, 1255852, 1255852, 2
64.008215, 4.007025, 21, 234534, 647108.8, 637304, 1092195, 1247871, 1255852, 1255852, 0
