elapsed, window, n, min, mean, median, 95th, 99th, 99_9th, max, errors
10.001105, 10.001105, 10, 499028, 4741254.9, 3522726, 9936621, 9936621, 9936621, 9936621, 0
20.001105, 10.0, 97, 349108, 1164941.1, 598568, 2735765, 10760335, 11542617, 11542617, 2
30.001098, 9.999993, 104, 349092, 750352.3, 721563, 1278099, 1466615, 1667609, 1667609, 3
40.001098, 10.0, 116, 349431, 680542.2, 601646, 1179850, 1492273, 1856181, 1856181, 1
50.001102, 10.000004, 113, 349196, 719959.5, 677423, 1274039, 1520896, 1738230, 1738230, 0
60.001098, 9.999996, 107, 349170, 717306.8, 672313, 1210403, 1294959, 1349497, 1349497, 0
64.011135, 4.010037, 20, 349265, 774034.3, 718397, 1282461, 1418581, 1524391, 1524391, 0
