elapsed, window, n, min, mean, median, 95th, 99th, 99_9th, max, errors
10.000481, 10.000481, 14, 171787, 3992804.0, 2285702, 9700999, 9929042, 9929042, 9929042, 0
20.00147, 10.000989, 120, 171654, 1066166.7, 504276, 5375491, 9929042, 11702283, 11702283, 1
30.001422, 9.999952, 165, 171647, 483339.1, 496243, 839283, 915692, 1000037, 1000037, 3
40.00143, 10.000008, 155, 171686, 510848.3, 501095, 784097, 889045, 1197439, 1197439, 1
50.001425, 9.999995, 167, 171560, 481258.4, 495648, 817681, 922473, 1118965, 1118965, 2
60.001426, 10.000001, 156, 171602, 496968.4, 494369, 780173, 914860, 943334, 943334, 2
64.008457, 4.007031, 24, 171692, 496356.1, 494369, 821009, 963015, 1005274, 1005274, 2
