elapsed, window, n, min, mean, median, 95th, 99th, 99_9th, max, errors
10.000675, 10.000675, 13, 351100, 2865000.5, 2651949, 5572063, 5995736, 5995736, 5995736, 0
20.00161, 10.000935, 83, 351002, 1292144.1, 720237, 6692060, 9739050, 12622862, 12622862, 3
30.001624, 10.000014, 110, 351043, 727436.2, 678206, 1371478, 1524314, 1620566, 1620566, 2
40.001605, 9.999981, 114, 350916, 692040.0, 679759, 1186819, 1377887, 1483843, 1483843, 1
50.001609, 10.000004, 109, 350863, 728505.9, 718048, 1234860, 1573602, 1765014, 1765014, 1
60.001604, 9.999995, 107, 351110, 752271.4, 720413, 1219061, 1644539, 1764305, 1764305, 3
64.016645, 4.015041, 17, 351110, 755089.3, 720413, 1380592, 1644539, 1764305, 1764305, 0
