elapsed, window, n, min, mean, median, 95th, 99th, 99_9th, max, errors
10.000764, 10.000764, 9, 480136, 3409207.8, 2695524, 7379313, 7379313, 7379313, 7379313, 0
20.001624, 10.00086, 95, 338368, 1318028.7, 789096, 5387119, 10153281, 10191489, 10191489, 0
30.001617, 9.999993, 110, 338353, 725060.2, 715660, 1213760, 1425717, 1501635, 1501635, 1
40.001643, 10.000026, 108, 338468, 730925.1, 723831, 1191420, 1393243, 1566922, 1566922, 1
50.001638, 9.999995, 109, 338501, 723132.4, 718790, 1149091, 1377275, 1516596, 1516596, 1
60.001615, 9.999977, 113, 338420, 699727.6, 696950, 1211506, 1285700, 1394157, 1394157, 4
64.008649, 4.007034, 18, 338475, 722803.2, 715990, 1211506, 1285700, 1394157, 1394157, 0
