elapsed, window, n, min, mean, median, 95th, 99th, 99_9th, max, errors
10.000563, 10.000563, 13, 230356, 3246119.8, 2366991, 6717810, 6718510, 6718510, 6718510, 0
20.001574, 10.001011, 106, 229418, 1079619.2, 630185, 5411786, 11302136, 12189941, 12189941, 1
30.001562, 9.999988, 130, 229308, 605684.2, 580138, 1025580, 1187525, 1221047, 1221047, 3
40.001576, 10.000014, 132, 229242, 610170.3, 578141, 974981, 1159726, 1198267, 1198267, 2
50.001565, 9.999989, 138, 229234, 575412.0, 561828, 973116, 1163535, 1252495, 1252495, 1
60.001578, 10.000013, 130, 229115, 600882.5, 577742, 953345, 1190922, 1340512, 1340512, 4
64.014607, 4.013029, 19, 229115, 595555.8, 576340, 964827, 1241062, 1340512, 1340512, 0
