elapsed, window, n, min, mean, median, 95th, 99th, 99_9th, max, errors
10.000813, 10.000813, 64, 4501, 1122968.0, 389667, 6519115, 6721051, 6732084, 6732084, 1
20.001831, 10.001018, 277, 4500, 279019.6, 247958, 680476, 853846, 1002007, 1002007, 4
30.001835, 10.000004, 285, 4574, 274014.8, 223961, 658927, 851070, 1004763, 1004763, 4
40.001806, 9.999971, 272, 4550, 283387.8, 248465, 625012, 716619, 784237, 784237, 8
50.001832, 10.000026, 278, 4359, 285531.5, 229135, 685488, 800598, 995329, 995329, 4
60.001821, 9.999989, 267, 4529, 293074.7, 251601, 641977, 791825, 1030107, 1030107, 2
64.00786, 4.006039, 38, 4530, 297522.6, 250615, 643344, 791825, 1030107, 1030107, 3
