elapsed, window, n, min, mean, median, 95th, 99th, 99_9th, max, errors
10.000451, 10.000451, 74, 4720, 1045281.1, 336957, 4111261, 5222521, 6830599, 6830599, 0
20.001551, 10.0011, 234, 4503, 332062.6, 251052, 785892, 1853731, 2042184, 2042184, 6
30.001436, 9.999885, 302, 4720, 258588.7, 219966, 644405, 793871, 1029003, 1029003, 4
40.001452, 10.000016, 255, 4570, 296365.9, 249866, 761739, 922541, 973057, 973057, 4
50.00144, 9.999988, 272, 4745, 292249.8, 250101, 641492, 817785, 944865, 944865, 3
60.001435, 9.999995, 267, 4727, 295244.0, 249193, 680520, 824252, 885234, 885234, 4
64.009466, 4.008031, 35, 4727, 287491.1, 248711, 657106, 798885, 885234, 885234, 0
