elapsed, window, n, min, mean, median, 95th, 99th, 99_9th, max, errors
10.001067, 10.001067, 13, 4169, 3041752.4, 2896572, 7526267, 8001040, 8001040, 8001040, 1
20.00106, 9.999993, 222, 4000, 479120.8, 186181, 2174175, 5091846, 10171196, 10171196, 3
30.001272, 10.000212, 333, 3903, 243729.5, 190878, 558852, 698542, 852978, 852978, 3
40.001099, 9.999827, 309, 3935, 255614.2, 204743, 541036, 697433, 852978, 852978, 4
50.00103, 9.999931, 337, 3891, 237054.1, 188386, 520045, 676959, 854393, 854393, 4
60.002026, 10.000996, 341, 3947, 228736.0, 186163, 516726, 675837, 826639, 826639, 3
64.009077, 4.007051, 36, 3947, 245452.9, 192577, 517282, 682153, 826639, 826639, 2
