elapsed, window, n, min, mean, median, 95th, 99th, 99_9th, max, errors
10.000927, 10.000927, 11, 5682, 4634997.0, 8211698, 8345218, 8345218, 8345218, 8345218, 0
20.001919, 10.000992, 253, 4052, 452195.2, 187100, 944178, 3900868, 11779840, 11779840, 4
30.001885, 9.999966, 330, 3963, 234041.0, 186763, 512963, 649385, 796373, 796373, 5
40.00188, 9.999995, 342, 3878, 235104.6, 187011, 507710, 654320, 810265, 810265, 0
50.001881, 10.000001, 305, 4033, 260629.9, 213479, 521440, 807377, 842524, 842524, 4
60.001877, 9.999996, 334, 3715, 232478.2, 187076, 503776, 671218, 804082, 804082, 7
64.008916, 4.007039, 42, 3895, 236762.8, 186336, 503963, 678688, 804082, 804082, 2
