elapsed, window, n, min, mean, median, 95th, 99th, 99_9th, max, errors
10.000843, 10.000843, 19, 11758, 3146076.3, 3321871, 7919044, 7927167, 7927167, 7927167, 0
20.001836, 10.000993, 207, 4117, 472375.6, 200102, 2413884, 3921553, 8098172, 8098172, 3
30.001861, 10.000025, 334, 3989, 237907.3, 198158, 524130, 692516, 991268, 991268, 2
40.002827, 10.000966, 338, 3961, 228215.7, 190851, 503582, 529386, 686259, 686259, 6
50.00182, 9.998993, 324, 3976, 241074.7, 189908, 511478, 684349, 828210, 828210, 6
60.001826, 10.000006, 336, 4038, 230257.9, 187323, 538903, 684062, 853435, 853435, 5
64.008878, 4.007052, 40, 4038, 247163.6, 188257, 655446, 818867, 853435, 853435, 0
