elapsed, window, n, min, mean, median, 95th, 99th, 99_9th, max, errors
10.000255, 10.000255, 5, 11607, 1870526.6, 626739, 7943760, 7943760, 7943760, 7943760, 0
20.001306, 10.001051, 261, 3770, 563484.9, 238157, 1997175, 10847208, 11117088, 11117088, 7
30.001251, 9.999945, 335, 3733, 219641.0, 220868, 585430, 745807, 987681, 987681, 7
40.001253, 10.000002, 362, 3793, 217979.3, 187464, 567621, 728492, 809513, 809513, 5
50.001259, 10.000006, 375, 3795, 204638.6, 145043, 561539, 734599, 891806, 891806, 6
60.001324, 10.000065, 346, 3859, 230274.1, 205319, 566706, 764580, 1128423, 1128423, 4
64.013289, 4.011965, 45, 3859, 239055.9, 242085, 568097, 730877, 1128423, 1128423, 1
