elapsed, window, n, min, mean, median, 95th, 99th, 99_9th, max, errors
10.000825, 10.000825, 21, 6159, 2865512.0, 1681268, 8330628, 8684517, 8684517, 8684517, 0
20.001807, 10.000982, 162, 3646, 593170.2, 315130, 2039900, 4347361, 10469618, 10469618, 2
30.001768, 9.999961, 250, 3728, 323454.4, 313368, 868232, 1038268, 1276947, 1276947, 0
40.001781, 10.000013, 246, 3728, 316601.5, 283450, 801417, 1012811, 1178741, 1178741, 5
50.001823, 10.000042, 246, 3816, 309357.8, 286807, 762497, 1005412, 1317415, 1317415, 4
60.001783, 9.99996, 244, 3649, 321284.8, 287131, 797689, 1018376, 1140463, 1140463, 0
64.00982, 4.008037, 29, 3741, 345814.7, 313633, 834404, 1105690, 1244369, 1244369, 0
