elapsed, window, n, min, mean, median, 95th, 99th, 99_9th, max, errors
10.00067, 10.00067, 0, 0, 0, 0, 0, 0, 0, 0, 0
20.001631, 10.000961, 243, 3869, 615380.8, 192949, 1061370, 12698445, 14300750, 14300750, 1
30.001627, 9.999996, 364, 3833, 202572.8, 182421, 566323, 737918, 981203, 981203, 12
40.00162, 9.999993, 388, 3864, 202087.4, 181286, 532947, 756022, 823749, 823749, 10
50.001624, 10.000004, 356, 3874, 221839.1, 200636, 572231, 718951, 810775, 810775, 1
60.001639, 10.000015, 372, 3841, 214944.7, 182469, 557144, 733523, 1047576, 1047576, 4
64.008728, 4.007089, 36, 3841, 235519.2, 222484, 570355, 804256, 1047576, 1047576, 1
