elapsed, window, n, min, mean, median, 95th, 99th, 99_9th, max, errors
10.000453, 10.000453, 37, 4023, 1917602.9, 1609352, 5358662, 7678980, 7678980, 7678980, 0
20.001436, 10.000983, 224, 4106, 427261.6, 253117, 1609352, 4636119, 5358662, 5358662, 2
30.00141, 9.999974, 334, 4016, 236457.9, 193066, 529645, 613240, 755597, 755597, 6
40.001425, 10.000015, 354, 4051, 227327.6, 191913, 507659, 604812, 806223, 806223, 3
50.001409, 9.999984, 329, 3797, 234443.1, 194595, 515898, 692813, 749578, 749578, 3
60.001492, 10.000083, 332, 4052, 235406.7, 203818, 515643, 618139, 855118, 855118, 3
64.009631, 4.008139, 42, 4052, 242069.6, 214031, 529294, 618139, 668877, 668877, 0
