elapsed, window, n, min, mean, median, 95th, 99th, 99_9th, max, errors
10.001004, 10.001004, 9, 3748, 4306930.3, 2979559, 9037070, 9037070, 9037070, 9037070, 1
20.001995, 10.000991, 110, 3701, 1071416.3, 486777, 4348145, 12270916, 12275752, 12275752, 0
30.002047, 10.000052, 158, 3732, 487442.5, 452341, 1039294, 1247046, 1248294, 1248294, 2
40.001995, 9.999948, 175, 3816, 470527.1, 449907, 1069956, 1241908, 1519714, 1519714, 2
50.00209, 10.000095, 167, 3778, 456830.8, 450017, 1003382, 1140046, 1349138, 1349138, 2
60.001061, 9.998971, 166, 3699, 481818.4, 518857, 904082, 1242841, 1519578, 1519578, 2
64.009028, 4.007967, 29, 3699, 463296.3, 449963, 1010501, 1242841, 1519578, 1519578, 0
