elapsed, window, n, min, mean, median, 95th, 99th, 99_9th, max, errors
10.000236, 10.000236, 17, 3980, 3066974.7, 3192824, 6934484, 9639445, 9639445, 9639445, 0
20.001222, 10.000986, 167, 3621, 664088.9, 311526, 2407164, 7816918, 10859059, 10859059, 3
30.001226, 10.000004, 236, 3663, 329488.5, 286087, 766416, 1002354, 1542267, 1542267, 4
40.001281, 10.000055, 230, 3664, 346191.0, 309451, 767843, 1065146, 1307733, 1307733, 2
50.001226, 9.999945, 254, 3559, 308001.6, 277970, 860339, 1142153, 1410156, 1410156, 3
60.001184, 9.999958, 244, 3696, 321923.5, 282612, 755397, 1064939, 1178251, 1178251, 4
64.008234, 4.00705, 41, 3696, 332225.3, 308683, 762384, 1059854, 1370017, 1370017, 0
