elapsed, window, n, min, mean, median, 95th, 99th, 99_9th, max, errors
10.00066, 10.00066, 0, 0, 0, 0, 0, 0, 0, 0, 0
20.001337, 10.000677, 246, 3877, 572540.8, 205256, 1214383, 12616786, 12634698, 12634698, 3
30.001213, 9.999876, 370, 3902, 217023.7, 201115, 578328, 730407, 795359, 795359, 6
40.001187, 9.999974, 389, 3835, 200455.9, 139675, 566583, 685069, 818731, 818731, 5
50.001191, 10.000004, 362, 3778, 217931.2, 198469, 582577, 753694, 888254, 888254, 6
60.001191, 10.0, 347, 3741, 226248.3, 231276, 590127, 776772, 1003934, 1003934, 3
64.010227, 4.009036, 38, 3741, 237217.8, 240708, 608031, 776772, 1003934, 1003934, 1
