elapsed, window, n, min, mean, median, 95th, 99th, 99_9th, max, errors
10.001081, 10.001081, 44, 4489, 1754528.5, 424774, 5538397, 8952367, 8952367, 8952367, 0
20.001077, 9.999996, 306, 4249, 267255.1, 243015, 605225, 791584, 1107566, 1107566, 2
30.001071, 9.999994, 277, 4349, 280634.7, 248688, 650441, 856918, 1136967, 1136967, 5
40.001072, 10.000001, 278, 4383, 282603.0, 228841, 716865, 851953, 1065618, 1065618, 4
50.001077, 10.000005, 272, 4369, 287498.4, 247966, 650640, 785091, 891858, 891858, 3
60.00107, 9.999993, 264, 4357, 295327.6, 251150, 652620, 814055, 891745, 891745, 9
64.008102, 4.007032, 34, 4358, 296294.6, 249084, 645997, 790176, 1035465, 1035465, 0
