elapsed, window, n, min, mean, median, 95th, 99th, 99_9th, max, errors
10.000741, 10.000741, 5, 2103504, 5203733.8, 5522856, 9551079, 9551079, 9551079, 9551079, 0
20.001748, 10.001007, 193, 3181, 677405.1, 332708, 1253247, 10934324, 11126189, 11126189, 4
30.001774, 10.000026, 236, 3202, 327871.1, 328052, 675136, 847602, 1003775, 1003775, 4
40.001744, 9.99997, 223, 3265, 353974.6, 333217, 692030, 850874, 1010391, 1010391, 2
50.001801, 10.000057, 237, 3262, 338595.2, 326937, 683106, 841710, 1018695, 1018695, 2
60.001746, 9.999945, 228, 3384, 347516.9, 332145, 690589, 837852, 993128, 993128, 3
64.00879, 4.007044, 32, 3384, 344250.4, 332145, 676902, 824613, 857531, 857531, 0
