elapsed, window, n, min, mean, median, 95th, 99th, 99_9th, max, errors
10.000615, 10.000615, 6, 341424, 8067604.7, 9624229, 9631501, 9631501, 9631501, 9631501, 0
20.001595, 10.00098, 179, 3278, 597178.9, 338898, 1217141, 10735417, 11597694, 11597694, 3
30.001564, 9.999969, 226, 3319, 344738.0, 336874, 677493, 829813, 1171683, 1171683, 3
40.001652, 10.000088, 235, 3336, 330389.2, 328921, 669360, 839186, 1000236, 1000236, 5
50.001689, 10.000037, 240, 3304, 329757.7, 328514, 680282, 994690, 1021001, 1021001, 0
60.001607, 9.999918, 236, 3325, 337827.9, 328216, 678140, 836598, 1166503, 1166503, 1
64.008639, 4.007032, 30, 3325, 355623.3, 340831, 678140, 834364, 859979, 859979, 0
