elapsed, window, n, min, mean, median, 95th, 99th, 99_9th, max, errors
10.000775, 10.000775, 0, 0, 0, 0, 0, 0, 0, 0, 0
20.001783, 10.001008, 192, 3253, 703791.0, 330531, 1344153, 10730175, 11006007, 11006007, 3
30.001705, 9.999922, 236, 3231, 325851.1, 330787, 664051, 805192, 1175806, 1175806, 5
40.001764, 10.000059, 245, 3254, 325399.8, 327454, 670247, 851596, 982987, 982987, 2
50.001708, 9.999944, 231, 3272, 347008.4, 337190, 683743, 992207, 1018626, 1018626, 2
60.001703, 9.999995, 230, 3287, 337390.1, 329407, 686252, 855674, 980495, 980495, 3
64.008736, 4.007033, 29, 3334, 357869.6, 336852, 821418, 861068, 980495, 980495, 0
