elapsed, window, n, min, mean, median, 95th, 99th, 99_9th, max, errors
10.000835, 10.000835, 10, 75862, 5164021.0, 7028234, 9116425, 9116425, 9116425, 9116425, 0
20.001738, 10.000903, 270, 3340, 396678.0, 211129, 1277165, 3014508, 11536718, 11536718, 2
30.001726, 9.999988, 360, 3185, 219926.6, 210785, 473114, 567526, 590672, 590672, 1
40.001744, 10.000018, 382, 3255, 207690.7, 195809, 421659, 576874, 658456, 658456, 4
50.001758, 10.000014, 363, 3386, 218031.4, 205015, 460656, 526441, 718491, 718491, 3
60.001726, 9.999968, 376, 3210, 207389.2, 198748, 451458, 540734, 735024, 735024, 7
64.012785, 4.011059, 39, 3218, 208818.4, 199225, 454335, 536594, 634000, 634000, 0
