elapsed, window, n, min, mean, median, 95th, 99th, 99_9th, max, errors
10.00087, 10.00087, 11, 3290, 2622046.5, 949943, 5977646, 7831701, 7831701, 7831701, 1
20.001742, 10.000872, 305, 3213, 358110.3, 198436, 761585, 4142716, 10072872, 10072872, 5
30.001722, 9.99998, 375, 3278, 210793.3, 195433, 513497, 610719, 659196, 659196, 1
40.001801, 10.000079, 396, 3293, 199610.2, 151661, 413389, 579848, 627324, 627324, 3
50.001744, 9.999943, 373, 3174, 212691.3, 203171, 459168, 594056, 766883, 766883, 2
60.001716, 9.999972, 378, 3320, 210677.6, 198322, 446779, 614537, 805547, 805547, 2
64.008744, 4.007028, 43, 3191, 211249.2, 197971, 447397, 552781, 645879, 645879, 0
