elapsed, window, n, min, mean, median, 95th, 99th, 99_9th, max, errors
10.000804, 10.000804, 11, 5635, 4665738.7, 5056305, 8016045, 8019158, 8019158, 8019158, 0
20.001738, 10.000934, 292, 3379, 361179.6, 203420, 1297469, 3495983, 10079181, 10079181, 7
30.001791, 10.000053, 363, 3229, 217251.5, 209036, 473399, 556623, 750729, 750729, 2
40.001787, 9.999996, 345, 3252, 227833.8, 209603, 483734, 602141, 706475, 706475, 3
50.001745, 9.999958, 362, 3376, 221103.7, 203499, 470804, 589078, 752490, 752490, 2
60.00175, 10.000005, 359, 3345, 221697.0, 213082, 448263, 546226, 661139, 661139, 4
64.009783, 4.008033, 43, 3345, 226984.5, 219987, 460843, 540861, 652658, 652658, 0
