elapsed, window, n, min, mean, median, 95th, 99th, 99_9th, max, errors
10.001131, 10.001131, 10, 84751, 3675025.1, 2147311, 7530556, 7530556, 7530556, 7530556, 0
20.001076, 9.999945, 194, 3813, 551642.5, 272306, 1510671, 6572051, 11605241, 11605241, 3
30.001076, 10.0, 245, 3896, 315514.1, 315185, 658541, 823419, 998727, 998727, 6
40.001076, 10.0, 254, 3977, 309343.5, 268123, 675211, 807680, 1039848, 1039848, 2
50.001124, 10.000048, 253, 3958, 312382.8, 263128, 724421, 860648, 956383, 956383, 3
60.001182, 10.000058, 241, 3980, 329482.8, 314460, 753413, 954445, 983402, 983402, 2
64.008116, 4.006934, 33, 4003, 327681.9, 270476, 753664, 883327, 954445, 954445, 1
