elapsed, window, n, min, mean, median, 95th, 99th, 99_9th, max, errors
10.000249, 10.000249, 27, 4195, 2385796.6, 1330972, 8278322, 8404849, 8404849, 8404849, 1
20.001277, 10.001028, 266, 4032, 355445.9, 217734, 680768, 3509494, 7142078, 7142078, 3
30.001233, 9.999956, 334, 4032, 233245.5, 210400, 515379, 593367, 803064, 803064, 3
40.001293, 10.00006, 344, 4031, 223790.5, 192578, 481293, 600595, 767434, 767434, 3
50.00129, 9.999997, 333, 4064, 233841.2, 214059, 513576, 626074, 779165, 779165, 4
60.001228, 9.999938, 321, 4061, 248539.6, 248033, 528787, 692157, 780506, 780506, 2
64.012296, 4.011068, 43, 4061, 245940.4, 245004, 541562, 629090, 694307, 694307, 0
