elapsed, window, n, min, mean, median, 95th, 99th, 99_9th, max, errors
10.000873, 10.000873, 25, 4009, 2555034.1, 951108, 7917095, 8088706, 8088706, 8088706, 0
20.00191, 10.001037, 241, 3900, 399970.1, 317316, 988087, 2546512, 4449637, 4449637, 2
30.001849, 9.999939, 236, 4114, 330838.8, 319205, 746561, 955138, 1549809, 1549809, 3
40.003551, 10.001702, 215, 3945, 374385.1, 357926, 881527, 1108139, 1452692, 1452692, 2
50.000928, 9.997377, 218, 3949, 367855.1, 355957, 783092, 948300, 1067468, 1067468, 1
60.001887, 10.000959, 209, 4003, 373499.9, 355173, 852066, 1209136, 1552690, 1552690, 1
64.011883, 4.009996, 29, 4003, 365349.2, 327455, 846248, 1033068, 1302987, 1302987, 0
