elapsed, window, n, min, mean, median, 95th, 99th, 99_9th, max, errors
10.000963, 10.000963, 10, 183518, 4159483.4, 2763119, 8491664, 8491664, 8491664, 8491664, 0
20.001799, 10.000836, 203, 4497, 567624.3, 268481, 1048274, 10201623, 11563588, 11563588, 2
30.001794, 9.999995, 240, 4516, 324459.5, 316462, 720252, 898283, 1063218, 1063218, 6
40.001833, 10.000039, 265, 4544, 293837.1, 265445, 717406, 820282, 1228383, 1228383, 6
50.001807, 9.999974, 253, 4582, 311055.3, 266661, 698521, 798453, 953201, 953201, 2
60.001802, 9.999995, 246, 4677, 310812.6, 265570, 690699, 844906, 1102184, 1102184, 3
64.008933, 4.007131, 30, 4730, 336619.0, 316137, 751544, 844906, 1102184, 1102184, 1
