elapsed, window, n, min, mean, median, 95th, 99th, 99_9th, max, errors
10.00029, 10.00029, 16, 3926, 3242728.7, 882879, 7492319, 8470609, 8470609, 8470609, 0
20.001275, 10.000985, 228, 3974, 466014.6, 318762, 1002176, 3707326, 10412676, 10412676, 0
30.001279, 10.000004, 235, 3993, 332766.6, 319612, 743727, 956364, 1694226, 1694226, 2
40.001316, 10.000037, 219, 3952, 357866.1, 327147, 813553, 1036705, 1199211, 1199211, 1
50.001306, 9.99999, 227, 4011, 345337.1, 321503, 785177, 1017041, 1025558, 1025558, 2
60.001323, 10.000017, 237, 4051, 341281.4, 317870, 802671, 1007034, 1303858, 1303858, 0
64.009552, 4.008229, 31, 4051, 340468.0, 319771, 781013, 887125, 1303858, 1303858, 0
