elapsed, window, n, min, mean, median, 95th, 99th, 99_9th, max, errors
10.000768, 10.000768, 21, 5743, 3432351.9, 3242571, 9485846, 9913380, 9913380, 9913380, 0
20.001748, 10.00098, 189, 5743, 573644.3, 312596, 1861697, 8658786, 9913380, 9913380, 2
30.0018, 10.000052, 254, 5625, 307974.9, 263609, 667702, 869039, 1080742, 1080742, 5
40.001836, 10.000036, 262, 5757, 304967.5, 264662, 702735, 840950, 1080742, 1080742, 4
50.001785, 9.999949, 243, 5770, 327935.8, 312329, 723304, 948720, 1166281, 1166281, 2
60.001742, 9.999957, 249, 5696, 314906.1, 264265, 696892, 899218, 1029765, 1029765, 5
64.008787, 4.007045, 29, 5821, 322166.8, 308129, 717313, 874538, 965920, 965920, 0
