elapsed, window, n, min, mean, median, 95th, 99th, 99_9th, max, errors
10.000771, 10.000771, 24, 4183, 1798215.5, 564056, 5762591, 7477685, 7477685, 7477685, 0
20.001828, 10.001057, 205, 3942, 557333.2, 327514, 1862573, 6712147, 10514674, 10514674, 0
30.001748, 9.99992, 243, 4139, 325237.5, 303581, 824317, 1090303, 1399479, 1399479, 2
40.001755, 10.000007, 230, 3927, 336140.3, 256837, 821354, 1085734, 1187900, 1187900, 2
50.001768, 10.000013, 216, 3965, 359455.2, 332407, 809528, 1055516, 1064829, 1064829, 3
60.001747, 9.999979, 213, 3886, 354255.0, 328921, 838303, 1147340, 1168047, 1168047, 5
64.008781, 4.007034, 30, 3871, 371184.6, 329974, 886996, 1149682, 1220577, 1220577, 0
