elapsed, window, n, min, mean, median, 95th, 99th, 99_9th, max, errors
10.000852, 10.000852, 30, 3992, 2397641.3, 1782310, 6912600, 7799136, 7799136, 7799136, 1
20.001672, 10.00082, 295, 4063, 336619.8, 211110, 684684, 3978795, 6099959, 6099959, 2
30.001688, 10.000016, 337, 4094, 228270.4, 215151, 486947, 576726, 683113, 683113, 3
40.00164, 9.999952, 332, 4125, 237706.3, 211353, 550262, 682665, 841229, 841229, 4
50.001656, 10.000016, 349, 4046, 228512.1, 189943, 492806, 692045, 841229, 841229, 4
60.001672, 10.000016, 358, 4090, 223817.9, 184605, 520084, 618437, 716081, 716081, 3
64.011731, 4.010059, 43, 4090, 231248.0, 186822, 519246, 618437, 716081, 716081, 1
