elapsed, window, n, min, mean, median, 95th, 99th, 99_9th, max, errors
10.000439, 10.000439, 39, 70019, 1960060.4, 754228, 6557708, 7331641, 7331641, 7331641, 0
20.001455, 10.001016, 113, 67546, 691085.7, 704929, 1138526, 1522556, 1771271, 1771271, 2
30.001515, 10.00006, 130, 4802, 612145.2, 604915, 1009525, 1263631, 1393812, 1393812, 1
40.001438, 9.999923, 125, 131590, 646407.6, 637104, 1039370, 1487389, 1540774, 1540774, 0
50.001461, 10.000023, 123, 102406, 634639.3, 606884, 1065591, 1244466, 1312821, 1312821, 0
60.001437, 9.999976, 122, 37093, 652469.5, 641637, 1098648, 1205990, 1355707, 1355707, 1
64.012512, 4.011075, 21, 38609, 640555.4, 611836, 1081755, 1205990, 1285249, 1285249, 0
