elapsed, window, n, min, mean, median, 95th, 99th, 99_9th, max, errors
10.000261, 10.000261, 41, 107558, 1895569.3, 783015, 6314039, 7264222, 7264222, 7264222, 0
20.00128, 10.001019, 119, 101956, 667821.7, 637588, 1143967, 1482314, 1524442, 1524442, 0
30.001258, 9.999978, 127, 35304, 631653.9, 596588, 1072098, 1206378, 1353894, 1353894, 1
40.001279, 10.000021, 121, 177489, 643085.5, 606905, 1070866, 1236259, 1243959, 1243959, 3
50.00128, 10.000001, 118, 35750, 670289.1, 664559, 1092005, 1210446, 1212350, 1212350, 1
60.001226, 9.999946, 138, 97637, 584475.8, 576249, 991283, 1127191, 1176844, 1176844, 0
64.009273, 4.008047, 21, 97637, 586048.9, 604665, 1028196, 1127191, 1176844, 1176844, 0
