elapsed, window, n, min, mean, median, 95th, 99th, 99_9th, max, errors
10.0008, 10.0008, 7, 108808, 4664533.9, 5250516, 8238878, 8238878, 8238878, 8238878, 0
20.0018, 10.001, 103, 27368, 1202776.7, 676603, 4322830, 12321048, 12367640, 12367640, 0
30.001793, 9.999993, 122, 65962, 646630.0, 671212, 1013186, 1156177, 1295948, 1295948, 0
40.001911, 10.000118, 132, 164827, 616455.2, 663939, 993621, 1162779, 1179975, 1179975, 1
50.001798, 9.999887, 129, 25132, 617975.6, 654476, 1006580, 1158933, 1170021, 1170021, 1
60.001794, 9.999996, 133, 27352, 609033.7, 559894, 1135877, 1327412, 1337799, 1337799, 0
64.010821, 4.009027, 21, 27352, 606442.1, 567132, 984695, 1327412, 1337799, 1337799, 0
