elapsed, window, n, min, mean, median, 95th, 99th, 99_9th, max, errors
10.000786, 10.000786, 5, 7536738, 8630791.8, 8657311, 9566842, 9566842, 9566842, 9566842, 0
20.001803, 10.001017, 115, 25444, 994251.4, 546063, 3253226, 12055488, 12055813, 12055813, 0
30.00178, 9.999977, 127, 162431, 613289.5, 563632, 970543, 1129640, 1137858, 1137858, 1
40.001745, 9.999965, 143, 160939, 553303.5, 530773, 847445, 1142463, 1152906, 1152906, 3
50.001885, 10.00014, 124, 68626, 626743.6, 659019, 984307, 1278968, 1614832, 1614832, 2
60.00174, 9.999855, 128, 184639, 622572.0, 643660, 966039, 991696, 1145441, 1145441, 0
64.016772, 4.015032, 21, 165011, 637188.0, 660338, 975048, 991696, 1145441, 1145441, 0
