elapsed, window, n, min, mean, median, 95th, 99th, 99_9th, max, errors
10.000328, 10.000328, 6, 4443107, 7237620.7, 6375601, 9452942, 9452942, 9452942, 9452942, 0
20.001259, 10.000931, 106, 167637, 1089019.3, 669677, 3316867, 12107019, 12277622, 12277622, 1
30.001263, 10.000004, 128, 86533, 631588.2, 667866, 994337, 1289232, 1319680, 1319680, 1
40.001282, 10.000019, 134, 186166, 594726.7, 551807, 965183, 1013156, 1027943, 1027943, 2
50.00126, 9.999978, 133, 24415, 592621.8, 554462, 1000587, 1303188, 1331664, 1331664, 0
60.001283, 10.000023, 137, 6630, 577462.3, 554964, 987927, 1025540, 1161838, 1161838, 2
64.011336, 4.010053, 22, 71319, 604645.6, 588375, 1004377, 1161838, 1169215, 1169215, 0
