elapsed, window, n, min, mean, median, 95th, 99th, 99_9th, max, errors
10.000914, 10.000914, 0, 0, 0, 0, 0, 0, 0, 0, 0
20.001821, 10.000907, 91, 132802, 1696549.4, 621659, 12727440, 12729931, 13603739, 13603739, 0
30.001822, 10.000001, 131, 112404, 603323.2, 591856, 1032062, 1180084, 1261992, 1261992, 1
40.001821, 9.999999, 137, 23565, 582088.4, 578441, 1049728, 1179447, 1215982, 1215982, 1
50.00191, 10.000089, 129, 92897, 603705.8, 584649, 1124733, 1372929, 1378036, 1378036, 1
60.001761, 9.999851, 139, 23576, 576566.8, 543634, 1045458, 1396185, 1526769, 1526769, 1
64.012792, 4.011031, 20, 23576, 580112.3, 540912, 1045458, 1396185, 1526769, 1526769, 0
