elapsed, window, n, min, mean, median, 95th, 99th, 99_9th, max, errors
10.001126, 10.001126, 0, 0, 0, 0, 0, 0, 0, 0, 0
20.001193, 10.000067, 111, 43266, 1362977.4, 524799, 12681235, 12781881, 13163442, 13163442, 1
30.001121, 9.999928, 144, 6237, 553948.2, 562834, 999649, 1125034, 1309538, 1309538, 0
40.001173, 10.000052, 130, 25186, 602556.0, 593974, 1070296, 1392578, 1592100, 1592100, 2
50.001159, 9.999986, 136, 43347, 587293.3, 583533, 1048505, 1327322, 1398473, 1398473, 1
60.001123, 9.999964, 145, 3894, 557486.2, 560040, 949601, 1087530, 1248146, 1248146, 0
64.016177, 4.015054, 20, 66579, 595913.7, 584645, 979269, 1248146, 1286744, 1286744, 0
