elapsed, window, n, min, mean, median, 95th, 99th, 99_9th, max, errors
10.001243, 10.001243, 0, 0, 0, 0, 0, 0, 0, 0, 0
20.001241, 9.999998, 57, 246818, 2460348.7, 1226548, 12092746, 12100739, 13189031, 13189031, 2
30.001207, 9.999966, 69, 276841, 1153187.1, 1173099, 1725161, 1862348, 2036969, 2036969, 0
40.001255, 10.000048, 72, 3956, 1139693.7, 1136470, 1693060, 2099605, 2137227, 2137227, 0
50.001221, 9.999966, 66, 625366, 1167318.6, 1107512, 1725205, 1794810, 2316591, 2316591, 1
60.001242, 10.000021, 71, 244893, 1161948.0, 1139517, 1652759, 1931499, 2317098, 2317098, 0
64.010789, 4.009547, 15, 244893, 1128793.1, 1103287, 1624200, 1687375, 2317098, 2317098, 0
