elapsed, window, n, min, mean, median, 95th, 99th, 99_9th, max, errors
10.00081, 10.00081, 5, 2599249, 6214172.8, 6142525, 8453688, 8453688, 8453688, 8453688, 0
20.001885, 10.001075, 120, 82262, 1052694.1, 561663, 3579642, 12045664, 12330531, 12330531, 1
30.001768, 9.999883, 129, 171853, 620043.3, 616148, 996334, 1083183, 1119734, 1119734, 0
40.001784, 10.000016, 128, 162052, 621217.7, 617064, 965615, 1142355, 1368253, 1368253, 1
50.001803, 10.000019, 135, 110420, 591036.0, 586974, 941557, 1090177, 1371411, 1371411, 1
60.001864, 10.000061, 134, 171582, 591548.0, 586896, 909825, 1105084, 1230527, 1230527, 0
64.009806, 4.007942, 20, 171582, 603354.2, 587240, 969810, 1230527, 1234364, 1234364, 0
