elapsed, window, n, min, mean, median, 95th, 99th, 99_9th, max, errors
10.000671, 10.000671, 0, 0, 0, 0, 0, 0, 0, 0, 0
20.001688, 10.001017, 100, 112944, 1579669.2, 602613, 12883060, 13564413, 13636323, 13636323, 0
30.001684, 9.999996, 143, 63822, 533623.5, 513557, 1007521, 1170338, 1288180, 1288180, 1
40.001677, 9.999993, 135, 25291, 603663.2, 591781, 1098726, 1534778, 1676137, 1676137, 0
50.001653, 9.999976, 129, 24995, 618127.1, 598158, 1120641, 1286953, 1504819, 1504819, 0
60.001632, 9.999979, 132, 94640, 599551.9, 571574, 1097382, 1560048, 1854443, 1854443, 2
64.008699, 4.007067, 19, 181941, 647742.0, 623813, 1123663, 1560048, 1854443, 1854443, 0
