elapsed, window, n, min, mean, median, 95th, 99th, 99_9th, max, errors
10.000218, 10.000218, 0, 0, 0, 0, 0, 0, 0, 0, 0
20.001209, 10.000991, 90, 3949, 1448359.2, 688814, 10003802, 12380559, 12381117, 12381117, 0
30.001211, 10.000002, 109, 3798, 753824.8, 725818, 1340396, 1622205, 1756573, 1756573, 0
40.001201, 9.99999, 110, 4075, 735175.0, 658658, 1311407, 1478954, 1551431, 1551431, 0
50.001215, 10.000014, 98, 3896, 780064.4, 728629, 1450166, 1753462, 1798754, 1798754, 1
60.001203, 9.999988, 111, 3837, 719799.0, 692366, 1302099, 1450562, 1553570, 1553570, 1
64.011301, 4.010098, 19, 141802, 743004.8, 692561, 1380400, 1521680, 1553570, 1553570, 0
