elapsed, window, n, min, mean, median, 95th, 99th, 99_9th, max, errors
10.000631, 10.000631, 0, 0, 0, 0, 0, 0, 0, 0, 0
20.00161, 10.000979, 87, 3928, 1481237.9, 730037, 10643130, 10824718, 12311090, 12311090, 1
30.001605, 9.999995, 107, 3955, 751776.1, 729827, 1415798, 1724487, 1799877, 1799877, 1
40.001605, 10.0, 107, 3915, 724147.6, 695045, 1384902, 1523324, 1756129, 1756129, 2
50.001618, 10.000013, 117, 3957, 686785.8, 695026, 1243585, 1391759, 1522909, 1522909, 0
60.001602, 9.999984, 109, 3932, 743050.0, 697160, 1380589, 1657771, 1763901, 1763901, 1
64.009626, 4.008024, 19, 140056, 740463.2, 694912, 1479743, 1665203, 1763901, 1763901, 1
