elapsed, window, n, min, mean, median, 95th, 99th, 99_9th, max, errors
10.001095, 10.001095, 0, 0, 0, 0, 0, 0, 0, 0, 0
20.001095, 10.0, 93, 169169, 1639810.0, 822743, 10123400, 10930002, 11253989, 11253989, 0
30.001092, 9.999997, 91, 336651, 871886.0, 846117, 1189388, 1330740, 1673191, 1673191, 1
40.001092, 10.0, 97, 333754, 841668.4, 835738, 1316765, 1487046, 1497900, 1497900, 0
50.001096, 10.000004, 92, 338820, 848191.1, 829959, 1314923, 1346212, 1513630, 1513630, 2
60.001093, 9.999997, 91, 324142, 871225.6, 846044, 1193384, 1499649, 1524100, 1524100, 0
64.009142, 4.008049, 18, 324142, 844339.5, 831361, 1203511, 1354020, 1524100, 1524100, 0
