elapsed, window, n, min, mean, median, 95th, 99th, 99_9th, max, errors
10.00086, 10.00086, 0, 0, 0, 0, 0, 0, 0, 0, 0
20.001827, 10.000967, 97, 161256, 1560797.3, 821656, 10134551, 10444388, 10927224, 10927224, 2
30.001819, 9.999992, 100, 4774, 805933.6, 820739, 1193816, 1340070, 1342461, 1342461, 0
40.001852, 10.000033, 100, 165967, 802037.4, 832812, 1178079, 1337506, 1359693, 1359693, 0
50.001822, 9.99997, 93, 322997, 847008.0, 836912, 1320629, 1508936, 1516316, 1516316, 0
60.001812, 9.99999, 98, 165804, 824592.2, 824456, 1184293, 1316180, 1456819, 1456819, 0
64.008827, 4.007015, 17, 319968, 847033.1, 833754, 1184293, 1456819, 1533582, 1533582, 0
