elapsed, window, n, min, mean, median, 95th, 99th, 99_9th, max, errors
10.000297, 10.000297, 35, 221278, 1999150.7, 747169, 7397047, 8398714, 8398714, 8398714, 1
20.001312, 10.001015, 120, 35368, 653502.9, 670688, 1076975, 1424228, 1770944, 1770944, 2
30.001306, 9.999994, 128, 36330, 615320.0, 598380, 1098796, 1208500, 1357189, 1357189, 0
40.001339, 10.000033, 122, 36318, 638674.7, 634901, 1075402, 1166116, 1346008, 1346008, 0
50.001289, 9.99995, 124, 99925, 633184.1, 608229, 1099297, 1246402, 1421750, 1421750, 2
60.001286, 9.999997, 120, 101999, 678697.9, 669228, 1139197, 1312989, 1450179, 1450179, 1
64.008313, 4.007027, 18, 212791, 693286.6, 698181, 1139197, 1166563, 1312989, 1312989, 0
