elapsed, window, n, min, mean, median, 95th, 99th, 99_9th, max, errors
10.00036, 10.00036, 0, 0, 0, 0, 0, 0, 0, 0, 0
20.001463, 10.001103, 94, 166157, 1634949.5, 832795, 10028136, 10653330, 11146339, 11146339, 1
30.001367, 9.999904, 96, 161570, 825433.7, 832795, 1178993, 1327331, 1346920, 1346920, 1
40.00143, 10.000063, 100, 323854, 811423.0, 822663, 1163303, 1482044, 1665411, 1665411, 0
50.001351, 9.999921, 97, 170213, 827668.8, 849119, 1179259, 1329844, 1338384, 1338384, 2
60.001343, 9.999992, 96, 320929, 820346.9, 826272, 1196813, 1359507, 1537344, 1537344, 0
64.00938, 4.008037, 17, 331119, 846092.5, 833736, 1196813, 1348880, 1537344, 1537344, 0
