elapsed, window, n, min, mean, median, 95th, 99th, 99_9th, max, errors
10.0004, 10.0004, 0, 0, 0, 0, 0, 0, 0, 0, 0
20.00142, 10.00102, 134, 148329, 1027006.3, 571759, 1821819, 10242212, 11274735, 11274735, 1
30.00153, 10.00011, 144, 6870, 553213.8, 545330, 854705, 984362, 990830, 990830, 1
40.00142, 9.99989, 145, 81622, 541506.3, 528423, 862105, 1001162, 1089998, 1089998, 1
50.001449, 10.000029, 148, 149836, 535496.8, 534667, 814293, 909010, 1144792, 1144792, 2
60.001439, 9.99999, 150, 11470, 532364.1, 540048, 843927, 984217, 1042371, 1042371, 0
64.008448, 4.007009, 23, 11470, 551331.8, 546235, 829651, 984217, 1029295, 1029295, 0
