elapsed, window, n, min, mean, median, 95th, 99th, 99_9th, max, errors
10.000799, 10.000799, 0, 0, 0, 0, 0, 0, 0, 0, 0
20.001857, 10.001058, 128, 71388, 1010614.4, 551821, 2424898, 10259935, 11459850, 11459850, 1
30.001848, 9.999991, 148, 70883, 537063.3, 527674, 813346, 896063, 938647, 938647, 2
40.004366, 10.002518, 144, 79108, 557011.4, 536648, 859281, 943629, 994954, 994954, 1
50.000808, 9.996442, 151, 138892, 533750.6, 534618, 791167, 943629, 963028, 963028, 0
60.001824, 10.001016, 154, 146473, 522158.7, 532002, 792093, 866846, 902088, 902088, 1
64.008036, 4.006212, 22, 124108, 521444.8, 531990, 833580, 902047, 902088, 902088, 0
