elapsed, window, n, min, mean, median, 95th, 99th, 99_9th, max, errors
10.000876, 10.000876, 5, 7656686, 8752775.0, 9004049, 9915614, 9915614, 9915614, 9915614, 0
20.00167, 10.000794, 132, 195048, 916094.0, 589924, 1157884, 10276179, 11130429, 11130429, 2
30.00162, 9.99995, 149, 142850, 544676.0, 531321, 833582, 916260, 984914, 984914, 0
40.001622, 10.000002, 149, 75255, 532237.7, 511177, 822012, 906404, 1056768, 1056768, 1
50.001629, 10.000007, 147, 133872, 531722.5, 515558, 851061, 952699, 1136954, 1136954, 1
60.001622, 9.999993, 150, 140083, 536383.4, 525104, 814988, 940453, 1130258, 1130258, 1
64.008646, 4.007024, 23, 141807, 543988.5, 534130, 814988, 1026447, 1130258, 1130258, 0
