elapsed, window, n, min, mean, median, 95th, 99th, 99_9th, max, errors
10.000974, 10.000974, 6, 440522, 7178542.5, 8024171, 9216781, 9216781, 9216781, 9216781, 0
20.001971, 10.000997, 81, 315963, 1577265.9, 844377, 9216496, 11664735, 13412992, 13412992, 0
30.001969, 9.999998, 102, 90353, 797832.8, 778051, 1316064, 1432218, 1437369, 1437369, 0
40.001985, 10.000016, 98, 86698, 814732.8, 759878, 1301075, 1438035, 1488487, 1488487, 0
50.00197, 9.999985, 100, 230438, 813512.0, 798583, 1410583, 1655811, 1786260, 1786260, 0
60.002041, 10.000071, 95, 166002, 817421.9, 802826, 1243516, 1472257, 1475307, 1475307, 1
64.009005, 4.006964, 20, 185083, 800012.3, 750902, 1277227, 1442554, 1472257, 1472257, 0
