elapsed, window, n, min, mean, median, 95th, 99th, 99_9th, max, errors
10.00019, 10.00019, 0, 0, 0, 0, 0, 0, 0, 0, 0
20.001184, 10.000994, 89, 4121, 1684488.5, 884673, 10745640, 11066418, 11215014, 11215014, 0
30.001181, 9.999997, 86, 180182, 925655.7, 886791, 1558102, 1695972, 1769951, 1769951, 0
40.001179, 9.999998, 82, 179938, 958303.4, 967963, 1584374, 1663701, 2176671, 2176671, 0
50.001284, 10.000105, 94, 151838, 833259.6, 819376, 1269210, 1589624, 1799717, 1799717, 2
60.001183, 9.999899, 95, 78475, 844910.8, 812833, 1342519, 1545702, 1584058, 1584058, 2
64.008215, 4.007032, 15, 80490, 872517.6, 883036, 1394574, 1513783, 1514351, 1514351, 0
