elapsed, window, n, min, mean, median, 95th, 99th, 99_9th, max, errors
10.000373, 10.000373, 0, 0, 0, 0, 0, 0, 0, 0, 0
20.001371, 10.000998, 83, 167733, 1509099.8, 846383, 5480662, 12034762, 12942685, 12942685, 1
30.001381, 10.00001, 93, 161917, 839989.6, 830639, 1300311, 1353799, 1459161, 1459161, 0
40.001367, 9.999986, 96, 88403, 833076.8, 825320, 1335148, 1504794, 1590156, 1590156, 0
50.001373, 10.000006, 100, 88403, 796683.2, 822996, 1175937, 1451748, 1487149, 1487149, 0
60.001367, 9.999994, 94, 84410, 820138.4, 799373, 1325322, 1452978, 1501093, 1501093, 3
64.009455, 4.008088, 18, 84410, 790405.0, 753862, 1333135, 1501093, 1555983, 1555983, 0
