elapsed, window, n, min, mean, median, 95th, 99th, 99_9th, max, errors
10.000265, 10.000265, 6, 225647, 7124350.5, 7964190, 9861757, 9861757, 9861757, 9861757, 0
20.001244, 10.000979, 79, 153721, 1637095.5, 1029150, 9813028, 10629731, 10784445, 10784445, 0
30.001281, 10.000037, 90, 6571, 877693.8, 828311, 1398517, 1627164, 1690096, 1690096, 0
40.001238, 9.999957, 89, 153695, 900744.1, 861947, 1466525, 1719742, 1787142, 1787142, 0
50.001248, 10.00001, 82, 4126, 975355.3, 945323, 1687111, 1924046, 2129642, 2129642, 0
60.001234, 9.999986, 87, 180076, 939152.6, 897126, 1687111, 1817735, 2164459, 2164459, 0
64.008292, 4.007058, 20, 180076, 894251.6, 814366, 1603581, 1842047, 2164459, 2164459, 0
