elapsed, window, n, min, mean, median, 95th, 99th, 99_9th, max, errors
10.000981, 10.000981, 0, 0, 0, 0, 0, 0, 0, 0, 0
20.002061, 10.00108, 89, 81839, 1634480.5, 967235, 10267831, 10726096, 10895315, 10895315, 0
30.000961, 9.9989, 85, 151844, 925189.7, 893052, 1533599, 1737366, 1801412, 1801412, 1
40.002049, 10.001088, 77, 227075, 996014.5, 995965, 1604717, 1757139, 1850864, 1850864, 1
50.002014, 9.999965, 90, 151830, 885399.3, 792781, 1566704, 1851398, 1853575, 1853575, 0
60.001961, 9.999947, 85, 82800, 957002.0, 957879, 1454593, 1633027, 1639542, 1639542, 0
64.00801, 4.006049, 18, 82800, 912022.3, 863330, 1392303, 1633027, 1639542, 1639542, 1
