elapsed, window, n, min, mean, median, 95th, 99th, 99_9th, max, errors
10.000736, 10.000736, 0, 0, 0, 0, 0, 0, 0, 0, 0
20.001741, 10.001005, 111, 4393, 1274311.5, 617449, 4556881, 12210596, 12519457, 12519457, 0
30.001735, 9.999994, 133, 4403, 606047.3, 589526, 1004039, 1195513, 1217823, 1217823, 0
40.001728, 9.999993, 128, 74666, 622309.9, 627754, 917576, 1054298, 1103247, 1103247, 1
50.001734, 10.000006, 136, 157787, 578186.9, 587188, 863965, 951035, 1062788, 1062788, 2
60.001731, 9.999997, 134, 108800, 583979.8, 586556, 896834, 1088642, 1152224, 1152224, 3
64.011777, 4.010046, 19, 150935, 602555.0, 586793, 929373, 1088642, 1152224, 1152224, 0
