elapsed, window, n, min, mean, median, 95th, 99th, 99_9th, max, errors
10.000498, 10.000498, 0, 0, 0, 0, 0, 0, 0, 0, 0
20.001551, 10.001053, 92, 86729, 1652523.5, 809444, 10598322, 11611914, 11785526, 11785526, 1
30.0016, 10.000049, 96, 89537, 801896.6, 802705, 1318568, 1475941, 1708646, 1708646, 0
40.001511, 9.999911, 100, 181722, 804041.0, 801685, 1248166, 1393606, 1481302, 1481302, 0
50.001495, 9.999984, 101, 248389, 766005.6, 770411, 1168705, 1359394, 1381693, 1381693, 0
60.00151, 10.000015, 94, 251422, 835749.2, 850038, 1381693, 1589862, 1590224, 1590224, 3
64.008546, 4.007036, 18, 89214, 872275.0, 882284, 1387307, 1589862, 1590224, 1590224, 0
