elapsed, window, n, min, mean, median, 95th, 99th, 99_9th, max, errors
10.000387, 10.000387, 0, 0, 0, 0, 0, 0, 0, 0, 0
20.001381, 10.000994, 110, 171683, 1262049.2, 641801, 10355475, 11926606, 12549949, 12549949, 1
30.00134, 9.999959, 136, 78784, 589291.7, 601130, 904452, 1033750, 1053243, 1053243, 0
40.001357, 10.000017, 132, 85475, 600780.6, 598754, 885760, 1062949, 1238694, 1238694, 1
50.00138, 10.000023, 135, 159267, 585614.4, 584995, 887969, 1038776, 1160818, 1160818, 0
60.001345, 9.999965, 133, 109294, 605663.5, 599784, 929038, 1118788, 1153701, 1153701, 1
64.009397, 4.008052, 22, 109294, 602282.7, 591214, 913837, 993506, 1153701, 1153701, 0
