elapsed, window, n, min, mean, median, 95th, 99th, 99_9th, max, errors
10.000903, 10.000903, 41, 99862, 1874470.4, 1031311, 6532520, 8168332, 8168332, 8168332, 0
20.00196, 10.001057, 111, 100404, 726418.8, 608578, 1695047, 1979608, 2806771, 2806771, 1
30.001913, 9.999953, 126, 71320, 632511.6, 628574, 1073113, 1140613, 1313952, 1313952, 1
40.001949, 10.000036, 121, 74766, 643127.6, 607810, 1109870, 1176229, 1301934, 1301934, 1
50.001916, 9.999967, 120, 37946, 673932.3, 674567, 1063292, 1177813, 1248908, 1248908, 0
60.001897, 9.999981, 119, 36789, 659028.6, 674510, 1071414, 1387396, 1413744, 1413744, 0
64.007942, 4.006045, 22, 36789, 690961.2, 674524, 1137238, 1319385, 1387396, 1387396, 0
