elapsed, window, n, min, mean, median, 95th, 99th, 99_9th, max, errors
10.000253, 10.000253, 30, 288764, 2477248.5, 1385308, 6753036, 6753710, 6753710, 6753710, 1
20.001269, 10.001016, 128, 39855, 641878.5, 603439, 1139633, 1293255, 1518448, 1518448, 0
30.00125, 9.999981, 117, 4580, 663247.3, 642558, 1136735, 1276169, 1304730, 1304730, 2
40.001249, 9.999999, 124, 6930, 634213.6, 636869, 1026799, 1203412, 1310189, 1310189, 1
50.001255, 10.000006, 122, 132638, 654710.3, 607898, 1145598, 1253229, 1527604, 1527604, 1
60.001251, 9.999996, 134, 37474, 597993.3, 575376, 1026712, 1097726, 1143667, 1143667, 0
64.009274, 4.008023, 22, 37474, 593962.9, 572040, 1026712, 1097726, 1137317, 1137317, 1
