elapsed, window, n, min, mean, median, 95th, 99th, 99_9th, max, errors
10.00056, 10.00056, 0, 0, 0, 0, 0, 0, 0, 0, 0
20.001568, 10.001008, 108, 5001, 1292237.9, 563933, 9992821, 12087858, 12361323, 12361323, 1
30.001546, 9.999978, 133, 4165, 611507.1, 646623, 1008875, 1155848, 1156243, 1156243, 1
40.001628, 10.000082, 130, 165719, 597017.1, 550217, 984830, 1149195, 1289153, 1289153, 3
50.001606, 9.999978, 138, 4359, 585331.4, 640779, 982991, 1417997, 1448611, 1448611, 0
60.001563, 9.999957, 135, 25514, 582958.8, 535507, 1117180, 1289576, 1306702, 1306702, 3
64.007578, 4.006015, 23, 4073, 558960.5, 528289, 988365, 1148824, 1169685, 1169685, 0
