elapsed, window, n, min, mean, median, 95th, 99th, 99_9th, max, errors
10.000276, 10.000276, 0, 0, 0, 0, 0, 0, 0, 0, 0
20.001272, 10.000996, 113, 65597, 1314686.8, 636201, 10702710, 12294866, 12458725, 12458725, 1
30.001274, 10.000002, 130, 48789, 596979.6, 641415, 974170, 994882, 1119147, 1119147, 1
40.001267, 9.999993, 136, 24263, 596999.4, 551831, 995747, 1273759, 1285752, 1285752, 1
50.001268, 10.000001, 128, 46049, 614618.7, 643222, 985008, 1178471, 1285752, 1285752, 0
60.001313, 10.000045, 134, 48395, 598724.9, 563625, 1007503, 1139523, 1144647, 1144647, 1
64.012331, 4.011018, 20, 51800, 609514.3, 545962, 1129876, 1156652, 1279245, 1279245, 0
