elapsed, window, n, min, mean, median, 95th, 99th, 99_9th, max, errors
10.000518, 10.000518, 0, 0, 0, 0, 0, 0, 0, 0, 1
20.001574, 10.001056, 103, 226104, 1234359.1, 642573, 5773396, 12176646, 12243162, 12243162, 0
30.001503, 9.999929, 133, 44594, 621748.2, 659578, 983724, 1145260, 1303420, 1303420, 1
40.001504, 10.000001, 130, 24709, 609409.8, 564088, 986607, 1299253, 1321341, 1321341, 1
50.00151, 10.000006, 142, 85851, 554221.4, 531612, 841836, 980992, 1025508, 1025508, 1
60.001504, 9.999994, 127, 47984, 620732.9, 648244, 979574, 1002169, 1014569, 1014569, 0
64.00864, 4.007136, 21, 47984, 629013.2, 649303, 980917, 1000599, 1014569, 1014569, 0
