elapsed, window, n, min, mean, median, 95th, 99th, 99_9th, max, errors
10.000182, 10.000182, 0, 0, 0, 0, 0, 0, 0, 0, 0
20.001208, 10.001026, 75, 23687, 1877457.2, 642044, 12781690, 12948285, 14366656, 14366656, 3
30.001212, 10.000004, 134, 23669, 594453.9, 588199, 1041477, 1207149, 1220957, 1220957, 0
40.001224, 10.000012, 132, 44293, 600277.4, 587187, 1082477, 1358855, 1397617, 1397617, 1
50.001208, 9.999984, 131, 44293, 607287.6, 599682, 1069467, 1225103, 1336707, 1336707, 1
60.001162, 9.999954, 132, 23407, 615363.4, 605311, 1063662, 1239022, 1326187, 1326187, 0
64.012196, 4.011034, 17, 23407, 641188.5, 616225, 1125847, 1326187, 1542660, 1542660, 0
