elapsed, window, n, min, mean, median, 95th, 99th, 99_9th, max, errors
10.000592, 10.000592, 0, 0, 0, 0, 0, 0, 0, 0, 0
20.001726, 10.001134, 78, 93090, 2014222.1, 649866, 12705311, 14298632, 14348792, 14348792, 0
30.001567, 9.999841, 136, 43164, 579025.5, 567034, 1009304, 1385552, 1496531, 1496531, 1
40.001589, 10.000022, 132, 4349, 616995.4, 610320, 1182473, 1390745, 1493174, 1493174, 0
50.00159, 10.000001, 122, 65513, 639418.1, 653826, 1081987, 1236216, 1324584, 1324584, 3
60.001567, 9.999977, 137, 23726, 590174.7, 600448, 996692, 1101030, 1111887, 1111887, 0
64.00961, 4.008043, 21, 45025, 578290.1, 584677, 999318, 1101030, 1285474, 1285474, 0
