elapsed, window, n, min, mean, median, 95th, 99th, 99_9th, max, errors
10.001029, 10.001029, 0, 0, 0, 0, 0, 0, 0, 0, 0
20.002017, 10.000988, 50, 381140, 2495314.8, 1399336, 12205947, 13337973, 13337973, 13337973, 0
30.002016, 9.999999, 63, 313999, 1248236.7, 1274539, 1857566, 1933712, 2091621, 2091621, 1
40.002017, 10.000001, 63, 276043, 1238442.0, 1199428, 1857566, 2020990, 2035404, 2035404, 0
50.002138, 10.000121, 73, 141505, 1091289.2, 1033503, 1726153, 1954920, 2264974, 2264974, 1
60.001012, 9.998874, 66, 245239, 1118434.5, 1105661, 1819892, 1966928, 1985068, 1985068, 2
64.009139, 4.008127, 17, 245239, 1154756.4, 1139557, 1848457, 1985068, 2106000, 2106000, 0
