elapsed, window, n, min, mean, median, 95th, 99th, 99_9th, max, errors
10.001185, 10.001185, 9, 1385205, 5940472.4, 7114653, 8153310, 8153310, 8153310, 8153310, 0
20.001172, 9.999987, 75, 3552, 1354429.3, 863174, 4624695, 6037818, 10830187, 10830187, 1
30.001183, 10.000011, 110, 4106, 699981.4, 660114, 1274152, 1484047, 1548013, 1548013, 0
40.001163, 9.99998, 109, 3781, 747014.3, 761473, 1449516, 1620671, 1752707, 1752707, 2
50.001278, 10.000115, 109, 3996, 735184.2, 733254, 1250378, 1516665, 1620769, 1620769, 1
60.001165, 9.999887, 115, 3835, 688692.0, 627389, 1308563, 1621180, 1990683, 1990683, 0
64.011172, 4.010007, 17, 3835, 712250.3, 700904, 1308563, 1452554, 1621377, 1621377, 2
