elapsed, window, n, min, mean, median, 95th, 99th, 99_9th, max, errors
10.001006, 10.001006, 0, 0, 0, 0, 0, 0, 0, 0, 0
20.001791, 10.000785, 97, 252475, 1453326.4, 601065, 11552641, 11899699, 13047347, 13047347, 2
30.001776, 9.999985, 130, 189866, 606061.5, 603095, 952869, 1134043, 1191562, 1191562, 1
40.001901, 10.000125, 132, 165946, 606435.9, 593203, 955953, 1100706, 1187118, 1187118, 0
50.001916, 10.000015, 133, 85104, 604087.2, 601598, 934192, 1121361, 1164640, 1164640, 0
60.001819, 9.999903, 134, 85549, 589515.9, 607908, 957903, 1140667, 1149136, 1149136, 3
64.014856, 4.013037, 22, 85549, 568397.7, 550256, 897789, 1140667, 1149136, 1149136, 0
