elapsed, window, n, min, mean, median, 95th, 99th, 99_9th, max, errors
10.000544, 10.000544, 0, 0, 0, 0, 0, 0, 0, 0, 0
20.001524, 10.00098, 75, 63385, 1797145.2, 629534, 12753899, 15053865, 15198864, 15198864, 2
30.001546, 10.000022, 131, 9580, 597151.1, 583435, 1054133, 1296966, 1320862, 1320862, 3
40.001529, 9.999983, 140, 27221, 568532.4, 571001, 1055286, 1156177, 1184247, 1184247, 2
50.001524, 9.999995, 133, 62751, 601654.1, 563190, 1052083, 1214417, 1297325, 1297325, 1
60.001528, 10.000004, 129, 23924, 598801.9, 585642, 1132914, 1383466, 1387769, 1387769, 1
64.008587, 4.007059, 23, 23581, 638294.8, 608709, 1146917, 1383466, 1387769, 1387769, 0
