elapsed, window, n, min, mean, median, 95th, 99th, 99_9th, max, errors
10.000929, 10.000929, 10, 958236, 5309445.8, 6309353, 8494155, 8494155, 8494155, 8494155, 1
20.001928, 10.000999, 89, 3952, 1132810.8, 594736, 4833185, 6425388, 11715921, 11715921, 0
30.001912, 9.999984, 110, 3888, 722118.4, 694718, 1343323, 1452674, 1863808, 1863808, 1
40.001934, 10.000022, 108, 3888, 714954.9, 694409, 1382991, 1632630, 2063829, 2063829, 2
50.001914, 9.99998, 103, 5242, 760155.4, 760633, 1449189, 1690738, 1797173, 1797173, 0
60.00191, 9.999996, 107, 4166, 756510.8, 693411, 1490331, 1622398, 1650288, 1650288, 0
64.009974, 4.008064, 19, 3911, 778425.7, 761999, 1490331, 1622398, 1650288, 1650288, 1
