elapsed, window, n, min, mean, median, 95th, 99th, 99_9th, max, errors
10.00054, 10.00054, 0, 0, 0, 0, 0, 0, 0, 0, 0
20.001501, 10.000961, 92, 325112, 1702143.5, 834240, 10662372, 11162217, 11229684, 11229684, 1
30.001549, 10.000048, 91, 169738, 865011.8, 842778, 1298457, 1502890, 1521518, 1521518, 2
40.001493, 9.999944, 94, 324040, 844147.7, 837783, 1171623, 1323755, 1365777, 1365777, 0
50.001563, 10.00007, 92, 165890, 859614.4, 840006, 1165594, 1304479, 1335085, 1335085, 0
60.001526, 9.999963, 98, 162034, 818282.5, 828163, 1172934, 1349232, 1364476, 1364476, 1
64.016552, 4.015026, 19, 336581, 830310.7, 833820, 1172934, 1344099, 1364476, 1364476, 0
