elapsed, window, n, min, mean, median, 95th, 99th, 99_9th, max, errors
10.000356, 10.000356, 0, 0, 0, 0, 0, 0, 0, 0, 1
20.001345, 10.000989, 90, 179188, 1415086.1, 839745, 10627334, 10884545, 11058852, 11058852, 0
30.001342, 9.999997, 96, 173739, 829182.8, 829600, 1175247, 1310186, 1336364, 1336364, 1
40.00134, 9.999998, 99, 165705, 824460.8, 831054, 1171589, 1324164, 1326047, 1326047, 0
50.001361, 10.000021, 91, 321397, 857074.7, 826933, 1328331, 1491755, 1504530, 1504530, 1
60.00139, 10.000029, 94, 162116, 844475.1, 833557, 1301171, 1317768, 1378558, 1378558, 1
64.009375, 4.007985, 18, 179263, 848341.9, 833557, 1304008, 1378558, 1500643, 1500643, 0
