elapsed, window, n, min, mean, median, 95th, 99th, 99_9th, max, errors
10.000306, 10.000306, 30, 248806, 2534590.6, 1376384, 7674372, 7809842, 7809842, 7809842, 0
20.001306, 10.001, 106, 36312, 767074.2, 607740, 2572670, 2897468, 2900801, 2900801, 0
30.001303, 9.999997, 123, 4370, 641414.7, 641054, 1099513, 1420658, 1561932, 1561932, 1
40.001292, 9.999989, 129, 6579, 613183.7, 600763, 1076003, 1201073, 1249518, 1249518, 1
50.001293, 10.000001, 128, 36465, 628937.1, 644432, 1027797, 1105889, 1130353, 1130353, 0
60.001539, 10.000246, 121, 146319, 635455.1, 666932, 1099210, 1176109, 1284903, 1284903, 1
64.008347, 4.006808, 23, 178842, 643105.9, 640982, 1134937, 1343678, 1352697, 1352697, 0
