elapsed, window, n, min, mean, median, 95th, 99th, 99_9th, max, errors
10.000179, 10.000179, 0, 0, 0, 0, 0, 0, 0, 0, 0
20.001194, 10.001015, 93, 324351, 1561186.8, 827451, 10610300, 10709654, 10894556, 10894556, 2
30.001174, 9.99998, 98, 167477, 807399.4, 826525, 1189535, 1301478, 1310580, 1310580, 2
40.001186, 10.000012, 92, 182415, 835753.4, 832209, 1320835, 1352056, 1491522, 1491522, 1
50.001182, 9.999996, 97, 327358, 831056.3, 820918, 1302415, 1322287, 1360309, 1360309, 0
60.001172, 9.99999, 91, 166092, 853779.0, 835391, 1173953, 1337155, 1361317, 1361317, 1
64.009214, 4.008042, 19, 166092, 846341.2, 836024, 1183282, 1337155, 1361317, 1361317, 0
