elapsed, window, n, min, mean, median, 95th, 99th, 99_9th, max, errors
10.000728, 10.000728, 0, 0, 0, 0, 0, 0, 0, 0, 0
20.001733, 10.001005, 130, 122809, 1124252.4, 587026, 2374566, 11113786, 11248196, 11248196, 2
30.001791, 10.000058, 151, 3469, 538041.2, 551301, 847072, 906956, 971627, 971627, 1
40.001738, 9.999947, 145, 70372, 542170.9, 540606, 862781, 1022745, 1136402, 1136402, 1
50.001726, 9.999988, 147, 70936, 555678.3, 547549, 903761, 951451, 1156626, 1156626, 0
60.001722, 9.999996, 150, 3302, 536408.0, 533430, 853467, 923497, 965263, 965263, 2
64.009755, 4.008033, 21, 3302, 546126.2, 544189, 850589, 943731, 965263, 965263, 0
