elapsed, window, n, min, mean, median, 95th, 99th, 99_9th, max, errors
10.000495, 10.000495, 0, 0, 0, 0, 0, 0, 0, 0, 1
20.001498, 10.001003, 128, 150014, 983927.1, 544871, 3765929, 11545089, 11545680, 11545680, 0
30.001487, 9.999989, 141, 203662, 548679.0, 538949, 818471, 895097, 1265620, 1265620, 2
40.001486, 9.999999, 148, 198060, 547255.5, 535300, 823164, 945525, 1042655, 1042655, 1
50.00149, 10.000004, 144, 126225, 560049.0, 580301, 851361, 965150, 975918, 975918, 0
60.001485, 9.999995, 141, 126225, 562414.4, 594099, 831757, 915506, 1042461, 1042461, 2
64.017592, 4.016107, 21, 155862, 587926.6, 601269, 869863, 956072, 1042461, 1042461, 0
