elapsed, window, n, min, mean, median, 95th, 99th, 99_9th, max, errors
10.001144, 10.001144, 0, 0, 0, 0, 0, 0, 0, 0, 0
20.001756, 10.000612, 135, 72133, 1167777.0, 586857, 10200184, 11425851, 11552786, 11552786, 0
30.001751, 9.999995, 147, 137386, 540846.2, 528596, 840545, 995204, 1117750, 1117750, 1
40.001797, 10.000046, 140, 105724, 562683.6, 537172, 864933, 933628, 1065956, 1065956, 0
50.001755, 9.999958, 139, 79342, 558003.4, 560471, 832589, 930014, 1097009, 1097009, 0
60.00175, 9.999995, 150, 82437, 544597.3, 534919, 846272, 912615, 945366, 945366, 0
64.008794, 4.007044, 26, 82437, 538552.7, 520379, 866953, 913736, 945366, 945366, 0
