elapsed, window, n, min, mean, median, 95th, 99th, 99_9th, max, errors
10.000758, 10.000758, 0, 0, 0, 0, 0, 0, 0, 0, 0
20.001775, 10.001017, 94, 78340, 1168965.1, 611472, 3991889, 13053760, 13728381, 13728381, 2
30.001782, 10.000007, 136, 150978, 588681.5, 580012, 924466, 1195940, 1252619, 1252619, 1
40.001817, 10.000035, 138, 108095, 572250.4, 572746, 900463, 1047653, 1140625, 1140625, 0
50.001819, 10.000002, 130, 77977, 601271.9, 598048, 981277, 1047707, 1063478, 1063478, 1
60.001879, 10.00006, 139, 110033, 580440.3, 562548, 890711, 1028993, 1035041, 1035041, 1
64.008828, 4.006949, 19, 245742, 603894.0, 625804, 887912, 984015, 1028993, 1028993, 0
