elapsed, window, n, min, mean, median, 95th, 99th, 99_9th, max, errors
10.000679, 10.000679, 6, 1186605, 6413943.2, 7671629, 9128042, 9128042, 9128042, 9128042, 0
20.001728, 10.001049, 85, 6221, 1235448.0, 831982, 3610284, 10942227, 12087028, 12087028, 2
30.001716, 9.999988, 100, 7638, 802816.1, 797737, 1344671, 1473405, 1608337, 1608337, 0
40.001719, 10.000003, 109, 86389, 733786.9, 725491, 1173174, 1374872, 1608337, 1608337, 0
50.001709, 9.99999, 96, 167004, 811828.4, 808211, 1204170, 1459454, 1561897, 1561897, 0
60.00172, 10.000011, 103, 167165, 798685.3, 798392, 1253239, 1483153, 1715938, 1715938, 1
64.008725, 4.007005, 18, 167165, 779489.5, 734081, 1253239, 1363046, 1715938, 1715938, 0
