elapsed, window, n, min, mean, median, 95th, 99th, 99_9th, max, errors
10.001012, 10.001012, 0, 0, 0, 0, 0, 0, 0, 0, 0
20.002278, 10.001266, 71, 327663, 1952297.9, 1046550, 10285229, 11964127, 11964443, 11964443, 0
30.001024, 9.998746, 77, 152042, 1014378.6, 1046047, 1618047, 1717984, 1898084, 1898084, 0
40.001025, 10.000001, 87, 156378, 955197.7, 927997, 1541148, 1936939, 2031728, 2031728, 0
50.001013, 9.999988, 83, 179981, 950243.9, 901797, 1716877, 1851118, 2148124, 2148124, 1
60.002259, 10.001246, 82, 328116, 951912.1, 900232, 1541571, 1871757, 2043775, 2043775, 2
64.008067, 4.005808, 16, 376450, 978094.6, 927073, 1719594, 1871757, 2043775, 2043775, 0
