elapsed, window, n, min, mean, median, 95th, 99th, 99_9th, max, errors
10.000971, 10.000971, 0, 0, 0, 0, 0, 0, 0, 0, 0
20.001972, 10.001001, 85, 4670, 1713545.4, 845361, 11564778, 12097702, 12686710, 12686710, 1
30.001973, 10.000001, 94, 249269, 856844.7, 852113, 1287618, 1386633, 1519458, 1519458, 1
40.001992, 10.000019, 97, 267236, 819470.9, 800297, 1306602, 1482805, 1528685, 1528685, 0
50.001972, 9.99998, 98, 324898, 809899.4, 800192, 1216065, 1459538, 1490074, 1490074, 1
60.001969, 9.999997, 92, 181797, 838679.0, 847848, 1238831, 1359725, 1383394, 1383394, 1
64.009001, 4.007032, 18, 343588, 892640.3, 847832, 1359725, 1584760, 1700306, 1700306, 0
