elapsed, window, n, min, mean, median, 95th, 99th, 99_9th, max, errors
10.000779, 10.000779, 5, 2996665, 4805462.4, 5194096, 6505933, 6505933, 6505933, 6505933, 0
20.0017, 10.000921, 76, 180925, 1742700.7, 996264, 6979025, 11441471, 12110413, 12110413, 0
30.001724, 10.000024, 83, 81462, 935611.7, 930147, 1536844, 1670088, 1890374, 1890374, 1
40.001782, 10.000058, 88, 181267, 915083.3, 897791, 1677163, 1823138, 2094125, 2094125, 0
50.001719, 9.999937, 83, 181267, 939778.0, 900616, 1664169, 1864203, 2389402, 2389402, 1
60.001717, 9.999998, 83, 429211, 954136.6, 923581, 1483826, 1563678, 1743892, 1743892, 0
64.008847, 4.00713, 19, 429211, 978377.4, 933984, 1483826, 1743892, 1880041, 1880041, 0
