elapsed, window, n, min, mean, median, 95th, 99th, 99_9th, max, errors
10.00096, 10.00096, 5, 3458959, 7011403.4, 6523879, 9940591, 9940591, 9940591, 9940591, 0
20.002071, 10.001111, 98, 78001, 1347096.8, 657675, 6756889, 11967456, 12041168, 12041168, 3
30.000958, 9.998887, 126, 78001, 624798.8, 653417, 978756, 1069294, 1318162, 1318162, 0
40.001955, 10.000997, 126, 76953, 632562.4, 633102, 972941, 1148243, 1286421, 1286421, 2
50.002084, 10.000129, 134, 109100, 591146.7, 582657, 943087, 1010288, 1075765, 1075765, 2
60.001018, 9.998934, 136, 79961, 575199.5, 578923, 884500, 1105331, 1134542, 1134542, 0
64.009997, 4.008979, 21, 79961, 596919.5, 598759, 884500, 1134542, 1180911, 1180911, 0
