elapsed, window, n, min, mean, median, 95th, 99th, 99_9th, max, errors
10.000794, 10.000794, 5, 570745, 6290281.6, 7566344, 8763636, 8763636, 8763636, 8763636, 0
20.001797, 10.001003, 83, 6211, 1474462.8, 848203, 5159319, 11767869, 11998277, 11998277, 1
30.001791, 9.999994, 95, 85426, 841616.6, 855534, 1239395, 1334609, 1454020, 1454020, 2
40.001793, 10.000002, 95, 246149, 806071.5, 817210, 1294784, 1508305, 2091049, 2091049, 4
50.001795, 10.000002, 91, 87989, 870296.3, 866754, 1355916, 1455800, 1882996, 1882996, 0
60.00179, 9.999995, 97, 90651, 831867.8, 844252, 1236039, 1306469, 1518222, 1518222, 2
64.008856, 4.007066, 16, 179356, 875182.1, 872752, 1288479, 1491117, 1518222, 1518222, 0
