elapsed, window, n, min, mean, median, 95th, 99th, 99_9th, max, errors
10.000343, 10.000343, 0, 0, 0, 0, 0, 0, 0, 0, 0
20.001333, 10.00099, 73, 183316, 1806071.5, 1071511, 10061013, 10410872, 11632630, 11632630, 2
30.001318, 9.999985, 81, 77793, 970376.0, 893717, 1723318, 1882167, 2160695, 2160695, 0
40.001318, 10.0, 88, 228338, 927449.0, 895832, 1505990, 1706940, 1951558, 1951558, 0
50.001434, 10.000116, 82, 151987, 932989.1, 899773, 1390841, 1566713, 2139327, 2139327, 0
60.001318, 9.999884, 84, 227108, 954206.4, 909832, 1624317, 1778692, 1982285, 1982285, 0
64.009372, 4.008054, 18, 227108, 942268.4, 898651, 1737771, 1855732, 1982285, 1982285, 0
