elapsed, window, n, min, mean, median, 95th, 99th, 99_9th, max, errors
10.000908, 10.000908, 1260, 4153, 57849.0, 20212, 146522, 217726, 276045, 326327, 155
20.001907, 10.000999, 1318, 4282, 57520.2, 20360, 142865, 169771, 277542, 289228, 163
30.001895, 9.999988, 1294, 4234, 57598.1, 18958, 143530, 211339, 331476, 345085, 184
40.001945, 10.00005, 1278, 4208, 57349.0, 20711, 144708, 227168, 260853, 272958, 199
50.001982, 10.000037, 1302, 4057, 57149.4, 21339, 145031, 178825, 288379, 425356, 166
60.002013, 10.000031, 1288, 4022, 55923.4, 18047, 143342, 174163, 250726, 258305, 201
64.009971, 4.007958, 139, 4022, 56577.6, 21088, 143342, 162183, 246419, 250726, 22
