elapsed, window, n, min, mean, median, 95th, 99th, 99_9th, max, errors
10.000912, 10.000912, 1289, 4027, 57952.3, 18928, 185512, 214435, 289124, 290731, 169
20.001869, 10.000957, 1262, 4111, 60265.3, 20680, 193956, 219396, 252814, 267837, 137
30.001869, 10.0, 1257, 4274, 61007.2, 19700, 196560, 219099, 291661, 305798, 128
40.001863, 9.999994, 1265, 4067, 58303.5, 18671, 184507, 216468, 228905, 236813, 166
50.001949, 10.000086, 1273, 4100, 58508.1, 20073, 191763, 222067, 275021, 301494, 190
60.001864, 9.999915, 1246, 4050, 59495.6, 18119, 196105, 220318, 238856, 240116, 178
64.009147, 4.007283, 147, 4050, 60421.4, 18317, 202916, 221042, 238856, 250038, 12
