elapsed, window, n, min, mean, median, 95th, 99th, 99_9th, max, errors
10.000667, 10.000667, 1300, 4205, 56345.7, 18967, 146319, 206557, 251539, 265187, 211
20.001666, 10.000999, 1284, 4373, 56603.8, 18895, 144345, 226853, 270472, 271018, 209
30.001823, 10.000157, 1290, 4120, 55881.4, 16871, 143412, 224601, 258112, 277888, 212
40.001819, 9.999996, 1303, 4416, 56044.1, 17641, 145986, 173879, 267198, 280567, 197
50.001667, 9.999848, 1266, 4416, 56555.4, 22448, 145122, 223459, 268474, 269144, 221
60.001664, 9.999997, 1279, 4322, 57224.8, 17802, 146862, 239409, 269799, 284833, 209
64.014731, 4.013067, 157, 4322, 56688.8, 17482, 144753, 225338, 265375, 269799, 15
