elapsed, window, n, min, mean, median, 95th, 99th, 99_9th, max, errors
10.000491, 10.000491, 40, 217450, 1847774.0, 885289, 5629282, 7325773, 7325773, 7325773, 0
20.001445, 10.000954, 126, 217421, 643108.7, 543749, 1172072, 2581491, 2922935, 2922935, 4
30.001533, 10.000088, 139, 217142, 581130.9, 564018, 958007, 1132580, 1324652, 1324652, 3
40.001441, 9.999908, 138, 217260, 576076.7, 561564, 961312, 1205210, 1235804, 1235804, 3
50.00146, 10.000019, 134, 217251, 574020.5, 538525, 958951, 1132956, 1311560, 1311560, 2
60.001488, 10.000028, 144, 217276, 558330.7, 538710, 919808, 990337, 1139513, 1139513, 3
64.01053, 4.009042, 21, 217276, 562562.9, 535098, 920805, 990337, 1058284, 1058284, 0
