elapsed, window, n, min, mean, median, 95th, 99th, 99_9th, max, errors
10.000398, 10.000398, 36, 217054, 1947790.0, 1223590, 5150824, 5758344, 5758344, 5758344, 2
20.00142, 10.001022, 140, 217027, 587427.7, 537857, 1076314, 1334050, 2741164, 2741164, 3
30.001406, 9.999986, 139, 217024, 562017.5, 537487, 1003109, 1106144, 1171986, 1171986, 2
40.001381, 9.999975, 134, 217135, 615857.5, 599568, 962207, 1072385, 1254816, 1254816, 0
50.001384, 10.000003, 141, 216923, 564958.2, 561754, 959984, 1108705, 1142851, 1142851, 0
60.001403, 10.000019, 136, 216887, 570068.9, 545429, 986035, 1135924, 1209840, 1209840, 1
64.008451, 4.007048, 24, 216887, 596172.2, 545898, 1033646, 1135924, 1209840, 1209840, 0
