elapsed, window, n, min, mean, median, 95th, 99th, 99_9th, max, errors
10.000432, 10.000432, 13, 167406, 2839702.4, 1053102, 6322381, 8319931, 8319931, 8319931, 0
20.001431, 10.000999, 98, 164838, 1234329.7, 523039, 7826703, 12588559, 12588674, 12588674, 1
30.00142, 9.999989, 141, 165007, 542025.6, 528085, 832435, 964013, 979754, 979754, 3
40.001417, 9.999997, 149, 165013, 537022.7, 510389, 844459, 1127145, 1300194, 1300194, 2
50.001418, 10.000001, 140, 165020, 547195.7, 638044, 829767, 969469, 991050, 991050, 2
60.001419, 10.000001, 149, 164854, 538906.4, 522423, 841163, 985365, 1185207, 1185207, 2
64.011491, 4.010072, 22, 164854, 538635.3, 527155, 841163, 985365, 1020075, 1020075, 0
