elapsed, window, n, min, mean, median, 95th, 99th, 99_9th, max, errors
10.000353, 10.000353, 8, 168132, 3921917.9, 3443949, 9014493, 9014493, 9014493, 9014493, 0
20.001431, 10.001078, 99, 167171, 1263315.2, 522951, 7174831, 13655123, 13842859, 13842859, 2
30.001339, 9.999908, 147, 167281, 536152.1, 514161, 830870, 986980, 1003845, 1003845, 1
40.001501, 10.000162, 151, 167319, 533086.8, 509801, 866195, 985417, 1133109, 1133109, 2
50.001322, 9.999821, 139, 167145, 562346.6, 547919, 849847, 987866, 1145629, 1145629, 3
60.001368, 10.000046, 143, 167206, 552513.5, 510976, 866714, 984189, 1145034, 1145034, 2
64.008388, 4.00702, 24, 167206, 549483.7, 510402, 866714, 984189, 1127974, 1127974, 0
