elapsed, window, n, min, mean, median, 95th, 99th, 99_9th, max, errors
10.000543, 10.000543, 0, 0, 0, 0, 0, 0, 0, 0, 0
20.001579, 10.001036, 101, 164906, 1349720.2, 524262, 4036696, 12518383, 13428964, 13428964, 1
30.001618, 10.000039, 152, 164910, 524164.1, 525611, 828999, 987652, 999339, 999339, 3
40.001517, 9.999899, 154, 165035, 513159.4, 506979, 825996, 978474, 992141, 992141, 3
50.001529, 10.000012, 146, 164914, 547659.8, 510341, 868318, 988926, 1007936, 1007936, 1
60.00159, 10.000061, 159, 164860, 492644.1, 503782, 841244, 979504, 987992, 987992, 3
64.01251, 4.01092, 20, 164860, 503129.8, 505146, 822820, 847409, 984437, 984437, 0
