elapsed, window, n, min, mean, median, 95th, 99th, 99_9th, max, errors
10.000881, 10.000881, 11, 327691, 4062465.5, 3530216, 8346714, 8515793, 8515793, 8515793, 1
20.001844, 10.000963, 90, 327192, 1183723.3, 543540, 6350740, 10457014, 10770441, 10770441, 0
30.001857, 10.000013, 138, 327205, 572622.2, 571551, 907825, 1142268, 1375084, 1375084, 2
40.001837, 9.99998, 143, 327215, 568043.4, 571232, 905354, 1140584, 1142268, 1142268, 0
50.001846, 10.000009, 149, 327112, 531753.1, 469779, 849955, 948295, 1227524, 1227524, 0
60.001847, 10.000001, 154, 327107, 520595.8, 451724, 918335, 1019620, 1099185, 1099185, 1
64.012934, 4.011087, 19, 327107, 551230.1, 510116, 925080, 1076022, 1099185, 1099185, 0
