elapsed, window, n, min, mean, median, 95th, 99th, 99_9th, max, errors
10.00051, 10.00051, 11, 338292, 3744782.4, 3043374, 7416267, 9142386, 9142386, 9142386, 0
20.001509, 10.000999, 76, 338188, 1493025.3, 728906, 7039045, 12431833, 12432591, 12432591, 4
30.001487, 9.999978, 113, 338190, 707456.3, 729149, 1103833, 1269923, 1359401, 1359401, 2
40.001497, 10.00001, 120, 338102, 630844.3, 589599, 1137897, 1325412, 1329887, 1329887, 3
50.001487, 9.99999, 105, 338227, 747879.8, 738441, 1268184, 1410141, 1592678, 1592678, 0
60.001476, 9.999989, 112, 338257, 708266.1, 636711, 1196885, 1431176, 1944435, 1944435, 1
64.011531, 4.010055, 21, 338147, 698985.7, 624355, 1224145, 1362354, 1944435, 1944435, 0
