elapsed, window, n, min, mean, median, 95th, 99th, 99_9th, max, errors
10.000775, 10.000775, 9, 557300, 4120766.1, 2817969, 9824184, 9824184, 9824184, 9824184, 1
20.001798, 10.001023, 64, 350581, 1840827.2, 869555, 9901055, 11755369, 12622828, 12622828, 1
30.001767, 9.999969, 93, 351362, 836511.2, 734286, 1353466, 1617609, 1871361, 1871361, 2
40.001799, 10.000032, 95, 350587, 841634.1, 736661, 1488321, 1594249, 2106996, 2106996, 4
50.001788, 9.999989, 95, 350466, 833274.8, 732988, 1463645, 1719628, 1762246, 1762246, 1
60.001744, 9.999956, 98, 350598, 796556.4, 733196, 1417949, 1608211, 1663855, 1663855, 3
64.007771, 4.006027, 21, 350598, 792459.0, 732982, 1358111, 1526889, 1591681, 1591681, 0
