elapsed, window, n, min, mean, median, 95th, 99th, 99_9th, max, errors
10.000867, 10.000867, 8, 336296, 3632344.6, 3764170, 6886089, 6886089, 6886089, 6886089, 1
20.001872, 10.001005, 92, 327042, 1210046.0, 467734, 7496802, 10404746, 12133754, 12133754, 4
30.001868, 9.999996, 145, 327145, 542098.9, 525524, 873608, 922686, 1226218, 1226218, 1
40.001902, 10.000034, 152, 327168, 525974.0, 527490, 813664, 896165, 1325507, 1325507, 1
50.001884, 9.999982, 143, 327243, 556141.3, 558240, 896146, 1037568, 1103796, 1103796, 0
60.001864, 9.99998, 150, 327246, 536459.8, 504215, 846831, 926876, 1048750, 1048750, 1
64.010897, 4.009033, 21, 327246, 522489.8, 443452, 909683, 1044367, 1159810, 1159810, 2
