elapsed, window, n, min, mean, median, 95th, 99th, 99_9th, max, errors
10.00094, 10.00094, 6, 283091, 3210720.8, 2556415, 5835560, 5835560, 5835560, 5835560, 1
20.001967, 10.001027, 107, 172520, 1159977.6, 551015, 5993975, 12368400, 13017318, 13017318, 3
30.001926, 9.999959, 154, 171714, 509058.6, 497355, 850520, 947260, 1079533, 1079533, 2
40.001953, 10.000027, 160, 171703, 483474.2, 496053, 776416, 925566, 1010187, 1010187, 7
50.001963, 10.00001, 168, 171616, 469385.6, 429293, 819330, 925566, 978900, 978900, 7
60.001949, 9.999986, 154, 171689, 498835.0, 496110, 848360, 989243, 1064796, 1064796, 1
64.009948, 4.007999, 26, 171689, 509186.9, 496335, 873156, 989243, 1020904, 1020904, 0
