elapsed, window, n, min, mean, median, 95th, 99th, 99_9th, max, errors
10.000998, 10.000998, 18, 348651, 3035112.0, 1844167, 7355490, 8180579, 8180579, 8180579, 0
20.002, 10.001002, 75, 348651, 1258186.1, 746445, 4741671, 9264802, 9356605, 9356605, 4
30.002002, 10.000002, 119, 348806, 676010.9, 625351, 1177642, 1460273, 1589049, 1589049, 0
40.002014, 10.000012, 114, 348585, 682098.4, 625243, 1248715, 1662512, 1663581, 1663581, 4
50.001994, 9.99998, 119, 348900, 669912.7, 627060, 1144957, 1251677, 1500028, 1500028, 3
60.001974, 9.99998, 114, 349192, 672668.5, 602397, 1183537, 1423763, 1843763, 1843763, 3
64.009022, 4.007048, 19, 349272, 675348.1, 632708, 1048528, 1257051, 1312520, 1312520, 0
