elapsed, window, n, min, mean, median, 95th, 99th, 99_9th, max, errors
10.001288, 10.001288, 8, 327403, 802803.0, 466277, 1925795, 1925795, 1925795, 1925795, 0
20.001111, 9.999823, 97, 327184, 1427121.4, 577175, 11518901, 13135166, 13445077, 13445077, 1
30.00102, 9.999909, 143, 327240, 561824.6, 573880, 861829, 1057058, 1137623, 1137623, 1
40.001022, 10.000002, 141, 327201, 561764.4, 575201, 905358, 1140068, 1178689, 1178689, 1
50.001055, 10.000033, 145, 327281, 557078.5, 575069, 907894, 1107400, 1166532, 1166532, 1
60.001019, 9.999964, 145, 327123, 551580.7, 504320, 903720, 1111477, 1616395, 1616395, 2
64.008048, 4.007029, 24, 327332, 549191.9, 505481, 903833, 1111477, 1616395, 1616395, 0
