elapsed, window, n, min, mean, median, 95th, 99th, 99_9th, max, errors
10.000665, 10.000665, 0, 0, 0, 0, 0, 0, 0, 0, 0
20.001761, 10.001096, 91, 326646, 1707598.2, 748281, 12004480, 13122528, 13278955, 13278955, 0
30.001691, 9.99993, 107, 326684, 754417.0, 756417, 1134309, 1268105, 1456159, 1456159, 3
40.001691, 10.0, 108, 326619, 725765.9, 752420, 1110610, 1254861, 1289610, 1289610, 1
50.001711, 10.00002, 110, 326822, 715218.5, 655649, 1075896, 1131295, 1261435, 1261435, 1
60.001696, 9.999985, 115, 326677, 694298.0, 655335, 1093304, 1453140, 1466098, 1466098, 4
64.008693, 4.006997, 16, 326677, 705265.2, 660484, 1113424, 1266415, 1394588, 1394588, 1
