elapsed, window, n, min, mean, median, 95th, 99th, 99_9th, max, errors
10.000334, 10.000334, 0, 0, 0, 0, 0, 0, 0, 0, 1
20.001397, 10.001063, 88, 326677, 1427854.6, 764499, 9903230, 11744357, 11996030, 11996030, 0
30.00143, 10.000033, 109, 326558, 722333.7, 752295, 1136590, 1280312, 1403514, 1403514, 2
40.001336, 9.999906, 119, 326552, 687342.5, 651908, 1090518, 1277231, 1409556, 1409556, 0
50.001352, 10.000016, 108, 326557, 718793.6, 750864, 1086348, 1281543, 1565953, 1565953, 1
60.001345, 9.999993, 111, 326801, 738095.3, 754542, 1101151, 1231196, 1233284, 1233284, 1
64.012363, 4.011018, 18, 326659, 715600.2, 748485, 1068911, 1231196, 1233284, 1233284, 0
