elapsed, window, n, min, mean, median, 95th, 99th, 99_9th, max, errors
10.001346, 10.001346, 18, 219455, 4257220.5, 1928776, 9075552, 9075664, 9075664, 9075664, 1
20.001134, 9.999788, 142, 216952, 595997.0, 530694, 1003720, 1928776, 2490585, 2490585, 2
30.001127, 9.999993, 127, 216962, 628137.2, 569897, 1096415, 1175222, 1204067, 1204067, 2
40.0011, 9.999973, 141, 216937, 558290.2, 533993, 965774, 1137517, 1170086, 1170086, 5
50.001259, 10.000159, 144, 217121, 557507.1, 538887, 888469, 1032826, 1129570, 1129570, 0
60.001107, 9.999848, 134, 217130, 569598.5, 557657, 985360, 1107530, 1176243, 1176243, 5
64.008173, 4.007066, 23, 217180, 576776.8, 559370, 960586, 1071929, 1176243, 1176243, 0
