elapsed, window, n, min, mean, median, 95th, 99th, 99_9th, max, errors
10.000593, 10.000593, 0, 0, 0, 0, 0, 0, 0, 0, 0
20.001632, 10.001039, 90, 327344, 1472243.7, 755355, 10536462, 12243712, 12243726, 12243726, 2
30.001632, 10.0, 113, 326656, 701458.5, 748880, 973937, 1103692, 1121456, 1121456, 1
40.001588, 9.999956, 111, 326717, 721064.7, 750831, 1106459, 1250021, 1283065, 1283065, 0
50.001636, 10.000048, 111, 326804, 718114.3, 749775, 1092969, 1125246, 1262180, 1262180, 3
60.001627, 9.999991, 111, 326731, 711641.4, 655217, 1140731, 1422911, 1431149, 1431149, 2
64.014648, 4.013021, 21, 326731, 693908.2, 652431, 1129113, 1422911, 1431149, 1431149, 0
