elapsed, window, n, min, mean, median, 95th, 99th, 99_9th, max, errors
10.000754, 10.000754, 12, 268135, 3376182.9, 2709875, 6010020, 7930843, 7930843, 7930843, 0
20.001793, 10.001039, 114, 268072, 1021423.8, 554991, 3316121, 11560318, 11560382, 11560382, 2
30.001766, 9.999973, 145, 268146, 555332.4, 568720, 811813, 920138, 1045817, 1045817, 0
40.001765, 9.999999, 140, 268229, 561510.3, 561997, 841443, 947867, 1013964, 1013964, 3
50.001761, 9.999996, 149, 269247, 548990.9, 544444, 821864, 912112, 981768, 981768, 1
60.001751, 9.99999, 143, 269439, 539720.0, 519543, 780419, 885569, 986324, 986324, 2
64.008796, 4.007045, 26, 269456, 529082.8, 516328, 770110, 986324, 1009823, 1009823, 1
