elapsed, window, n, min, mean, median, 95th, 99th, 99_9th, max, errors
10.000922, 10.000922, 16, 270882, 2727073.0, 516426, 7789913, 8830822, 8830822, 8830822, 1
20.001931, 10.001009, 105, 270561, 1062423.6, 619902, 2134735, 12289937, 12535393, 12535393, 1
30.001898, 9.999967, 151, 270659, 536839.6, 537578, 771148, 887855, 958290, 958290, 1
40.001892, 9.999994, 145, 270687, 545029.5, 528333, 798352, 913069, 1016080, 1016080, 1
50.001902, 10.00001, 156, 272179, 515594.0, 502197, 826851, 914250, 1053551, 1053551, 0
60.001891, 9.999989, 145, 272009, 547839.1, 546269, 807142, 900413, 954764, 954764, 0
64.009943, 4.008052, 23, 272090, 548112.1, 569432, 869466, 902722, 954764, 954764, 0
