elapsed, window, n, min, mean, median, 95th, 99th, 99_9th, max, errors
10.000288, 10.000288, 14, 270759, 2758005.8, 1137608, 4984879, 8285658, 8285658, 8285658, 0
20.001285, 10.000997, 115, 267462, 1032803.2, 533646, 4387113, 10696953, 11516507, 11516507, 1
30.00128, 9.999995, 142, 267518, 554131.0, 534054, 854306, 946033, 968961, 968961, 3
40.001276, 9.999996, 144, 267358, 545208.8, 532393, 832676, 963589, 1126714, 1126714, 4
50.001289, 10.000013, 148, 271340, 538430.8, 528738, 776040, 909892, 981679, 981679, 0
60.00142, 10.000131, 146, 271258, 549245.6, 566900, 781966, 840574, 946757, 946757, 7
64.010341, 4.008921, 22, 271258, 542137.8, 566900, 767757, 913768, 942637, 942637, 0
