elapsed, window, n, min, mean, median, 95th, 99th, 99_9th, max, errors
10.001299, 10.001299, 16, 171959, 2325191.2, 1372869, 6627045, 6846144, 6846144, 6846144, 1
20.001321, 10.000022, 124, 171821, 908507.1, 496208, 3439027, 11839190, 12162353, 12162353, 1
30.001319, 9.999998, 158, 171661, 497507.3, 496493, 813154, 910572, 1044046, 1044046, 5
40.001279, 9.99996, 155, 171849, 508936.6, 499690, 812338, 935141, 1044046, 1044046, 3
50.001276, 9.999997, 148, 171806, 534079.7, 549843, 808433, 934695, 1051925, 1051925, 2
60.001273, 9.999997, 159, 171761, 498369.9, 496709, 806544, 874851, 1041353, 1041353, 2
64.009305, 4.008032, 24, 171842, 512262.8, 516762, 812606, 1041353, 1046566, 1046566, 0
