elapsed, window, n, min, mean, median, 95th, 99th, 99_9th, max, errors
10.001123, 10.001123, 12, 171911, 4233057.8, 3687884, 8951457, 8951554, 8951554, 8951554, 0
20.001148, 10.000025, 111, 171689, 955303.1, 452999, 4155995, 8555845, 8565709, 8565709, 1
30.001158, 10.00001, 157, 171698, 509157.0, 497526, 859344, 947491, 999442, 999442, 2
40.001123, 9.999965, 163, 171586, 487391.9, 498017, 809586, 938037, 1017560, 1017560, 1
50.001171, 10.000048, 157, 171645, 508202.7, 498576, 885364, 990496, 1043386, 1043386, 2
60.001161, 9.99999, 156, 171793, 514808.3, 500427, 814717, 908516, 1031032, 1031032, 2
64.011169, 4.010008, 24, 171793, 522321.9, 504799, 782294, 908516, 921915, 921915, 0
