elapsed, window, n, min, mean, median, 95th, 99th, 99_9th, max, errors
10.000236, 10.000236, 5, 1871026, 6798857.2, 7925459, 9593384, 9593384, 9593384, 9593384, 0
20.001217, 10.000981, 97, 231573, 1418741.2, 636689, 9590533, 12174725, 12826506, 12826506, 2
30.001233, 10.000016, 133, 231511, 588416.8, 560330, 927656, 1163574, 1307682, 1307682, 2
40.001279, 10.000046, 131, 231614, 607231.3, 575270, 986627, 1263293, 1265635, 1265635, 2
50.001229, 9.99995, 126, 231659, 615773.2, 595213, 981655, 1124801, 1305707, 1305707, 3
60.001241, 10.000012, 128, 231613, 618049.0, 631491, 1069839, 1310675, 1392556, 1392556, 3
64.008307, 4.007066, 22, 231687, 624034.6, 631975, 1069839, 1310675, 1392556, 1392556, 1
