elapsed, window, n, min, mean, median, 95th, 99th, 99_9th, max, errors
10.000941, 10.000941, 12, 584198, 4815599.5, 4287504, 9214714, 9937344, 9937344, 9937344, 0
20.00214, 10.001199, 105, 229428, 1020342.2, 640157, 2545189, 9937344, 11704801, 11704801, 2
30.001961, 9.999821, 119, 229227, 652362.8, 628045, 1075881, 1400188, 1441844, 1441844, 2
40.001913, 9.999952, 127, 229456, 640691.0, 635498, 1049537, 1160020, 1308311, 1308311, 1
50.001929, 10.000016, 123, 229235, 632724.5, 632732, 1052849, 1139544, 1269506, 1269506, 6
60.001951, 10.000022, 130, 229134, 589727.0, 573202, 952089, 1208621, 1280202, 1280202, 1
64.011938, 4.009987, 19, 229134, 627444.8, 585761, 1097478, 1280202, 1303525, 1303525, 0
