elapsed, window, n, min, mean, median, 95th, 99th, 99_9th, max, errors
10.000979, 10.000979, 6, 2042165, 3896387.3, 2857245, 6622243, 6622243, 6622243, 6622243, 0
20.002037, 10.001058, 89, 338294, 1369766.8, 704269, 6634198, 10776630, 12410119, 12410119, 5
30.000952, 9.998915, 100, 338461, 759478.1, 727083, 1287651, 1370319, 1396378, 1396378, 2
40.001968, 10.001016, 106, 338556, 744702.0, 720589, 1362739, 1510872, 1833821, 1833821, 0
50.001966, 9.999998, 103, 338358, 773296.9, 772846, 1232652, 1626813, 1724578, 1724578, 3
60.002004, 10.000038, 103, 338522, 776329.7, 726550, 1288132, 1535615, 1645911, 1645911, 0
64.00902, 4.007016, 21, 338522, 797452.6, 727798, 1373110, 1535615, 1645911, 1645911, 0
