elapsed, window, n, min, mean, median, 95th, 99th, 99_9th, max, errors
10.000939, 10.000939, 13, 351490, 2375961.6, 1747715, 6129530, 6129627, 6129627, 6129627, 0
20.001972, 10.001033, 93, 350665, 1350813.7, 733953, 6511519, 10611138, 10611181, 10611181, 0
30.001962, 9.99999, 101, 350648, 741957.5, 722609, 1215280, 1469511, 1713111, 1713111, 4
40.00191, 9.999948, 109, 350567, 741964.2, 702893, 1248961, 1787121, 1848812, 1848812, 0
50.001915, 10.000005, 114, 350640, 713285.7, 606749, 1392023, 1533746, 1614285, 1614285, 2
60.001911, 9.999996, 113, 350732, 695107.0, 674241, 1292834, 1614285, 1708559, 1708559, 0
64.010947, 4.009036, 16, 350732, 729666.5, 680136, 1361346, 1464823, 1708559, 1708559, 1
