elapsed, window, n, min, mean, median, 95th, 99th, 99_9th, max, errors
10.000265, 10.000265, 0, 0, 0, 0, 0, 0, 0, 0, 0
20.001234, 10.000969, 90, 348766, 1594329.8, 794900, 11285432, 12019989, 12158504, 12158504, 0
30.001283, 10.000049, 110, 349108, 710413.0, 675866, 1154953, 1319897, 1371084, 1371084, 1
40.001273, 9.99999, 104, 348890, 762121.6, 719835, 1359960, 1397295, 1437907, 1437907, 0
50.00125, 9.999977, 108, 349157, 743176.9, 719830, 1218467, 1722738, 1749312, 1749312, 0
60.001383, 10.000133, 105, 349415, 743589.0, 718420, 1216206, 1382190, 1409385, 1409385, 2
64.011303, 4.00992, 20, 349521, 756704.6, 723254, 1216206, 1382190, 1409385, 1409385, 0
