elapsed, window, n, min, mean, median, 95th, 99th, 99_9th, max, errors
10.00082, 10.00082, 9, 1229938, 5088896.9, 5980918, 9625634, 9625634, 9625634, 9625634, 0
20.001799, 10.000979, 102, 234620, 1090490.2, 586047, 3257800, 11790220, 12198184, 12198184, 1
30.001803, 10.000004, 127, 234541, 620766.9, 586248, 1150653, 1427788, 1430443, 1430443, 1
40.001794, 9.999991, 129, 234722, 625499.4, 577594, 1078656, 1258800, 1279299, 1279299, 1
50.001816, 10.000022, 138, 234830, 570917.0, 561046, 919914, 1173041, 1213731, 1213731, 4
60.001896, 10.00008, 122, 234684, 634764.7, 640669, 1018440, 1182659, 1210555, 1210555, 1
64.00889, 4.006994, 21, 234684, 663006.6, 663087, 1037399, 1210555, 1355489, 1355489, 0
