elapsed, window, n, min, mean, median, 95th, 99th, 99_9th, max, errors
10.000595, 10.000595, 91, 4629, 869115.7, 359187, 5009352, 5957301, 6815360, 6815360, 1
20.001608, 10.001013, 280, 4593, 276237.1, 248233, 641603, 883701, 1002906, 1002906, 2
30.001588, 9.99998, 292, 4745, 272165.2, 248599, 643183, 855966, 1031294, 1031294, 4
40.001593, 10.000005, 261, 4733, 294006.7, 248317, 712900, 918877, 1207276, 1207276, 4
50.001594, 10.000001, 292, 4690, 272234.8, 220316, 678240, 867132, 1070114, 1070114, 3
60.001592, 9.999998, 301, 4649, 262461.1, 224957, 603089, 789736, 817566, 817566, 5
64.00864, 4.007048, 35, 4660, 263892.5, 219322, 641511, 750869, 817566, 817566, 0
