elapsed, window, n, min, mean, median, 95th, 99th, 99_9th, max, errors
10.000847, 10.000847, 83, 4257, 843829.6, 359445, 5091788, 7043265, 7221012, 7221012, 2
20.001821, 10.000974, 264, 4257, 303828.4, 248327, 679327, 1590227, 1675363, 1675363, 2
30.001816, 9.999995, 261, 4395, 290356.1, 248934, 679470, 815033, 1140457, 1140457, 5
40.001805, 9.999989, 280, 4314, 280589.3, 222516, 649526, 784359, 1006293, 1006293, 3
50.001857, 10.000052, 257, 4319, 307566.1, 279765, 708928, 889463, 1099616, 1099616, 3
60.001804, 9.999947, 290, 4327, 273971.5, 248860, 648776, 797969, 958937, 958937, 2
64.010853, 4.009049, 32, 4327, 276829.4, 248612, 647675, 785233, 958937, 958937, 0
