elapsed, window, n, min, mean, median, 95th, 99th, 99_9th, max, errors
10.000888, 10.000888, 23, 4144, 2096311.3, 1129860, 6368377, 7357979, 7357979, 7357979, 0
20.001884, 10.000996, 251, 3866, 433207.5, 210322, 668914, 5307947, 10494576, 10494576, 4
30.001898, 10.000014, 324, 3998, 241067.5, 186492, 518987, 695512, 850194, 850194, 4
40.001886, 9.999988, 327, 3951, 240660.5, 190784, 523365, 676250, 823719, 823719, 2
50.001893, 10.000007, 336, 3950, 233268.5, 186817, 542183, 666504, 808204, 808204, 2
60.001886, 9.999993, 319, 3963, 250091.2, 191792, 522532, 670972, 724342, 724342, 0
64.007958, 4.006072, 37, 3890, 263447.2, 201415, 522532, 683217, 814847, 814847, 0
