elapsed, window, n, min, mean, median, 95th, 99th, 99_9th, max, errors
10.000447, 10.000447, 16, 27521, 2956835.9, 2943480, 5573278, 6256730, 6256730, 6256730, 0
20.001453, 10.001006, 255, 4065, 427475.7, 203470, 840018, 4137652, 10691716, 10691716, 3
30.001434, 9.999981, 324, 4093, 242631.4, 187923, 513541, 664347, 1132478, 1132478, 2
40.001467, 10.000033, 310, 3872, 256023.0, 195461, 533550, 668877, 808451, 808451, 6
50.001419, 9.999952, 303, 3792, 249795.4, 190931, 528545, 802926, 813633, 813633, 6
60.001404, 9.999985, 340, 3906, 234208.7, 186451, 515463, 670149, 805484, 805484, 6
64.008453, 4.007049, 42, 3906, 240520.2, 186667, 528825, 671613, 771609, 771609, 1
