elapsed, window, n, min, mean, median, 95th, 99th, 99_9th, max, errors
10.000458, 10.000458, 19, 4060, 3050440.9, 2683851, 8340570, 8342285, 8342285, 8342285, 0
20.001279, 10.000821, 238, 4048, 393171.4, 185950, 804527, 4692080, 9414009, 9414009, 2
30.001243, 9.999964, 336, 4066, 232280.9, 189958, 502440, 657654, 664021, 664021, 10
40.001271, 10.000028, 337, 3869, 234463.6, 186354, 505194, 664021, 949411, 949411, 6
50.001391, 10.00012, 329, 3898, 240129.0, 190891, 508221, 663863, 821209, 821209, 2
60.001284, 9.999893, 329, 3844, 239366.9, 200865, 519754, 798275, 823990, 823990, 4
64.009278, 4.007994, 42, 3969, 243515.0, 203185, 508550, 642112, 807585, 807585, 0
