elapsed, window, n, min, mean, median, 95th, 99th, 99_9th, max, errors
10.000933, 10.000933, 0, 0, 0, 0, 0, 0, 0, 0, 0
20.002031, 10.001098, 229, 3785, 690420.1, 228918, 2025166, 12666871, 13349526, 13349526, 0
30.002756, 10.000725, 354, 3975, 220724.1, 205989, 571800, 730125, 899964, 899964, 5
40.000886, 9.99813, 347, 3860, 221841.1, 221681, 528377, 709678, 898117, 898117, 5
50.001911, 10.001025, 380, 3893, 212698.7, 187340, 564174, 803115, 1070265, 1070265, 2
60.001881, 9.99997, 338, 3923, 231926.0, 237030, 580033, 731672, 804255, 804255, 0
64.009995, 4.008114, 44, 3923, 244555.5, 248070, 567632, 732439, 802090, 802090, 0
