elapsed, window, n, min, mean, median, 95th, 99th, 99_9th, max, errors
10.000505, 10.000505, 32, 3755, 2295017.4, 971122, 6683673, 7288292, 7288292, 7288292, 0
20.001485, 10.00098, 207, 3783, 452083.3, 312891, 1229578, 3185938, 4334005, 4334005, 4
30.00153, 10.000045, 254, 3666, 296276.2, 261060, 757088, 924598, 1243580, 1243580, 7
40.001491, 9.999961, 238, 3774, 333619.2, 309477, 804494, 1167508, 1276199, 1276199, 3
50.001487, 9.999996, 241, 3683, 337595.5, 310067, 762877, 998367, 1171649, 1171649, 1
60.00149, 10.000003, 242, 3764, 321812.3, 311980, 764058, 998382, 1103461, 1103461, 4
64.008522, 4.007032, 34, 3764, 330319.8, 313007, 839217, 998507, 1103461, 1103461, 0
