elapsed, window, n, min, mean, median, 95th, 99th, 99_9th, max, errors
10.000866, 10.000866, 33, 3643, 1918003.5, 278841, 6666306, 9373536, 9373536, 9373536, 1
20.001876, 10.00101, 198, 3705, 515240.2, 312897, 1526735, 3998534, 9373536, 9373536, 3
30.001866, 9.99999, 229, 3614, 339265.4, 308837, 864741, 1044820, 1169371, 1169371, 3
40.002091, 10.000225, 239, 3608, 324505.2, 308858, 760100, 993149, 1312091, 1312091, 2
50.001973, 9.999882, 251, 3546, 317072.2, 308907, 796286, 1065249, 1170191, 1170191, 1
60.001822, 9.999849, 251, 3655, 316561.2, 309131, 829247, 923120, 1239376, 1239376, 1
64.01086, 4.009038, 28, 3662, 321584.8, 309131, 759488, 923120, 1239376, 1239376, 0
