elapsed, window, n, min, mean, median, 95th, 99th, 99_9th, max, errors
10.000472, 10.000472, 6, 14592, 2531977.3, 329805, 6960735, 6960735, 6960735, 6960735, 0
20.001436, 10.000964, 226, 3840, 630618.7, 189743, 1889164, 12698241, 13497412, 13497412, 3
30.001426, 9.99999, 333, 3782, 221436.6, 200937, 587099, 770694, 1302813, 1302813, 6
40.001445, 10.000019, 358, 3860, 219759.9, 139655, 586900, 744284, 958104, 958104, 8
50.001507, 10.000062, 359, 3869, 219514.1, 186921, 574435, 769867, 978509, 978509, 3
60.001502, 9.999995, 354, 3872, 221770.7, 201482, 589368, 735448, 1071330, 1071330, 4
64.008456, 4.006954, 49, 3967, 214338.6, 194639, 573916, 707642, 753571, 753571, 0
