elapsed, window, n, min, mean, median, 95th, 99th, 99_9th, max, errors
10.000672, 10.000672, 8, 140403, 2663645.8, 637002, 8981346, 8981346, 8981346, 8981346, 0
20.001688, 10.001016, 220, 3755, 621923.2, 233205, 1351907, 12183173, 13055974, 13055974, 0
30.001654, 9.999966, 371, 3770, 213906.4, 201560, 570354, 717590, 834463, 834463, 1
40.001648, 9.999994, 351, 3815, 223398.5, 225492, 567133, 804879, 1042886, 1042886, 6
50.001658, 10.00001, 342, 3778, 228198.1, 224850, 572441, 618839, 1017251, 1017251, 2
60.00165, 9.999992, 337, 3766, 233562.3, 225050, 589198, 764852, 983815, 983815, 3
64.00869, 4.00704, 47, 3766, 234451.6, 225995, 586443, 823677, 983815, 983815, 1
