elapsed, window, n, min, mean, median, 95th, 99th, 99_9th, max, errors
10.000798, 10.000798, 18, 3950, 4154702.8, 1571773, 9924494, 9944348, 9944348, 9944348, 0
20.001774, 10.000976, 165, 3595, 694406.9, 449291, 1620621, 9683559, 9944348, 9944348, 4
30.001772, 9.999998, 179, 3746, 426990.1, 382760, 934377, 1173639, 1279350, 1279350, 3
40.001768, 9.999996, 174, 3812, 439289.3, 383311, 1001974, 1240749, 1313745, 1313745, 3
50.001787, 10.000019, 171, 3761, 485407.8, 450030, 1033092, 1176165, 1594724, 1594724, 2
60.001766, 9.999979, 164, 3680, 467481.2, 449350, 1004787, 1142285, 1313681, 1313681, 3
64.009797, 4.008031, 24, 3680, 488782.6, 452830, 932102, 1105920, 1248094, 1248094, 1
