elapsed, window, n, min, mean, median, 95th, 99th, 99_9th, max, errors
10.000858, 10.000858, 18, 4085, 2775195.8, 1497101, 7700151, 7763732, 7763732, 7763732, 0
20.001863, 10.001005, 258, 4049, 427352.4, 244953, 1219486, 5034693, 11625249, 11625249, 0
30.001882, 10.000019, 333, 4100, 237954.0, 218606, 505759, 663105, 772060, 772060, 4
40.001858, 9.999976, 325, 4009, 238283.5, 214073, 521922, 666215, 834762, 834762, 3
50.001861, 10.000003, 342, 4054, 239297.1, 213994, 541459, 706442, 748984, 748984, 1
60.001884, 10.000023, 345, 4053, 224194.2, 190614, 511161, 659601, 748930, 748930, 5
64.007947, 4.006063, 39, 4053, 233712.4, 215457, 511161, 612492, 763743, 763743, 1
