elapsed, window, n, min, mean, median, 95th, 99th, 99_9th, max, errors
10.001148, 10.001148, 38, 4442, 1855645.8, 1550644, 5238772, 6956183, 6956183, 6956183, 2
20.001368, 10.00022, 218, 4269, 390963.6, 252625, 1649006, 2002450, 2145996, 2145996, 3
30.001137, 9.999769, 279, 4274, 283435.5, 249214, 673357, 885701, 997766, 997766, 3
40.001233, 10.000096, 275, 4413, 290382.0, 249124, 713073, 856139, 885701, 885701, 2
50.001148, 9.999915, 278, 4389, 291569.7, 248156, 642026, 925954, 1098395, 1098395, 1
60.001121, 9.999973, 290, 4375, 267327.4, 223443, 644467, 817791, 927230, 927230, 2
64.009168, 4.008047, 34, 4495, 283475.7, 249203, 649201, 885177, 995895, 995895, 1
