elapsed, window, n, min, mean, median, 95th, 99th, 99_9th, max, errors
10.000472, 10.000472, 14, 3261, 3500743.1, 1226828, 9089547, 9527321, 9527321, 9527321, 0
20.001489, 10.001017, 227, 3421, 471817.9, 331175, 838327, 10078328, 10200281, 10200281, 2
30.001505, 10.000016, 234, 3264, 333445.2, 328233, 680385, 991111, 1180927, 1180927, 4
40.001452, 9.999947, 229, 3266, 346901.8, 337113, 681171, 981374, 1169231, 1169231, 2
50.001456, 10.000004, 227, 3418, 347717.8, 337408, 677581, 845483, 998351, 998351, 4
60.001449, 9.999993, 228, 3365, 343050.8, 329216, 694843, 855104, 983775, 983775, 3
64.00852, 4.007071, 30, 3365, 355782.5, 336493, 819955, 855104, 983775, 983775, 0
