elapsed, window, n, min, mean, median, 95th, 99th, 99_9th, max, errors
10.000522, 10.000522, 21, 4516, 3560026.1, 1499187, 9068562, 9127610, 9127610, 9127610, 0
20.001519, 10.000997, 208, 3221, 393650.5, 337436, 837906, 2349926, 3184121, 3184121, 2
30.001523, 10.000004, 238, 3325, 331567.0, 332924, 686393, 855925, 1001516, 1001516, 3
40.001803, 10.00028, 241, 3296, 319075.6, 329006, 675325, 839177, 1009665, 1009665, 5
50.00577, 10.003967, 220, 3261, 356027.7, 332063, 815322, 867252, 1009557, 1009557, 4
60.001554, 9.995784, 233, 3268, 348230.7, 339457, 679061, 850021, 996440, 996440, 0
64.008578, 4.007024, 29, 3345, 367042.5, 341769, 682667, 822109, 994270, 994270, 0
