elapsed, window, n, min, mean, median, 95th, 99th, 99_9th, max, errors
10.000774, 10.000774, 15, 6585, 4209576.5, 1571578, 8262968, 8290222, 8290222, 8290222, 0
20.001812, 10.001038, 201, 3303, 414557.4, 341730, 1155106, 1637209, 2155508, 2155508, 6
30.001846, 10.000034, 229, 3297, 351658.9, 341158, 691119, 869280, 1005763, 1005763, 1
40.001761, 9.999915, 241, 3276, 327281.8, 328784, 680117, 1008806, 1023828, 1023828, 2
50.001756, 9.999995, 245, 3402, 328978.1, 327505, 680239, 835352, 1003771, 1003771, 1
60.001796, 10.00004, 244, 3220, 321670.4, 327134, 675361, 837513, 997252, 997252, 2
64.008859, 4.007063, 29, 3344, 344101.2, 327641, 677129, 838452, 997252, 997252, 0
