elapsed, window, n, min, mean, median, 95th, 99th, 99_9th, max, errors
10.000349, 10.000349, 32, 3492, 2389055.4, 984891, 7003451, 9782131, 9782131, 9782131, 0
20.001348, 10.000999, 362, 3250, 270911.2, 208404, 497729, 1636802, 9782131, 9782131, 5
30.001381, 10.000033, 352, 3148, 224689.9, 209205, 491972, 599630, 689696, 689696, 3
40.00135, 9.999969, 384, 3277, 206942.9, 198830, 448218, 545046, 739249, 739249, 1
50.001365, 10.000015, 362, 3278, 212987.2, 198208, 471277, 574505, 639474, 639474, 6
60.001347, 9.999982, 342, 3242, 233310.5, 227132, 474595, 572174, 701069, 701069, 3
64.008409, 4.007062, 44, 3378, 239783.3, 242913, 474595, 572174, 701069, 701069, 0
