elapsed, window, n, min, mean, median, 95th, 99th, 99_9th, max, errors
10.000806, 10.000806, 48, 5379, 1628135.9, 953288, 6047076, 6833102, 6833102, 6833102, 0
20.001808, 10.001002, 354, 3186, 252281.1, 206728, 530754, 1475227, 3213960, 3213960, 4
30.001796, 9.999988, 380, 3260, 208906.7, 194144, 446539, 618523, 768266, 768266, 4
40.001798, 10.000002, 379, 3280, 206780.8, 201675, 445322, 528272, 654669, 654669, 7
50.0018, 10.000002, 375, 3213, 208027.3, 207594, 445204, 554826, 888434, 888434, 4
60.001797, 9.999997, 359, 3238, 217455.1, 208832, 455243, 536089, 757716, 757716, 5
64.008837, 4.00704, 44, 3295, 230718.4, 210878, 463358, 536089, 757716, 757716, 0
