elapsed, window, n, min, mean, median, 95th, 99th, 99_9th, max, errors
10.000504, 10.000504, 42, 3333, 1759044.4, 403049, 8145693, 8475351, 8475351, 8475351, 1
20.00151, 10.001006, 343, 3346, 252588.5, 215634, 529288, 1149679, 1533519, 1533519, 2
30.001502, 9.999992, 378, 3174, 208904.7, 202489, 461035, 603781, 672469, 672469, 1
40.0015, 9.999998, 355, 3349, 222807.7, 198924, 492248, 591769, 610070, 610070, 5
50.001501, 10.000001, 389, 3219, 201025.9, 197855, 442749, 580824, 618692, 618692, 7
60.001496, 9.999995, 374, 3327, 209493.3, 200916, 449770, 527862, 618171, 618171, 4
64.011542, 4.010046, 40, 3315, 216703.2, 204025, 466221, 532979, 763692, 763692, 1
