elapsed, window, n, min, mean, median, 95th, 99th, 99_9th, max, errors
10.000792, 10.000792, 37, 3974, 1916515.4, 1029594, 5046182, 8659856, 8659856, 8659856, 1
20.001781, 10.000989, 241, 3997, 381413.0, 240866, 835386, 4207799, 4858523, 4858523, 0
30.00178, 9.999999, 360, 4068, 220804.6, 206084, 497091, 578135, 723525, 723525, 5
40.001855, 10.000075, 345, 4021, 220861.0, 183662, 506603, 609675, 630168, 630168, 9
50.001781, 9.999926, 332, 4112, 234895.8, 217222, 490837, 596208, 695531, 695531, 1
60.001779, 9.999998, 366, 4100, 218439.8, 185774, 453446, 595033, 792547, 792547, 2
64.011814, 4.010035, 45, 4100, 223110.1, 185328, 463135, 648125, 742050, 742050, 2
