elapsed, window, n, min, mean, median, 95th, 99th, 99_9th, max, errors
10.000562, 10.000562, 16, 3881, 3632709.7, 1927463, 8575512, 8579966, 8579966, 8579966, 2
20.001592, 10.00103, 249, 3739, 364995.4, 314563, 754186, 1389684, 8038101, 8038101, 3
30.001617, 10.000025, 260, 3808, 309096.1, 262327, 720508, 991915, 1213124, 1213124, 3
40.001611, 9.999994, 241, 3783, 328349.4, 267152, 805436, 1032447, 1494120, 1494120, 3
50.001771, 10.00016, 249, 3814, 322621.3, 314317, 668150, 774262, 891328, 891328, 1
60.001595, 9.999824, 234, 3825, 329072.4, 316288, 727904, 872111, 875594, 875594, 4
64.010647, 4.009052, 34, 3825, 341768.0, 316288, 750553, 872111, 900034, 900034, 0
