elapsed, window, n, min, mean, median, 95th, 99th, 99_9th, max, errors
10.000716, 10.000716, 17, 3854, 4546240.9, 4681459, 9857621, 9986883, 9986883, 9986883, 0
20.001724, 10.001008, 206, 3881, 551721.9, 328823, 1286226, 9413142, 9986883, 9986883, 3
30.001764, 10.00004, 219, 3774, 357679.7, 321915, 897142, 1213951, 1432956, 1432956, 1
40.001707, 9.999943, 211, 3916, 360926.4, 327342, 786867, 1069650, 1173573, 1173573, 0
50.001719, 10.000012, 227, 3916, 343647.1, 325345, 821500, 1112778, 1138314, 1138314, 5
60.001706, 9.999987, 229, 3883, 338675.4, 259202, 889824, 1135212, 1345287, 1345287, 3
64.010789, 4.009083, 30, 3976, 348731.8, 261582, 963573, 1169435, 1274417, 1274417, 1
