elapsed, window, n, min, mean, median, 95th, 99th, 99_9th, max, errors
10.00097, 10.00097, 16, 4209, 2597750.3, 2736057, 4811652, 5052293, 5052293, 5052293, 0
20.001836, 10.000866, 270, 3990, 430424.1, 215105, 933199, 6789911, 10737066, 10737066, 2
30.001859, 10.000023, 380, 3909, 205717.6, 182362, 468343, 579719, 803218, 803218, 5
40.001832, 9.999973, 339, 4097, 230461.3, 191778, 529643, 652035, 886105, 886105, 2
50.001839, 10.000007, 331, 4057, 237120.2, 231371, 514359, 583587, 755113, 755113, 7
60.001831, 9.999992, 340, 4081, 232721.5, 218887, 519917, 650008, 785645, 785645, 4
64.01089, 4.009059, 42, 4081, 231181.9, 224717, 506686, 607711, 756908, 756908, 0
