elapsed, window, n, min, mean, median, 95th, 99th, 99_9th, max, errors
10.001231, 10.001231, 5, 1731050, 4135552.4, 4725073, 5968995, 5968995, 5968995, 5968995, 0
20.001064, 9.999833, 172, 3903, 787803.3, 401486, 1772045, 10169175, 10995991, 10995991, 2
30.001053, 9.999989, 219, 3852, 359107.5, 326194, 891540, 1131622, 1146939, 1146939, 5
40.001054, 10.000001, 209, 3909, 364129.2, 324774, 903375, 1167428, 1390843, 1390843, 6
50.00107, 10.000016, 236, 3894, 330935.6, 320146, 818189, 1112707, 1154198, 1154198, 3
60.001073, 10.000003, 222, 3883, 352499.7, 326235, 889812, 1066656, 1227662, 1227662, 1
64.009095, 4.008022, 23, 3883, 386915.9, 333237, 891113, 1041098, 1227662, 1227662, 0
