elapsed, window, n, min, mean, median, 95th, 99th, 99_9th, max, errors
10.000969, 10.000969, 21, 4886, 3231707.3, 2366685, 8276541, 9062565, 9062565, 9062565, 0
20.002589, 10.00162, 268, 4591, 347874.7, 257515, 770673, 2182992, 4499035, 4499035, 1
30.002368, 9.999779, 256, 4702, 310152.0, 268167, 650745, 861086, 1135675, 1135675, 2
40.001959, 9.999591, 250, 4614, 310054.6, 263857, 716233, 816254, 973021, 973021, 4
50.001967, 10.000008, 269, 4528, 288020.4, 258676, 700970, 918749, 948327, 948327, 5
60.001961, 9.999994, 237, 4535, 325805.4, 269549, 675648, 875990, 948327, 948327, 3
64.009029, 4.007068, 31, 4688, 325875.4, 309833, 673736, 880219, 1277780, 1277780, 0
