elapsed, window, n, min, mean, median, 95th, 99th, 99_9th, max, errors
10.000496, 10.000496, 19, 5527, 3976616.4, 2618449, 9067167, 9888696, 9888696, 9888696, 0
20.001492, 10.000996, 232, 5481, 419309.6, 317090, 828988, 2144941, 9888696, 9888696, 4
30.001489, 9.999997, 253, 5581, 308817.1, 311530, 692773, 819586, 944890, 944890, 2
40.00148, 9.999991, 266, 5606, 294265.4, 262191, 641018, 799859, 862991, 862991, 5
50.001489, 10.000009, 240, 5636, 320458.3, 313991, 723115, 914037, 1065729, 1065729, 4
60.001493, 10.000004, 245, 5418, 324469.4, 312199, 771860, 978935, 1211537, 1211537, 1
64.008529, 4.007036, 34, 5501, 333460.9, 316093, 799404, 978935, 1117809, 1117809, 0
