elapsed, window, n, min, mean, median, 95th, 99th, 99_9th, max, errors
10.000356, 10.000356, 8, 1797183, 4873936.0, 4952640, 9177262, 9177262, 9177262, 9177262, 0
20.001368, 10.001012, 195, 3883, 538314.9, 328838, 1007613, 6045221, 11699350, 11699350, 4
30.001345, 9.999977, 198, 3949, 392089.2, 356857, 909159, 1182198, 1320627, 1320627, 2
40.001447, 10.000102, 221, 3857, 370211.9, 330085, 901835, 1047824, 1150261, 1150261, 2
50.001346, 9.999899, 198, 3878, 397988.1, 355818, 901669, 1150261, 1292291, 1292291, 2
60.001363, 10.000017, 227, 3956, 355167.7, 327663, 901540, 1151035, 1462462, 1462462, 3
64.010398, 4.009035, 28, 3957, 338800.3, 327663, 825176, 973529, 1073889, 1073889, 0
