elapsed, window, n, min, mean, median, 95th, 99th, 99_9th, max, errors
10.00042, 10.00042, 24, 530106, 3131000.5, 1758623, 7198059, 7808811, 7808811, 7808811, 0
20.001327, 10.000907, 80, 308079, 1028697.1, 872527, 2121906, 2207682, 2328887, 2328887, 1
30.001315, 9.999988, 80, 372828, 990058.5, 993184, 1490373, 1510027, 1647087, 1647087, 1
40.001316, 10.000001, 84, 368756, 952244.8, 917364, 1490373, 1533313, 1591889, 1591889, 1
50.001319, 10.000003, 83, 373031, 976203.0, 922926, 1422719, 1517349, 1591889, 1591889, 2
60.001311, 9.999992, 84, 400361, 936367.1, 916634, 1312508, 1377790, 1517349, 1517349, 1
64.01036, 4.009049, 16, 450387, 971021.6, 1023502, 1312988, 1342992, 1377790, 1377790, 0
