elapsed, window, n, min, mean, median, 95th, 99th, 99_9th, max, errors
10.000279, 10.000279, 16, 533998, 4162905.0, 4349839, 7343622, 7605350, 7605350, 7605350, 1
20.001284, 10.001005, 78, 341158, 1160435.7, 959870, 2529794, 3101993, 4349839, 4349839, 2
30.001249, 9.999965, 84, 221344, 951537.7, 959324, 1432573, 1575387, 1607062, 1607062, 0
40.001252, 10.000003, 86, 389008, 921586.7, 879923, 1522720, 1568359, 1709443, 1709443, 0
50.00141, 10.000158, 89, 217069, 872089.1, 875208, 1372663, 1395569, 1479724, 1479724, 3
60.001248, 9.999838, 93, 334232, 862951.7, 825190, 1282160, 1482045, 1524671, 1524671, 0
64.013279, 4.012031, 16, 375035, 896228.2, 857596, 1280352, 1345061, 1524671, 1524671, 0
