elapsed, window, n, min, mean, median, 95th, 99th, 99_9th, max, errors
10.001014, 10.001014, 0, 0, 0, 0, 0, 0, 0, 0, 0
20.002017, 10.001003, 61, 233743, 2252464.8, 982666, 11939888, 13211098, 13211149, 13211149, 1
30.002109, 10.000092, 82, 243203, 999348.2, 1017547, 1350696, 1471008, 1474720, 1474720, 0
40.000996, 9.998887, 82, 523478, 971904.8, 985057, 1330583, 1467171, 1629176, 1629176, 1
50.002007, 10.001011, 90, 253913, 881648.8, 865226, 1298845, 1511659, 1627589, 1627589, 2
60.002011, 10.000004, 88, 503176, 901335.5, 889951, 1194313, 1325097, 1349354, 1349354, 1
64.009033, 4.007022, 16, 503176, 920422.0, 978957, 1307525, 1315654, 1349354, 1349354, 0
