elapsed, window, n, min, mean, median, 95th, 99th, 99_9th, max, errors
10.001099, 10.001099, 0, 0, 0, 0, 0, 0, 0, 0, 0
20.001095, 9.999996, 63, 524261, 2316133.5, 903283, 12531313, 13147770, 13147901, 13147901, 1
30.001131, 10.000036, 83, 270089, 965336.8, 999889, 1369689, 1490664, 1496759, 1496759, 1
40.001098, 9.999967, 83, 202975, 944147.2, 998904, 1368094, 1497173, 1643593, 1643593, 3
50.001106, 10.000008, 84, 482222, 967286.0, 982156, 1498719, 1514553, 1627039, 1627039, 0
60.001101, 9.999995, 83, 486032, 937260.2, 874866, 1346329, 1518142, 1676518, 1676518, 1
64.008135, 4.007034, 17, 529909, 986154.4, 915441, 1336214, 1518142, 1676518, 1676518, 0
