elapsed, window, n, min, mean, median, 95th, 99th, 99_9th, max, errors
10.000291, 10.000291, 0, 0, 0, 0, 0, 0, 0, 0, 0
20.001292, 10.001001, 63, 241435, 2232667.6, 1044114, 12055229, 12609964, 13223182, 13223182, 0
30.001286, 9.999994, 89, 503538, 893040.5, 870075, 1320688, 1351568, 1480889, 1480889, 0
40.001286, 10.0, 82, 504552, 987474.6, 1004790, 1327788, 1478907, 1641756, 1641756, 1
50.001293, 10.000007, 81, 260891, 943372.7, 982370, 1476283, 1617465, 1629697, 1629697, 0
60.00129, 9.999997, 83, 200061, 949763.9, 999420, 1341230, 1361132, 1468657, 1468657, 2
64.013323, 4.012033, 18, 200061, 945975.2, 988936, 1332379, 1343107, 1468657, 1468657, 0
