elapsed, window, n, min, mean, median, 95th, 99th, 99_9th, max, errors
10.000705, 10.000705, 0, 0, 0, 0, 0, 0, 0, 0, 1
20.001713, 10.001008, 46, 349054, 2961731.7, 1359851, 12528301, 15270470, 15270470, 15270470, 0
30.001819, 10.000106, 71, 484979, 1137018.1, 1158056, 1691565, 2073485, 2168999, 2168999, 0
40.00168, 9.999861, 71, 358398, 1135374.3, 1122187, 1726629, 1804414, 1892215, 1892215, 0
50.001735, 10.000055, 71, 348883, 1149210.1, 1174287, 1825695, 1892215, 2348541, 2348541, 1
60.001713, 9.999978, 68, 348897, 1167238.7, 1116199, 1701605, 1901788, 2172844, 2172844, 1
64.009774, 4.008061, 15, 348897, 1137226.6, 1114426, 1701605, 1901788, 2172844, 2172844, 0
