elapsed, window, n, min, mean, median, 95th, 99th, 99_9th, max, errors
10.001829, 10.001829, 0, 0, 0, 0, 0, 0, 0, 0, 0
20.001343, 9.999514, 56, 415848, 2342190.2, 1005463, 13150973, 13634350, 13783993, 13783993, 3
30.001659, 10.000316, 86, 399557, 940639.4, 886052, 1424287, 1490783, 2146785, 2146785, 0
40.001258, 9.999599, 85, 402607, 938630.9, 907312, 1440986, 1568012, 1751211, 1751211, 0
50.001264, 10.000006, 81, 467426, 987427.0, 942074, 1625536, 1650413, 1815681, 1815681, 0
60.001264, 10.0, 83, 328452, 950716.0, 895509, 1559105, 1684046, 1891258, 1891258, 0
64.009313, 4.008049, 16, 461231, 1000696.2, 921384, 1660321, 1857215, 1891258, 1891258, 0
