elapsed, window, n, min, mean, median, 95th, 99th, 99_9th, max, errors
10.000696, 10.000696, 0, 0, 0, 0, 0, 0, 0, 0, 0
20.001712, 10.001016, 59, 462518, 2611583.6, 1013125, 13285896, 13285954, 13788287, 13788287, 1
30.001653, 9.999941, 83, 416317, 956845.9, 922440, 1480447, 1788793, 2190501, 2190501, 0
40.001713, 10.00006, 90, 386287, 920810.2, 887520, 1402602, 1598526, 1658651, 1658651, 0
50.001713, 10.0, 85, 349420, 921708.8, 919679, 1391953, 1411119, 1775773, 1775773, 1
60.001676, 9.999963, 90, 416140, 907570.1, 904712, 1400219, 1477874, 1482212, 1482212, 0
64.008716, 4.00704, 17, 402796, 902022.0, 886396, 1371608, 1482212, 2109999, 2109999, 0
