elapsed, window, n, min, mean, median, 95th, 99th, 99_9th, max, errors
10.001216, 10.001216, 0, 0, 0, 0, 0, 0, 0, 0, 0
20.00082, 9.999604, 47, 354986, 3086234.4, 1219588, 14651028, 15988924, 15988924, 15988924, 1
30.001859, 10.001039, 68, 341182, 1147605.2, 1117103, 1727351, 1896047, 1908107, 1908107, 1
40.001812, 9.999953, 69, 338576, 1132756.4, 1120212, 1730629, 1895484, 2179926, 2179926, 1
50.001826, 10.000014, 75, 341367, 1080401.1, 1102870, 1772373, 1802352, 2255178, 2255178, 0
60.001816, 9.99999, 67, 500366, 1163394.6, 1108712, 1771517, 1799124, 2447625, 2447625, 3
64.008916, 4.0071, 17, 500355, 1130828.2, 1108712, 1730859, 1771517, 2447625, 2447625, 0
