elapsed, window, n, min, mean, median, 95th, 99th, 99_9th, max, errors
10.001036, 10.001036, 0, 0, 0, 0, 0, 0, 0, 0, 0
20.001029, 9.999993, 60, 350740, 2482940.8, 963235, 13226946, 13322321, 13328745, 13328745, 1
30.001016, 9.999987, 82, 447866, 969916.1, 937163, 1536279, 1666232, 1811445, 1811445, 1
40.001032, 10.000016, 83, 389277, 966156.9, 939441, 1423696, 1490465, 1666293, 1666293, 2
50.00102, 9.999988, 81, 439706, 949396.4, 906561, 1502496, 1642675, 1713970, 1713970, 0
60.001016, 9.999996, 91, 375168, 904799.4, 856195, 1369152, 1606627, 1656933, 1656933, 0
64.015216, 4.0142, 15, 423922, 932430.3, 895199, 1368919, 1656933, 1838668, 1838668, 0
