elapsed, window, n, min, mean, median, 95th, 99th, 99_9th, max, errors
10.000353, 10.000353, 0, 0, 0, 0, 0, 0, 0, 0, 0
20.001265, 10.000912, 74, 171560, 1872355.5, 954004, 11893110, 12183286, 12475619, 12475619, 2
30.001304, 10.000039, 86, 316323, 898233.1, 936043, 1202070, 1263875, 1380329, 1380329, 1
40.001265, 9.999961, 88, 316323, 890416.2, 910283, 1244609, 1290756, 1328421, 1328421, 2
50.001273, 10.000008, 86, 429645, 911417.9, 933642, 1276146, 1335883, 1545099, 1545099, 1
60.001281, 10.000008, 85, 403441, 935858.6, 940438, 1237261, 1351066, 1361936, 1361936, 0
64.008292, 4.007011, 17, 403441, 941649.8, 944731, 1222257, 1315220, 1361936, 1361936, 0
