elapsed, window, n, min, mean, median, 95th, 99th, 99_9th, max, errors
10.000502, 10.000502, 0, 0, 0, 0, 0, 0, 0, 0, 0
20.001509, 10.001007, 35, 626852, 3893127.9, 1662026, 13752712, 14762649, 14762649, 14762649, 2
30.00153, 10.000021, 49, 592739, 1566704.0, 1525994, 2212134, 2216698, 2216698, 2216698, 0
40.001542, 10.000012, 52, 488424, 1617338.6, 1649889, 2338130, 2424144, 2431019, 2431019, 0
50.001518, 9.999976, 53, 638871, 1480189.9, 1485710, 1969485, 2288519, 2661255, 2661255, 0
60.001495, 9.999977, 55, 870508, 1495022.1, 1454747, 2104440, 2275364, 2967052, 2967052, 0
64.008524, 4.007029, 12, 488095, 1482774.4, 1422200, 2275364, 2586967, 2586967, 2586967, 0
