elapsed, window, n, min, mean, median, 95th, 99th, 99_9th, max, errors
10.000769, 10.000769, 0, 0, 0, 0, 0, 0, 0, 0, 0
20.001794, 10.001025, 57, 503537, 2729085.2, 1271795, 11439529, 12948960, 13158355, 13158355, 0
30.001731, 9.999937, 61, 824857, 1316143.9, 1278346, 1713998, 1906002, 1939877, 1939877, 0
40.001757, 10.000026, 64, 645901, 1234876.3, 1252197, 1621437, 1741111, 1752098, 1752098, 0
50.001856, 10.000099, 66, 647130, 1228135.8, 1252303, 1597945, 1740871, 1760713, 1760713, 1
60.001784, 9.999928, 63, 501197, 1235223.0, 1249089, 1749101, 1898224, 1952405, 1952405, 1
64.008786, 4.007002, 15, 327076, 1186798.4, 1236970, 1559473, 1784203, 1898224, 1898224, 0
