elapsed, window, n, min, mean, median, 95th, 99th, 99_9th, max, errors
10.000971, 10.000971, 22, 533092, 3449815.0, 1789526, 8780644, 9258188, 9258188, 9258188, 0
20.002012, 10.001041, 77, 307784, 1034422.4, 933479, 1832609, 2255865, 2337562, 2337562, 1
30.001975, 9.999963, 79, 355330, 976230.3, 984978, 1483487, 1555360, 1813348, 1813348, 0
40.001977, 10.000002, 86, 340689, 957375.0, 952650, 1497019, 1718334, 1738025, 1738025, 1
50.00198, 10.000003, 81, 441466, 984809.9, 958294, 1418754, 1658708, 1739506, 1739506, 2
60.001978, 9.999998, 80, 404096, 959290.4, 983626, 1486023, 1595054, 1666699, 1666699, 1
64.009991, 4.008013, 16, 451653, 983627.9, 983626, 1486023, 1564079, 1595054, 1595054, 0
