elapsed, window, n, min, mean, median, 95th, 99th, 99_9th, max, errors
10.000254, 10.000254, 0, 0, 0, 0, 0, 0, 0, 0, 0
20.001258, 10.001004, 52, 759969, 2768710.3, 1313734, 12056919, 12545727, 12783211, 12783211, 1
30.001251, 9.999993, 67, 592694, 1155014.0, 1117980, 1596082, 1624757, 1781376, 1781376, 4
40.001244, 9.999993, 64, 644490, 1180523.4, 1149367, 1580184, 1786175, 1893929, 1893929, 1
50.001283, 10.000039, 68, 649119, 1213225.6, 1231945, 1603577, 1765339, 1783939, 1783939, 1
60.001252, 9.999969, 65, 491420, 1188790.6, 1151185, 1558071, 1600683, 1602011, 1602011, 0
64.008311, 4.007059, 16, 491420, 1186468.8, 1150406, 1593898, 1602011, 1899538, 1899538, 0
