elapsed, window, n, min, mean, median, 95th, 99th, 99_9th, max, errors
10.000896, 10.000896, 0, 0, 0, 0, 0, 0, 0, 0, 0
20.001909, 10.001013, 54, 648683, 2823984.8, 1394366, 11719673, 11726464, 12773995, 12773995, 0
30.001899, 9.99999, 66, 486378, 1262239.1, 1260639, 1748614, 1882634, 1884475, 1884475, 0
40.001892, 9.999993, 63, 653575, 1217844.0, 1252276, 1716764, 1759710, 1770025, 1770025, 2
50.001896, 10.000004, 67, 593704, 1213925.0, 1243307, 1705341, 1759974, 1883748, 1883748, 0
60.001897, 10.000001, 67, 492345, 1192671.8, 1240816, 1604233, 1731253, 1780850, 1780850, 0
64.009928, 4.008031, 13, 648618, 1206914.7, 1231283, 1604233, 1791107, 1916401, 1916401, 0
