elapsed, window, n, min, mean, median, 95th, 99th, 99_9th, max, errors
10.000283, 10.000283, 0, 0, 0, 0, 0, 0, 0, 0, 0
20.001291, 10.001008, 73, 499603, 2008989.7, 892805, 10879531, 12595326, 12729962, 12729962, 1
30.001264, 9.999973, 89, 428432, 891619.2, 893284, 1192640, 1313826, 1381479, 1381479, 1
40.001264, 10.0, 86, 393512, 939196.6, 978236, 1242002, 1336578, 1359966, 1359966, 1
50.001271, 10.000007, 88, 393512, 882161.5, 883444, 1202402, 1276179, 1287762, 1287762, 2
60.001263, 9.999992, 86, 394576, 893329.5, 885494, 1155680, 1307975, 1425651, 1425651, 1
64.01034, 4.009077, 18, 394576, 905800.1, 888040, 1209872, 1356119, 1425651, 1425651, 0
