elapsed, window, n, min, mean, median, 95th, 99th, 99_9th, max, errors
10.001136, 10.001136, 0, 0, 0, 0, 0, 0, 0, 0, 0
20.001154, 10.000018, 67, 467478, 1920867.4, 960400, 10830535, 11729172, 12551668, 12551668, 2
30.001166, 10.000012, 87, 502708, 921937.2, 889804, 1219596, 1335202, 1371225, 1371225, 1
40.001203, 10.000037, 85, 519325, 934752.8, 903475, 1349283, 1382139, 1414419, 1414419, 1
50.001181, 9.999978, 85, 549946, 937481.2, 950439, 1268242, 1299581, 1304190, 1304190, 1
60.001136, 9.999955, 84, 500326, 933661.1, 935748, 1227286, 1324093, 1466741, 1466741, 2
64.01718, 4.016044, 16, 500326, 927881.0, 935748, 1227286, 1324093, 1466741, 1466741, 0
