elapsed, window, n, min, mean, median, 95th, 99th, 99_9th, max, errors
10.001145, 10.001145, 0, 0, 0, 0, 0, 0, 0, 0, 0
20.001178, 10.000033, 62, 405868, 2353887.9, 1011567, 10876144, 13841654, 14131240, 14131240, 1
30.00112, 9.999942, 91, 408959, 903374.2, 900211, 1195960, 1260417, 1284350, 1284350, 1
40.001174, 10.000054, 86, 269192, 915523.1, 918049, 1222085, 1416535, 1518019, 1518019, 0
50.001281, 10.000107, 92, 407961, 872875.4, 883076, 1099780, 1273874, 1282574, 1282574, 0
60.001176, 9.999895, 87, 407759, 931830.2, 943088, 1167153, 1241877, 1277549, 1277549, 0
64.008207, 4.007031, 16, 620948, 944918.3, 916525, 1167153, 1198306, 1277549, 1277549, 0
