elapsed, window, n, min, mean, median, 95th, 99th, 99_9th, max, errors
10.000578, 10.000578, 0, 0, 0, 0, 0, 0, 0, 0, 0
20.001582, 10.001004, 51, 402120, 2700971.5, 1253979, 11733369, 12063931, 13877170, 13877170, 1
30.001585, 10.000003, 75, 444012, 1090783.8, 1069520, 1558773, 1629158, 1648408, 1648408, 0
40.001611, 10.000026, 67, 443765, 1159631.2, 1166616, 1634157, 1707671, 1950751, 1950751, 2
50.001575, 9.999964, 70, 626108, 1117363.8, 1084906, 1604468, 1625105, 1753349, 1753349, 1
60.00157, 9.999995, 66, 392930, 1197575.4, 1241738, 1681867, 1827125, 1950931, 1950931, 1
64.008605, 4.007035, 12, 392930, 1234348.9, 1274304, 1757412, 1900131, 1950931, 1950931, 0
