elapsed, window, n, min, mean, median, 95th, 99th, 99_9th, max, errors
10.000231, 10.000231, 0, 0, 0, 0, 0, 0, 0, 0, 0
20.001214, 10.000983, 59, 414838, 2299900.8, 1330440, 10925326, 11375305, 11384971, 11384971, 0
30.001202, 9.999988, 61, 636565, 1330495.7, 1324923, 2009076, 2227851, 2242738, 2242738, 1
40.00126, 10.000058, 64, 590299, 1252433.1, 1264710, 1957148, 1994299, 2041056, 2041056, 0
50.001255, 9.999995, 58, 415641, 1323215.2, 1302279, 1918835, 2139899, 2187042, 2187042, 0
60.001291, 10.000036, 56, 667313, 1409042.7, 1368465, 1978818, 2033463, 2041221, 2041221, 2
64.01024, 4.008949, 15, 735420, 1365784.9, 1363768, 1978818, 2041221, 2041221, 2041221, 0
