elapsed, window, n, min, mean, median, 95th, 99th, 99_9th, max, errors
10.000757, 10.000757, 0, 0, 0, 0, 0, 0, 0, 0, 0
20.001757, 10.001, 53, 607533, 2795545.9, 1565389, 10831631, 11261040, 11261072, 11261072, 1
30.001754, 9.999997, 59, 424496, 1375520.4, 1335781, 2051787, 2131430, 2523253, 2523253, 0
40.001755, 10.000001, 61, 573741, 1347025.0, 1335753, 2023643, 2060785, 2062361, 2062361, 0
50.001766, 10.000011, 55, 531426, 1397870.8, 1446725, 1844864, 2121589, 2286960, 2286960, 0
60.001756, 9.99999, 60, 600674, 1347323.5, 1307026, 1975122, 2122129, 2196935, 2196935, 1
64.007796, 4.00604, 14, 533898, 1334251.5, 1312434, 1811437, 2108205, 2122129, 2122129, 0
