elapsed, window, n, min, mean, median, 95th, 99th, 99_9th, max, errors
10.001286, 10.001286, 0, 0, 0, 0, 0, 0, 0, 0, 0
20.001242, 9.999956, 53, 429396, 2902368.1, 1263410, 12114845, 13928298, 14141961, 14141961, 0
30.00122, 9.999978, 75, 404644, 1095420.3, 1114239, 1499569, 1596339, 1603609, 1603609, 0
40.001214, 9.999994, 72, 443957, 1079778.0, 1068895, 1644890, 1730591, 1740732, 1740732, 0
50.001104, 9.99989, 73, 389925, 1142063.6, 1147507, 1592031, 1661217, 1709040, 1709040, 0
60.001101, 9.999997, 68, 408681, 1117489.9, 1086597, 1637753, 1787080, 1891992, 1891992, 2
64.008157, 4.007056, 17, 408681, 1120670.2, 1074091, 1742884, 1787080, 1891992, 1891992, 0
