elapsed, window, n, min, mean, median, 95th, 99th, 99_9th, max, errors
10.000732, 10.000732, 0, 0, 0, 0, 0, 0, 0, 0, 0
20.001727, 10.000995, 53, 497004, 2832701.2, 1301533, 12475816, 12477242, 12973605, 12973605, 0
30.001686, 9.999959, 58, 527048, 1353862.0, 1296151, 1992068, 2032898, 2084705, 2084705, 1
40.001686, 10.0, 56, 599483, 1430095.8, 1402581, 2029250, 2109654, 2302353, 2302353, 0
50.001714, 10.000028, 64, 498485, 1289939.2, 1217394, 2003226, 2026947, 2371233, 2371233, 0
60.001713, 9.999999, 59, 422871, 1311547.1, 1328109, 1884457, 2236884, 2522826, 2522826, 0
64.010282, 4.008569, 15, 422871, 1375441.7, 1374139, 2092160, 2236884, 2522826, 2522826, 0
