elapsed, window, n, min, mean, median, 95th, 99th, 99_9th, max, errors
10.000899, 10.000899, 0, 0, 0, 0, 0, 0, 0, 0, 0
20.001912, 10.001013, 74, 412407, 2007066.7, 911619, 12113677, 12405081, 12405136, 12405136, 1
30.001886, 9.999974, 86, 379485, 923836.4, 917495, 1275061, 1309544, 1380986, 1380986, 1
40.001953, 10.000067, 87, 312074, 906740.1, 907530, 1247766, 1340885, 1482299, 1482299, 0
50.002082, 10.000129, 92, 372702, 886404.3, 853163, 1259527, 1391145, 1513976, 1513976, 0
60.000915, 9.998833, 84, 372702, 918798.9, 952876, 1211583, 1321031, 1321072, 1321072, 1
64.008956, 4.008041, 16, 485375, 954692.4, 981047, 1244119, 1321031, 1321072, 1321072, 0
