elapsed, window, n, min, mean, median, 95th, 99th, 99_9th, max, errors
10.000874, 10.000874, 5, 424499, 5802838.0, 6352008, 9840844, 9840844, 9840844, 9840844, 0
20.001875, 10.001001, 77, 401804, 1763217.0, 894443, 9840844, 11864703, 12240335, 12240335, 0
30.001865, 9.99999, 89, 392747, 899137.1, 911273, 1230880, 1359932, 1400312, 1400312, 0
40.002206, 10.000341, 84, 345703, 947633.5, 953356, 1359932, 1443333, 1529061, 1529061, 0
50.001881, 9.999675, 86, 423174, 934851.5, 926139, 1295700, 1421314, 1443333, 1443333, 1
60.0019, 10.000019, 86, 320009, 928850.1, 933591, 1250821, 1448405, 1481804, 1481804, 0
64.010932, 4.009032, 14, 467878, 979989.7, 1014576, 1288506, 1411990, 1448405, 1448405, 1
