elapsed, window, n, min, mean, median, 95th, 99th, 99_9th, max, errors
10.000736, 10.000736, 0, 0, 0, 0, 0, 0, 0, 0, 0
20.001742, 10.001006, 52, 632559, 2849937.9, 1250094, 12138518, 13958583, 14353592, 14353592, 0
30.001722, 9.99998, 68, 632559, 1137111.8, 1139718, 1556824, 1762249, 2000498, 2000498, 0
40.001727, 10.000005, 70, 447284, 1151443.0, 1127275, 1651672, 1693991, 1848937, 1848937, 0
50.00173, 10.000003, 66, 569889, 1157953.7, 1127532, 1572431, 1689798, 1857729, 1857729, 3
60.001722, 9.999992, 68, 485368, 1163352.8, 1157476, 1655139, 1813098, 1897734, 1897734, 1
64.019765, 4.018043, 16, 485368, 1154072.8, 1164344, 1624850, 1657687, 1897734, 1897734, 0
