elapsed, window, n, min, mean, median, 95th, 99th, 99_9th, max, errors
10.000573, 10.000573, 88, 4703, 872667.4, 429775, 3798569, 5337434, 6263429, 6263429, 1
20.001658, 10.001085, 275, 4762, 287740.2, 226191, 675043, 1028943, 1641239, 1641239, 4
30.001679, 10.000021, 281, 4736, 277281.3, 221368, 654844, 796851, 1085239, 1085239, 6
40.001593, 9.999914, 248, 4861, 314565.3, 263652, 646078, 854496, 1133856, 1133856, 3
50.001668, 10.000075, 275, 4712, 283978.1, 248926, 642776, 795809, 917365, 917365, 4
60.001552, 9.999884, 265, 4790, 297841.8, 250638, 789595, 889449, 1006465, 1006465, 3
64.012581, 4.011029, 36, 4790, 289084.9, 249844, 719161, 887986, 891631, 891631, 0
