elapsed, window, n, min, mean, median, 95th, 99th, 99_9th, max, errors
10.000911, 10.000911, 94, 4366, 793253.1, 359024, 2748826, 4211668, 4212059, 4212059, 1
20.001907, 10.000996, 260, 4324, 299845.1, 248358, 783566, 1642692, 1921344, 1921344, 4
30.001897, 9.99999, 285, 4418, 282931.5, 250419, 652347, 784477, 1027403, 1027403, 1
40.001914, 10.000017, 270, 4420, 288011.6, 248480, 643202, 890312, 1069801, 1069801, 4
50.001905, 9.999991, 272, 4391, 287960.3, 252125, 602374, 784874, 1069455, 1069455, 3
60.001894, 9.999989, 294, 4248, 269551.0, 219985, 645483, 783710, 995747, 995747, 3
64.010936, 4.009042, 36, 4432, 280669.9, 222716, 673390, 786821, 995747, 995747, 0
