elapsed, window, n, min, mean, median, 95th, 99th, 99_9th, max, errors
10.000577, 10.000577, 17, 3948, 3538691.0, 3346168, 8391678, 8392580, 8392580, 8392580, 0
20.001746, 10.001169, 249, 3938, 392706.1, 188577, 705244, 4452353, 8218349, 8218349, 0
30.001688, 9.999942, 324, 3877, 243269.4, 189501, 534012, 808353, 1143066, 1143066, 3
40.00157, 9.999882, 324, 3986, 243389.4, 186888, 516208, 695033, 808717, 808717, 3
50.001611, 10.000041, 331, 3895, 239285.6, 189411, 644565, 670833, 828651, 828651, 7
60.001625, 10.000014, 331, 3915, 243110.0, 190042, 528882, 670777, 811484, 811484, 3
64.011645, 4.01002, 45, 3915, 234653.8, 188577, 507158, 666669, 811484, 811484, 0
