elapsed, window, n, min, mean, median, 95th, 99th, 99_9th, max, errors
10.000829, 10.000829, 25, 4231, 2416066.5, 2029757, 6461491, 9896257, 9896257, 9896257, 0
20.00184, 10.001011, 239, 4055, 436643.0, 206953, 674270, 7045073, 11668208, 11668208, 4
30.001824, 9.999984, 318, 3980, 242378.2, 191723, 530306, 671582, 679509, 679509, 5
40.001829, 10.000005, 306, 4106, 263362.1, 196606, 558540, 817536, 837906, 837906, 2
50.001898, 10.000069, 347, 4037, 224960.2, 188585, 516837, 664171, 817135, 817135, 4
60.001861, 9.999963, 317, 3976, 249158.5, 194928, 530153, 808604, 854867, 854867, 5
64.008886, 4.007025, 41, 3976, 246644.6, 193062, 530153, 810518, 854867, 854867, 0
