elapsed, window, n, min, mean, median, 95th, 99th, 99_9th, max, errors
10.0012, 10.0012, 22, 4017, 1910188.6, 386806, 5320920, 6018880, 6018880, 6018880, 0
20.001646, 10.000446, 265, 4033, 438713.6, 189201, 1145457, 6387601, 8201640, 8201640, 1
30.001551, 9.999905, 321, 3975, 241363.3, 186968, 514192, 795951, 825162, 825162, 4
40.001676, 10.000125, 307, 3836, 253152.4, 186437, 641273, 680443, 959810, 959810, 3
50.00155, 9.999874, 331, 3999, 242180.5, 186471, 506169, 662859, 794451, 794451, 2
60.001642, 10.000092, 321, 4081, 244198.4, 193421, 502271, 648204, 669811, 669811, 6
64.008594, 4.006952, 41, 4063, 246184.5, 192644, 504168, 656094, 661393, 661393, 1
