elapsed, window, n, min, mean, median, 95th, 99th, 99_9th, max, errors
10.001022, 10.001022, 8, 10739, 1089199.0, 238710, 6630271, 6630271, 6630271, 6630271, 0
20.001022, 10.0, 241, 3805, 605866.0, 185396, 736514, 12743416, 12759253, 12759253, 6
30.001018, 9.999996, 366, 3820, 221687.5, 238848, 564087, 732720, 828626, 828626, 0
40.001018, 10.0, 347, 3760, 224984.9, 184995, 585915, 752171, 1042341, 1042341, 5
50.001029, 10.000011, 362, 3734, 215918.8, 205990, 500470, 714934, 821868, 821868, 4
60.00102, 9.999991, 385, 3728, 203227.5, 154526, 565244, 727043, 1010904, 1010904, 4
64.008102, 4.007082, 37, 3728, 201408.8, 134195, 565134, 733785, 1010904, 1010904, 0
