elapsed, window, n, min, mean, median, 95th, 99th, 99_9th, max, errors
10.000488, 10.000488, 26, 4117, 2298576.5, 553115, 6682095, 7226051, 7226051, 7226051, 0
20.001508, 10.00102, 139, 3607, 692231.5, 524466, 1277088, 5872589, 10607140, 10607140, 0
30.001491, 9.999983, 184, 3811, 438891.1, 386496, 1003671, 1383362, 1623803, 1623803, 1
40.001492, 10.000001, 184, 3797, 422411.9, 382802, 874341, 1246026, 1625421, 1625421, 2
50.001491, 9.999999, 180, 3831, 444356.8, 450949, 900588, 1175067, 1490149, 1490149, 2
60.001516, 10.000025, 179, 3851, 442913.2, 419571, 1070039, 1148687, 1209271, 1209271, 2
64.008531, 4.007015, 23, 3851, 453497.3, 450894, 1041751, 1148687, 1209271, 1209271, 0
