elapsed, window, n, min, mean, median, 95th, 99th, 99_9th, max, errors
10.001041, 10.001041, 36, 4108, 1694727.3, 297385, 6019511, 7567917, 7567917, 7567917, 0
20.00103, 9.999989, 291, 4061, 325865.9, 192940, 704141, 3007096, 5520172, 5520172, 7
30.001029, 9.999999, 323, 4023, 243896.5, 214211, 576632, 704141, 948639, 948639, 1
40.001025, 9.999996, 334, 3969, 235984.6, 216948, 521791, 624384, 832428, 832428, 2
50.001032, 10.000007, 340, 3994, 232265.9, 191979, 526711, 627480, 802014, 802014, 5
60.001114, 10.000082, 356, 4020, 219809.8, 189940, 497701, 619372, 798852, 798852, 4
64.008069, 4.006955, 48, 3964, 219532.4, 189859, 511434, 619372, 798852, 798852, 1
