elapsed, window, n, min, mean, median, 95th, 99th, 99_9th, max, errors
10.000612, 10.000612, 37, 3691, 1680335.8, 783945, 5538922, 7524053, 7524053, 7524053, 1
20.001594, 10.000982, 218, 3649, 377289.4, 280282, 1068707, 2993586, 5442045, 5442045, 6
30.001577, 9.999983, 241, 3748, 328542.1, 282218, 868454, 1102529, 1166579, 1166579, 3
40.001577, 10.0, 260, 3713, 305088.4, 281830, 756796, 928185, 1042846, 1042846, 3
50.001588, 10.000011, 260, 3602, 300495.3, 279768, 797322, 934804, 1228930, 1228930, 3
60.001585, 9.999997, 283, 3657, 280154.4, 279518, 751528, 932157, 1347500, 1347500, 3
64.01563, 4.014045, 32, 3680, 299379.2, 283893, 768066, 1003848, 1347500, 1347500, 2
