elapsed, window, n, min, mean, median, 95th, 99th, 99_9th, max, errors
10.000869, 10.000869, 0, 0, 0, 0, 0, 0, 0, 0, 0
20.001855, 10.000986, 241, 3970, 574946.6, 181683, 893768, 12889704, 13644676, 13644676, 3
30.00185, 9.999995, 349, 3970, 230044.4, 237076, 578882, 792495, 893356, 893356, 5
40.001863, 10.000013, 367, 3985, 209249.2, 181429, 560331, 800811, 938006, 938006, 4
50.001858, 9.999995, 384, 3908, 209258.0, 158702, 564205, 711138, 731852, 731852, 2
60.001847, 9.999989, 361, 3898, 212394.4, 200930, 561561, 673365, 1058423, 1058423, 5
64.011895, 4.010048, 41, 3907, 223591.0, 236937, 561561, 708450, 817642, 817642, 2
