elapsed, window, n, min, mean, median, 95th, 99th, 99_9th, max, errors
10.000505, 10.000505, 0, 0, 0, 0, 0, 0, 0, 0, 0
20.001406, 10.000901, 221, 3837, 621452.1, 205448, 1395509, 13020337, 13116305, 13116305, 8
30.001455, 10.000049, 350, 3920, 225652.2, 237186, 534184, 723849, 824117, 824117, 2
40.001445, 9.99999, 373, 3852, 207616.7, 182715, 567603, 712611, 1038757, 1038757, 5
50.001401, 9.999956, 368, 3908, 212092.3, 181520, 569681, 820844, 1031394, 1031394, 4
60.001416, 10.000015, 379, 3818, 206371.1, 152556, 582277, 728712, 830392, 830392, 6
64.009451, 4.008035, 52, 3879, 210855.2, 157044, 585105, 710760, 830392, 830392, 0
