elapsed, window, n, min, mean, median, 95th, 99th, 99_9th, max, errors
10.001072, 10.001072, 21, 3854, 2363732.9, 979202, 7616925, 8078437, 8078437, 8078437, 1
20.001042, 9.99997, 193, 3731, 514821.6, 310210, 1226254, 3239059, 10854334, 10854334, 1
30.001039, 9.999997, 259, 3812, 297007.1, 280337, 827224, 994738, 1229420, 1229420, 4
40.001039, 10.0, 233, 3784, 337202.3, 309496, 856698, 1134978, 1246946, 1246946, 6
50.001045, 10.000006, 236, 3678, 329160.9, 309283, 794030, 1065818, 1408963, 1408963, 4
60.001182, 10.000137, 240, 3741, 335971.1, 311533, 859773, 1161810, 1299112, 1299112, 2
64.010071, 4.008889, 26, 3741, 325991.3, 310033, 764406, 1006149, 1352574, 1352574, 2
