elapsed, window, n, min, mean, median, 95th, 99th, 99_9th, max, errors
10.00072, 10.00072, 21, 5488, 3668055.4, 2399018, 9256680, 9339995, 9339995, 9339995, 0
20.001716, 10.000996, 224, 3282, 467132.4, 334031, 936881, 3231565, 9339995, 9339995, 1
30.001762, 10.000046, 235, 3312, 327596.9, 327787, 676989, 829130, 1138818, 1138818, 4
40.001693, 9.999931, 250, 3336, 320327.3, 327411, 675904, 836777, 1011621, 1011621, 3
50.0017, 10.000007, 232, 3368, 338268.4, 334581, 689121, 860514, 1321233, 1321233, 2
60.001696, 9.999996, 240, 3170, 333713.1, 328477, 687183, 855806, 1321233, 1321233, 5
64.011744, 4.010048, 30, 3337, 346692.3, 331578, 748528, 855806, 999560, 999560, 1
