elapsed, window, n, min, mean, median, 95th, 99th, 99_9th, max, errors
10.000544, 10.000544, 20, 3597, 3634323.0, 859570, 8901295, 9197846, 9197846, 9197846, 0
20.001542, 10.000998, 221, 3328, 429720.2, 336844, 798136, 2433892, 9197846, 9197846, 1
30.001543, 10.000001, 237, 3438, 328560.2, 329150, 666147, 837936, 978192, 978192, 5
40.001549, 10.000006, 253, 3338, 315694.2, 326094, 669352, 834275, 988093, 988093, 1
50.001565, 10.000016, 239, 3306, 337015.9, 329694, 679350, 826079, 981514, 981514, 3
60.001552, 9.999987, 224, 3317, 352078.1, 338323, 675344, 839587, 1010145, 1010145, 2
64.00959, 4.008038, 31, 3317, 349569.2, 339304, 674962, 996108, 1012133, 1012133, 2
