elapsed, window, n, min, mean, median, 95th, 99th, 99_9th, max, errors
10.000389, 10.000389, 20, 3586, 3348297.4, 180195, 9805930, 9806989, 9806989, 9806989, 0
20.001369, 10.00098, 223, 3353, 579097.6, 336767, 988106, 9805930, 10417453, 10417453, 2
30.001413, 10.000044, 227, 3221, 352003.5, 337744, 679330, 857899, 1315125, 1315125, 3
40.001377, 9.999964, 239, 3320, 329419.8, 337024, 663481, 823644, 838277, 838277, 2
50.001399, 10.000022, 255, 3284, 309456.2, 327216, 662791, 802972, 1001393, 1001393, 3
60.00139, 9.999991, 236, 3334, 325795.0, 328371, 679732, 838703, 984033, 984033, 6
64.009455, 4.008065, 26, 3334, 349697.7, 337030, 697591, 846735, 984033, 984033, 0
