elapsed, window, n, min, mean, median, 95th, 99th, 99_9th, max, errors
10.000212, 10.000212, 62, 4561, 1258450.8, 400498, 6138785, 6600794, 7289070, 7289070, 1
20.001249, 10.001037, 256, 4435, 303606.3, 253085, 666372, 814182, 1098865, 1098865, 4
30.001221, 9.999972, 287, 4511, 276891.5, 221642, 658039, 750616, 800501, 800501, 2
40.001215, 9.999994, 306, 4379, 257846.2, 219258, 606766, 720296, 887732, 887732, 2
50.001215, 10.0, 297, 4518, 266636.4, 225953, 636030, 849630, 926765, 926765, 2
60.001211, 9.999996, 285, 4483, 278481.0, 243369, 611124, 789137, 996710, 996710, 2
64.013241, 4.01203, 39, 4483, 270905.0, 243369, 601691, 791769, 996710, 996710, 0
