elapsed, window, n, min, mean, median, 95th, 99th, 99_9th, max, errors
10.001016, 10.001016, 36, 4179, 2173385.4, 1299015, 4923905, 9232728, 9232728, 9232728, 0
20.002059, 10.001043, 315, 3208, 276238.9, 217376, 550584, 1424810, 3166734, 3166734, 1
30.001053, 9.998994, 361, 3171, 221111.0, 204914, 481258, 626501, 669779, 669779, 4
40.001009, 9.999956, 352, 3259, 222277.5, 209430, 507868, 613831, 783866, 783866, 5
50.002017, 10.001008, 389, 3308, 203621.2, 202540, 422694, 550443, 681413, 681413, 3
60.002033, 10.000016, 390, 3267, 200366.5, 199046, 415380, 612200, 686223, 686223, 5
64.009116, 4.007083, 48, 3267, 201144.9, 200480, 419295, 549398, 686223, 686223, 0
