elapsed, window, n, min, mean, median, 95th, 99th, 99_9th, max, errors
10.000925, 10.000925, 49, 3356, 1519314.0, 622393, 5538594, 8046786, 8046786, 8046786, 2
20.00181, 10.000885, 340, 3293, 249358.2, 210400, 510294, 1181129, 1903113, 1903113, 1
30.001822, 10.000012, 367, 3283, 217717.7, 212163, 408764, 600001, 707132, 707132, 2
40.001796, 9.999974, 377, 3165, 206961.8, 197638, 463379, 598464, 743352, 743352, 6
50.001797, 10.000001, 360, 3248, 211837.9, 201786, 474545, 587418, 704178, 704178, 7
60.001795, 9.999998, 347, 3262, 226704.2, 212295, 481207, 614249, 706331, 706331, 5
64.009829, 4.008034, 47, 3276, 227352.1, 209290, 482918, 636807, 706331, 706331, 0
