elapsed, window, n, min, mean, median, 95th, 99th, 99_9th, max, errors
10.000898, 10.000898, 38, 3419, 2027950.8, 352872, 7268163, 7928700, 7928700, 7928700, 0
20.001949, 10.001051, 333, 3326, 277201.4, 212858, 512749, 1960744, 7131319, 7131319, 2
30.001938, 9.999989, 368, 3167, 211624.7, 203449, 450231, 586724, 630023, 630023, 7
40.001877, 9.999939, 373, 3321, 213631.0, 202913, 459858, 553459, 656376, 656376, 1
50.001889, 10.000012, 364, 3355, 217276.4, 207765, 456192, 530100, 714681, 714681, 4
60.001882, 9.999993, 350, 3351, 227475.3, 240561, 461200, 563619, 663335, 663335, 1
64.007907, 4.006025, 53, 3390, 224001.3, 213918, 458513, 563619, 663335, 663335, 1
