elapsed, window, n, min, mean, median, 95th, 99th, 99_9th, max, errors
10.001128, 10.001128, 21, 5706, 2388273.6, 2306577, 6540773, 7183235, 7183235, 7183235, 0
20.001123, 9.999995, 218, 4498, 489765.5, 313781, 1238036, 3015457, 10139071, 10139071, 2
30.001159, 10.000036, 247, 4498, 324161.0, 315329, 713325, 804766, 887872, 887872, 4
40.001075, 9.999916, 230, 4579, 344048.4, 321481, 694818, 768079, 872340, 872340, 3
50.001082, 10.000007, 257, 4667, 306492.9, 266294, 642848, 798291, 1105403, 1105403, 5
60.001075, 9.999993, 256, 4592, 311824.6, 269724, 704896, 815794, 1175725, 1175725, 2
64.008101, 4.007026, 36, 4592, 314342.1, 311089, 689717, 770493, 892259, 892259, 0
