elapsed, window, n, min, mean, median, 95th, 99th, 99_9th, max, errors
10.000263, 10.000263, 20, 3935, 2811958.9, 1364564, 8817543, 9436696, 9436696, 9436696, 1
20.001303, 10.00104, 227, 3889, 438144.1, 314459, 873791, 4119510, 9436696, 9436696, 3
30.001244, 9.999941, 247, 3941, 321645.5, 267605, 726720, 873291, 1051043, 1051043, 3
40.001241, 9.999997, 249, 3853, 317344.8, 271948, 680870, 876061, 1034606, 1034606, 5
50.001263, 10.000022, 251, 3903, 317466.6, 316147, 670364, 807899, 905250, 905250, 2
60.001236, 9.999973, 276, 3850, 294056.4, 265567, 643727, 858928, 1031524, 1031524, 3
64.008266, 4.00703, 27, 3919, 301522.0, 267162, 692530, 808232, 886349, 886349, 1
