elapsed, window, n, min, mean, median, 95th, 99th, 99_9th, max, errors
10.001185, 10.001185, 13, 425315, 2952570.5, 1630297, 7435526, 7718120, 7718120, 7718120, 0
20.001214, 10.000029, 268, 4190, 411782.5, 244270, 737739, 6274503, 10995258, 10995258, 4
30.001203, 9.999989, 342, 4068, 228835.9, 193253, 510294, 587735, 688430, 688430, 3
40.001164, 9.999961, 343, 4004, 231099.9, 229621, 510448, 620305, 788282, 788282, 3
50.001184, 10.00002, 340, 4080, 234181.6, 211235, 503399, 585905, 737259, 737259, 3
60.001267, 10.000083, 352, 4095, 222991.4, 190352, 515461, 610725, 724177, 724177, 6
64.00824, 4.006973, 44, 4095, 229314.7, 213958, 524094, 611195, 695852, 695852, 0
