elapsed, window, n, min, mean, median, 95th, 99th, 99_9th, max, errors
10.000444, 10.000444, 19, 3946, 2380472.8, 1266634, 6841589, 6949215, 6949215, 6949215, 1
20.001442, 10.000998, 245, 4097, 456536.1, 214814, 658399, 7585292, 12633697, 12633697, 3
30.001434, 9.999992, 334, 4042, 232855.1, 192237, 511136, 614644, 737699, 737699, 6
40.001433, 9.999999, 336, 4023, 235851.5, 193822, 528744, 622891, 778256, 778256, 1
50.001439, 10.000006, 328, 4060, 237007.5, 245641, 496256, 587946, 706805, 706805, 7
60.001433, 9.999994, 333, 4117, 238569.2, 236604, 496256, 704805, 781940, 781940, 2
64.008472, 4.007039, 39, 4117, 257296.0, 254294, 585237, 719853, 783850, 783850, 0
