elapsed, window, n, min, mean, median, 95th, 99th, 99_9th, max, errors
10.001077, 10.001077, 21, 5677, 2766195.0, 1793622, 7248178, 7328328, 7328328, 7328328, 1
20.001914, 10.000837, 243, 5591, 421709.0, 272278, 863623, 3129581, 7974563, 7974563, 2
30.001932, 10.000018, 257, 5710, 307853.2, 268847, 677247, 870283, 1052674, 1052674, 3
40.00296, 10.001028, 244, 5645, 314178.7, 268446, 719457, 876670, 944327, 944327, 5
50.001903, 9.998943, 236, 5811, 320864.8, 314511, 722870, 903005, 1035364, 1035364, 7
60.002011, 10.000108, 240, 5755, 334448.7, 313662, 726488, 897978, 1128346, 1128346, 2
64.009963, 4.007952, 35, 5943, 326318.0, 277826, 754217, 867276, 1023551, 1023551, 0
