elapsed, window, n, min, mean, median, 95th, 99th, 99_9th, max, errors
10.001282, 10.001282, 11, 4316, 3778979.5, 3118638, 7025733, 8157632, 8157632, 8157632, 0
20.001427, 10.000145, 193, 3936, 593431.4, 386584, 1219437, 7307404, 10429817, 10429817, 4
30.001182, 9.999755, 209, 3956, 380380.0, 329879, 821683, 1142667, 1595810, 1595810, 0
40.00144, 10.000258, 233, 3980, 340341.2, 320412, 808285, 1103302, 1383547, 1383547, 3
50.001315, 9.999875, 208, 4064, 367185.3, 328847, 882071, 1255054, 1426018, 1426018, 2
60.001204, 9.999889, 222, 4023, 364765.4, 327872, 911857, 1124353, 1366921, 1366921, 1
64.015259, 4.014055, 36, 4023, 342932.8, 326381, 879035, 1027692, 1124353, 1124353, 0
