elapsed, window, n, min, mean, median, 95th, 99th, 99_9th, max, errors
10.000513, 10.000513, 11, 153128, 4886110.5, 4305733, 8977710, 8977854, 8977854, 8977854, 0
20.001495, 10.000982, 206, 3836, 498429.8, 328473, 1149496, 2885865, 10210586, 10210586, 2
30.001509, 10.000014, 229, 3821, 345529.2, 323889, 748586, 999939, 1301602, 1301602, 4
40.00151, 10.000001, 208, 4005, 371100.4, 338674, 816221, 1128906, 1348514, 1348514, 1
50.001491, 9.999981, 218, 3945, 363292.5, 328932, 779451, 1027588, 1199443, 1199443, 1
60.001483, 9.999992, 210, 4068, 370659.2, 323636, 886605, 1268760, 1592102, 1592102, 4
64.008538, 4.007055, 30, 4068, 386086.4, 331318, 886605, 1264411, 1592102, 1592102, 0
