elapsed, window, n, min, mean, median, 95th, 99th, 99_9th, max, errors
10.000554, 10.000554, 16, 4107, 3555165.0, 2696930, 7597705, 8420241, 8420241, 8420241, 0
20.001372, 10.000818, 202, 3843, 483438.0, 329069, 1132987, 4367101, 11797937, 11797937, 4
30.001359, 9.999987, 229, 3819, 351307.2, 325064, 905155, 1204777, 1486945, 1486945, 1
40.001347, 9.999988, 226, 3976, 350109.2, 325461, 876973, 1065375, 1289864, 1289864, 1
50.001381, 10.000034, 229, 3924, 344521.7, 328128, 810484, 1024674, 1124130, 1124130, 3
60.00137, 9.999989, 229, 3842, 349394.4, 325305, 815096, 1017367, 1288477, 1288477, 2
64.008418, 4.007048, 23, 3842, 363888.5, 330197, 716634, 1112533, 1288477, 1288477, 1
