elapsed, window, n, min, mean, median, 95th, 99th, 99_9th, max, errors
10.000328, 10.000328, 33, 323774, 2050597.2, 638324, 7958611, 8170755, 8170755, 8170755, 1
20.001252, 10.000924, 117, 294744, 689134.2, 659748, 1248870, 1349352, 1388970, 1388970, 0
30.001243, 9.999991, 119, 308954, 668708.2, 612278, 1177082, 1385393, 1388641, 1388641, 1
40.001274, 10.000031, 119, 309119, 653693.2, 636150, 1032753, 1386922, 1417801, 1417801, 1
50.001369, 10.000095, 128, 248813, 616745.9, 598993, 1062012, 1251012, 1433213, 1433213, 2
60.001256, 9.999887, 121, 269499, 662509.8, 642775, 1078461, 1227080, 1250441, 1250441, 1
64.008317, 4.007061, 17, 269499, 682890.9, 650638, 1078461, 1178232, 1186949, 1186949, 1
