elapsed, window, n, min, mean, median, 95th, 99th, 99_9th, max, errors
10.000989, 10.000989, 38, 323766, 2033808.6, 794273, 6706962, 7854603, 7854603, 7854603, 0
20.002055, 10.001066, 106, 233896, 747063.7, 644472, 1803467, 2096518, 2158090, 2158090, 0
30.000973, 9.998918, 118, 214411, 656389.6, 614313, 1057022, 1316544, 1443002, 1443002, 2
40.001974, 10.001001, 123, 214411, 658437.2, 617278, 1129122, 1208184, 1269947, 1269947, 0
50.00202, 10.000046, 115, 269073, 672967.8, 641573, 1078193, 1365158, 1522225, 1522225, 2
60.001978, 9.999958, 125, 138812, 632065.8, 628619, 1070728, 1149477, 1248521, 1248521, 2
64.00805, 4.006072, 19, 138812, 647295.3, 627754, 1148119, 1248521, 1298947, 1298947, 0
