elapsed, window, n, min, mean, median, 95th, 99th, 99_9th, max, errors
10.000384, 10.000384, 0, 0, 0, 0, 0, 0, 0, 0, 1
20.001383, 10.000999, 94, 321326, 1379856.3, 553033, 4008200, 12179900, 13205688, 13205688, 2
30.001377, 9.999994, 128, 321389, 617759.6, 598471, 992155, 1135558, 1165182, 1165182, 1
40.001402, 10.000025, 126, 325120, 627145.8, 647540, 992079, 1134933, 1171725, 1171725, 1
50.001382, 9.99998, 128, 239385, 616565.3, 549459, 994825, 1305404, 1339965, 1339965, 1
60.001377, 9.999995, 125, 324207, 624224.9, 645480, 982980, 1124864, 1129972, 1129972, 3
64.009405, 4.008028, 21, 324207, 620910.8, 564752, 1009911, 1129972, 1286127, 1286127, 0
