elapsed, window, n, min, mean, median, 95th, 99th, 99_9th, max, errors
10.001441, 10.001441, 6, 3730929, 7137549.8, 5186085, 9898504, 9898504, 9898504, 9898504, 0
20.001269, 9.999828, 94, 167935, 1391841.7, 672050, 7170043, 10041597, 12018998, 12018998, 2
30.001249, 9.99998, 136, 222123, 595805.6, 543596, 956090, 1132279, 1290762, 1290762, 0
40.001242, 9.999993, 136, 322141, 600067.3, 550863, 989521, 1117481, 1128147, 1128147, 0
50.001299, 10.000057, 127, 321136, 594157.0, 558116, 1001906, 1134085, 1187949, 1187949, 2
60.001207, 9.999908, 132, 197958, 620742.8, 650293, 1011283, 1292403, 1294033, 1294033, 0
64.013236, 4.012029, 22, 197958, 604066.4, 639183, 987393, 1138555, 1142588, 1142588, 0
