elapsed, window, n, min, mean, median, 95th, 99th, 99_9th, max, errors
10.000963, 10.000963, 6, 328158, 5037779.8, 3616682, 9215099, 9215099, 9215099, 9215099, 0
20.002094, 10.001131, 84, 27909, 1499688.7, 663453, 10141185, 13634193, 14640165, 14640165, 0
30.001026, 9.998932, 128, 193508, 614193.4, 559013, 1033854, 1317403, 1410040, 1410040, 0
40.002007, 10.000981, 125, 325295, 639117.9, 646785, 1025993, 1290169, 1477893, 1477893, 0
50.002066, 10.000059, 123, 197375, 638556.8, 655368, 1025993, 1290707, 1313290, 1313290, 3
60.000979, 9.998913, 126, 324523, 620066.6, 649994, 990148, 1144328, 1310378, 1310378, 1
64.008085, 4.007106, 22, 324523, 627291.8, 651307, 997234, 1144328, 1161227, 1161227, 0
