elapsed, window, n, min, mean, median, 95th, 99th, 99_9th, max, errors
10.000762, 10.000762, 0, 0, 0, 0, 0, 0, 0, 0, 0
20.001774, 10.001012, 91, 185595, 1457779.5, 656063, 6418812, 12194592, 12215586, 12215586, 0
30.001804, 10.00003, 133, 205289, 602250.8, 574483, 1006846, 1103254, 1110863, 1110863, 0
40.001762, 9.999958, 132, 264670, 590846.7, 549532, 922728, 1080267, 1190017, 1190017, 2
50.001815, 10.000053, 135, 251318, 587532.3, 579844, 945809, 1036522, 1098066, 1098066, 0
60.001781, 9.999966, 131, 248951, 612313.8, 610958, 967046, 1069344, 1078813, 1078813, 0
64.008797, 4.007016, 19, 248951, 623342.0, 624667, 1001601, 1069344, 1078813, 1078813, 0
