elapsed, window, n, min, mean, median, 95th, 99th, 99_9th, max, errors
10.000686, 10.000686, 7, 10187, 5890216.1, 6777352, 9646115, 9646115, 9646115, 9646115, 0
20.001691, 10.001005, 69, 142939, 1863116.7, 857151, 9642039, 11356245, 12389189, 12389189, 1
30.001688, 9.999997, 101, 342725, 806092.6, 763804, 1422337, 1623577, 1862642, 1862642, 0
40.001692, 10.000004, 106, 245304, 737180.9, 692827, 1377170, 1590874, 1612513, 1612513, 2
50.001725, 10.000033, 105, 173609, 734287.8, 693024, 1240155, 1491487, 1611477, 1611477, 1
60.001684, 9.999959, 109, 144083, 743920.8, 694360, 1176984, 1795516, 1860535, 1860535, 0
64.00875, 4.007066, 17, 144083, 778929.7, 695788, 1581399, 1795516, 1860535, 1860535, 0
