elapsed, window, n, min, mean, median, 95th, 99th, 99_9th, max, errors
10.001113, 10.001113, 0, 0, 0, 0, 0, 0, 0, 0, 0
20.001136, 10.000023, 81, 224343, 1824817.3, 631883, 12818454, 13429412, 14710070, 14710070, 1
30.001107, 9.999971, 132, 81285, 607878.9, 602381, 1042482, 1154739, 1314625, 1314625, 0
40.001296, 10.000189, 129, 123490, 622797.9, 544335, 1045355, 1283987, 1314625, 1314625, 1
50.001144, 9.999848, 127, 300510, 626226.8, 584581, 1057668, 1445229, 1450920, 1450920, 0
60.001107, 9.999963, 122, 197723, 649820.4, 592287, 1089416, 1281552, 1307623, 1307623, 0
64.009175, 4.008068, 23, 197723, 652829.9, 608745, 1150455, 1307623, 1334505, 1334505, 0
