elapsed, window, n, min, mean, median, 95th, 99th, 99_9th, max, errors
10.000537, 10.000537, 0, 0, 0, 0, 0, 0, 0, 0, 0
20.001549, 10.001012, 86, 221297, 1659298.3, 553293, 12879456, 13517160, 14543664, 14543664, 2
30.001529, 9.99998, 139, 116134, 569360.9, 537214, 1061034, 1344176, 1397612, 1397612, 1
40.001541, 10.000012, 127, 116134, 622743.4, 591510, 1032791, 1446127, 1546941, 1546941, 0
50.001532, 9.999991, 132, 262215, 609644.7, 574154, 1046533, 1236128, 1296026, 1296026, 0
60.001527, 9.999995, 128, 180906, 619192.6, 600044, 1069690, 1309738, 1670883, 1670883, 1
64.011617, 4.01009, 23, 225375, 618508.0, 595843, 1087940, 1309738, 1670883, 1670883, 0
