elapsed, window, n, min, mean, median, 95th, 99th, 99_9th, max, errors
10.000685, 10.000685, 9, 1069723, 5551720.8, 6697536, 9770704, 9770704, 9770704, 9770704, 0
20.001705, 10.00102, 69, 148565, 2022597.0, 906543, 9527960, 12240004, 12530322, 12530322, 2
30.001759, 10.000054, 113, 219505, 703727.7, 600549, 1246645, 1658074, 1761615, 1761615, 0
40.001731, 9.999972, 105, 81355, 749454.6, 692011, 1452767, 1726124, 1796908, 1796908, 2
50.001727, 9.999996, 102, 141570, 767276.6, 694206, 1423955, 1651003, 1728273, 1728273, 1
60.001688, 9.999961, 108, 63643, 736944.7, 694669, 1290192, 1484242, 1761116, 1761116, 1
64.015704, 4.014016, 21, 63643, 734434.4, 694669, 1350276, 1414020, 1448494, 1448494, 0
