elapsed, window, n, min, mean, median, 95th, 99th, 99_9th, max, errors
10.001003, 10.001003, 0, 0, 0, 0, 0, 0, 0, 0, 0
20.001977, 10.000974, 50, 528140, 2750526.3, 1338139, 12075700, 13664969, 13664969, 13664969, 0
30.001969, 9.999992, 72, 357823, 1158126.9, 1107222, 1693254, 2033751, 2069866, 2069866, 0
40.002016, 10.000047, 68, 419354, 1130704.4, 1036262, 1831675, 2075741, 2240674, 2240674, 1
50.001974, 9.999958, 72, 410419, 1072337.4, 1036787, 1621405, 1937565, 2034940, 2034940, 1
60.001987, 10.000013, 69, 418223, 1140973.0, 1174901, 1692304, 1794270, 2106586, 2106586, 0
64.011017, 4.00903, 16, 410323, 1171726.6, 1109333, 1726563, 1794270, 2106586, 2106586, 0
