elapsed, window, n, min, mean, median, 95th, 99th, 99_9th, max, errors
10.000186, 10.000186, 6, 6910306, 7751982.5, 7916501, 7925978, 7925978, 7925978, 7925978, 0
20.001191, 10.001005, 88, 279682, 1252643.0, 650187, 3364872, 11001518, 11258059, 11258059, 1
30.001238, 10.000047, 132, 221044, 609202.2, 572349, 1070984, 1403631, 1427269, 1427269, 1
40.001262, 10.000024, 134, 123848, 596015.1, 562818, 1028531, 1243646, 1403631, 1403631, 2
50.001179, 9.999917, 127, 256624, 635407.6, 582012, 1173195, 1376204, 1455584, 1455584, 1
60.001158, 9.999979, 130, 204625, 616091.1, 583360, 1033066, 1350990, 1513054, 1513054, 1
64.010212, 4.009054, 20, 204625, 601721.2, 573083, 1033066, 1350990, 1395185, 1395185, 0
