elapsed, window, n, min, mean, median, 95th, 99th, 99_9th, max, errors
10.000774, 10.000774, 7, 9443232, 9514527.0, 9444997, 9934361, 9934361, 9934361, 9934361, 0
20.001718, 10.000944, 79, 482856, 1241933.2, 829530, 2941127, 9934361, 10689545, 10689545, 0
30.001669, 9.999951, 95, 337956, 822409.0, 832848, 1300354, 1336330, 1647982, 1647982, 2
40.001683, 10.000014, 91, 417183, 885912.0, 840130, 1333876, 1476307, 1496841, 1496841, 0
50.001792, 10.000109, 97, 324742, 822080.7, 823725, 1314627, 1331589, 1496841, 1496841, 1
60.001664, 9.999872, 93, 352422, 855354.0, 836658, 1316096, 1358774, 1525317, 1525317, 0
64.008698, 4.007034, 17, 343905, 872463.3, 842998, 1320787, 1363016, 1525317, 1525317, 0
