elapsed, window, n, min, mean, median, 95th, 99th, 99_9th, max, errors
10.000892, 10.000892, 0, 0, 0, 0, 0, 0, 0, 0, 0
20.001883, 10.000991, 76, 419260, 1650658.8, 1000777, 9914964, 11926541, 12243357, 12243357, 1
30.001871, 9.999988, 88, 341803, 874581.9, 843992, 1312181, 1486773, 1488791, 1488791, 3
40.001895, 10.000024, 94, 417235, 853155.1, 833307, 1193557, 1332571, 1334041, 1334041, 0
50.001912, 10.000017, 95, 346666, 834487.0, 833040, 1199325, 1343759, 1351659, 1351659, 0
60.001869, 9.999957, 100, 331035, 788593.8, 811890, 1292247, 1368049, 1507623, 1507623, 1
64.00993, 4.008061, 19, 343604, 781503.3, 811896, 1311772, 1368049, 1507623, 1507623, 0
