elapsed, window, n, min, mean, median, 95th, 99th, 99_9th, max, errors
10.000377, 10.000377, 31, 323655, 2487414.5, 858049, 7961175, 8644402, 8644402, 8644402, 0
20.001376, 10.000999, 125, 218363, 628143.6, 584101, 1152466, 1338827, 1360973, 1360973, 2
30.001376, 10.0, 125, 268500, 630215.1, 573768, 1145347, 1379866, 1473023, 1473023, 0
40.001371, 9.999995, 120, 209527, 666334.1, 639144, 1097249, 1255776, 1390098, 1390098, 0
50.001389, 10.000018, 115, 280625, 677076.3, 651144, 1073242, 1323632, 1329014, 1329014, 1
60.001371, 9.999982, 126, 214039, 639970.2, 608678, 993400, 1175083, 1183874, 1183874, 0
64.008396, 4.007025, 21, 214039, 649932.5, 639947, 1068667, 1183874, 1203772, 1203772, 0
