elapsed, window, n, min, mean, median, 95th, 99th, 99_9th, max, errors
10.000334, 10.000334, 0, 0, 0, 0, 0, 0, 0, 0, 0
20.001318, 10.000984, 81, 413687, 1779038.0, 846488, 10951709, 12168438, 12486660, 12486660, 1
30.001265, 9.999947, 98, 343792, 807388.2, 824230, 1156127, 1344665, 1476030, 1476030, 1
40.001291, 10.000026, 95, 324505, 814964.1, 823736, 1186379, 1353469, 1356844, 1356844, 1
50.001345, 10.000054, 99, 356470, 801969.1, 820793, 1165279, 1307915, 1345261, 1345261, 1
60.00127, 9.999925, 94, 413131, 856778.1, 842991, 1186823, 1340935, 1346934, 1346934, 1
64.011299, 4.010029, 17, 413131, 864432.7, 843277, 1320610, 1346934, 1349032, 1349032, 0
