elapsed, window, n, min, mean, median, 95th, 99th, 99_9th, max, errors
10.000732, 10.000732, 0, 0, 0, 0, 0, 0, 0, 0, 0
20.001734, 10.001002, 120, 272208, 1257651.0, 602169, 10101976, 10587781, 10722148, 10722148, 0
30.001752, 10.000018, 142, 272794, 562768.6, 566022, 834768, 934040, 1032841, 1032841, 0
40.001738, 9.999986, 142, 275917, 561223.8, 549250, 843200, 911736, 916627, 916627, 0
50.001726, 9.999988, 141, 290569, 562214.9, 557971, 831714, 902437, 941575, 941575, 0
60.001791, 10.000065, 143, 281401, 561876.3, 543237, 876665, 1077118, 1100064, 1100064, 1
64.00982, 4.008029, 24, 302193, 556624.1, 552269, 859773, 1040367, 1077118, 1077118, 0
