elapsed, window, n, min, mean, median, 95th, 99th, 99_9th, max, errors
10.000459, 10.000459, 0, 0, 0, 0, 0, 0, 0, 0, 1
20.00143, 10.000971, 108, 360093, 1209383.9, 611179, 2872230, 11945510, 13040408, 13040408, 1
30.001424, 9.999994, 149, 198949, 542578.4, 527483, 837838, 926126, 1028205, 1028205, 1
40.001523, 10.000099, 144, 316662, 540341.1, 529213, 792557, 894256, 927832, 927832, 1
50.001411, 9.999888, 144, 194992, 563498.3, 548297, 850842, 913720, 1035307, 1035307, 0
60.001408, 9.999997, 139, 209433, 574960.0, 562977, 864912, 965380, 966225, 966225, 0
64.009437, 4.008029, 22, 281023, 574675.8, 556218, 863300, 966225, 990546, 990546, 0
