elapsed, window, n, min, mean, median, 95th, 99th, 99_9th, max, errors
10.00122, 10.00122, 0, 0, 0, 0, 0, 0, 0, 0, 0
20.001051, 9.999831, 125, 272663, 1019107.2, 569901, 3151614, 10578399, 11862274, 11862274, 1
30.001156, 10.000105, 138, 284303, 574104.7, 561752, 866147, 1013853, 1039638, 1039638, 0
40.001031, 9.999875, 147, 245940, 549567.5, 532523, 788620, 872929, 908005, 908005, 0
50.001042, 10.000011, 144, 322406, 554643.9, 548504, 822662, 910001, 1000367, 1000367, 1
60.001155, 10.000113, 144, 206012, 551299.9, 539283, 819797, 884511, 969288, 969288, 2
64.013115, 4.01196, 21, 206012, 555601.2, 558953, 806227, 912427, 969288, 969288, 0
