elapsed, window, n, min, mean, median, 95th, 99th, 99_9th, max, errors
10.000732, 10.000732, 6, 1629261, 7607021.7, 7984427, 9724403, 9724403, 9724403, 9724403, 0
20.001726, 10.000994, 89, 85782, 1236887.8, 802499, 2625978, 10775238, 11510321, 11510321, 1
30.001757, 10.000031, 98, 85782, 804256.1, 761781, 1291860, 1588060, 1613681, 1613681, 1
40.001722, 9.999965, 92, 326037, 858353.8, 817582, 1376805, 1590474, 1860117, 1860117, 0
50.001719, 9.999997, 97, 319735, 820432.0, 812481, 1253413, 1349167, 1389907, 1389907, 0
60.001725, 10.000006, 89, 324498, 854286.2, 840275, 1248136, 1425049, 1528701, 1528701, 3
64.011752, 4.010027, 20, 313450, 887371.1, 882055, 1347553, 1530550, 1552375, 1552375, 0
