elapsed, window, n, min, mean, median, 95th, 99th, 99_9th, max, errors
10.000491, 10.000491, 0, 0, 0, 0, 0, 0, 0, 0, 0
20.001507, 10.001016, 77, 391848, 1716218.9, 904346, 10137075, 11365893, 11712307, 11712307, 3
30.001495, 9.999988, 86, 402064, 941636.3, 903795, 1583394, 1641674, 1642653, 1642653, 0
40.001475, 9.99998, 81, 340346, 994847.4, 933470, 1604404, 1775361, 1777362, 1777362, 0
50.001477, 10.000002, 89, 341237, 891306.3, 828536, 1402745, 1641115, 1962586, 1962586, 1
60.001472, 9.999995, 87, 341196, 894039.8, 827938, 1460782, 2272884, 2348461, 2348461, 0
64.008524, 4.007052, 16, 341196, 892927.1, 828611, 1399737, 1565375, 1625466, 1625466, 0
