elapsed, window, n, min, mean, median, 95th, 99th, 99_9th, max, errors
10.000516, 10.000516, 6, 5579471, 7241269.7, 6008805, 9896411, 9896411, 9896411, 9896411, 0
20.001605, 10.001089, 90, 324519, 1354332.9, 706971, 6086579, 10076284, 11683646, 11683646, 2
30.001606, 10.000001, 134, 238128, 594405.8, 568365, 946546, 1135408, 1290108, 1290108, 0
40.001577, 9.999971, 132, 322813, 600679.5, 584295, 937965, 1083415, 1135408, 1135408, 1
50.001515, 9.999938, 131, 179499, 615989.8, 604167, 942818, 1113966, 1119205, 1119205, 0
60.001506, 9.999991, 131, 237705, 609044.5, 607138, 909400, 1026614, 1135777, 1135777, 0
64.012556, 4.01105, 21, 237705, 607149.1, 594398, 885876, 1076582, 1135777, 1135777, 0
