elapsed, window, n, min, mean, median, 95th, 99th, 99_9th, max, errors
10.000917, 10.000917, 0, 0, 0, 0, 0, 0, 0, 0, 0
20.001878, 10.000961, 87, 324784, 1691748.9, 859697, 10992783, 11621449, 11661375, 11661375, 1
30.001687, 9.999809, 94, 324526, 821742.1, 800973, 1257250, 1459024, 1646290, 1646290, 2
40.001695, 10.000008, 101, 324591, 800083.4, 800055, 1226512, 1540711, 1714164, 1714164, 0
50.00171, 10.000015, 99, 309782, 792438.4, 768199, 1300799, 1435736, 1600916, 1600916, 1
60.001701, 9.999991, 103, 324787, 786702.5, 773181, 1177518, 1366722, 1405697, 1405697, 0
64.012754, 4.011053, 18, 324787, 774048.7, 801737, 1129256, 1366722, 1405697, 1405697, 0
