elapsed, window, n, min, mean, median, 95th, 99th, 99_9th, max, errors
10.001181, 10.001181, 6, 1177436, 6158125.8, 5427619, 8816056, 8816056, 8816056, 8816056, 0
20.001012, 9.999831, 76, 346741, 1535859.2, 833236, 4734969, 11640292, 13017878, 13017878, 1
30.0022, 10.001188, 95, 338040, 851434.5, 803384, 1607827, 1800035, 2158698, 2158698, 2
40.001021, 9.998821, 84, 401254, 908712.2, 857364, 1633835, 1816536, 2060207, 2060207, 1
50.001045, 10.000024, 86, 401004, 935248.4, 868315, 1787271, 1952550, 2440748, 2440748, 0
60.001033, 9.999988, 81, 399746, 973454.4, 936899, 1567843, 1697592, 1920896, 1920896, 1
64.010051, 4.009018, 16, 401322, 975244.2, 931095, 1524101, 1697592, 1780833, 1780833, 0
