elapsed, window, n, min, mean, median, 95th, 99th, 99_9th, max, errors
10.000444, 10.000444, 6, 725822, 7499556.8, 8403100, 9951992, 9951992, 9951992, 9951992, 0
20.00147, 10.001026, 82, 309265, 1432903.8, 790250, 4525435, 11861356, 12035482, 12035482, 0
30.00159, 10.00012, 97, 324560, 834373.3, 812518, 1332885, 1419038, 1616302, 1616302, 1
40.001418, 9.999828, 97, 324803, 814431.3, 802133, 1298917, 1638255, 1780665, 1780665, 2
50.001472, 10.000054, 94, 321335, 854059.4, 820192, 1301993, 1518909, 1660717, 1660717, 0
60.001418, 9.999946, 99, 316649, 802713.9, 763322, 1298409, 1380289, 1384596, 1384596, 0
64.008458, 4.00704, 17, 316649, 807263.0, 778599, 1223040, 1379114, 1380289, 1380289, 0
