elapsed, window, n, min, mean, median, 95th, 99th, 99_9th, max, errors
10.000827, 10.000827, 9, 326233, 5387498.7, 4729823, 9957269, 9957269, 9957269, 9957269, 0
20.001862, 10.001035, 80, 276051, 1553700.3, 597302, 8371740, 9974493, 11113664, 11113664, 1
30.001844, 9.999982, 138, 287486, 581164.0, 553253, 949706, 1098982, 1124890, 1124890, 0
40.001842, 9.999998, 134, 313813, 604543.8, 595887, 946057, 1128538, 1192444, 1192444, 0
50.001916, 10.000074, 138, 324472, 580253.5, 558845, 950446, 1161200, 1262081, 1262081, 2
60.00191, 9.999994, 128, 324448, 622449.1, 585123, 1048024, 1262081, 1462325, 1462325, 0
64.007859, 4.005949, 22, 324448, 613037.9, 588639, 1023067, 1204025, 1462325, 1462325, 0
