elapsed, window, n, min, mean, median, 95th, 99th, 99_9th, max, errors
10.000728, 10.000728, 0, 0, 0, 0, 0, 0, 0, 0, 0
20.001556, 10.000828, 77, 403729, 1757084.6, 992839, 10353388, 10842112, 13364809, 13364809, 0
30.00153, 9.999974, 92, 357674, 881170.4, 818139, 1388031, 1680879, 1887884, 1887884, 0
40.001558, 10.000028, 80, 358101, 979887.1, 1004984, 1474496, 1706760, 1830308, 1830308, 0
50.001534, 9.999976, 86, 286010, 934467.1, 965135, 1538240, 1703402, 2041847, 2041847, 0
60.001543, 10.000009, 88, 326793, 927877.0, 963961, 1450784, 1720837, 1793141, 1793141, 0
64.008617, 4.007074, 14, 326793, 895513.5, 919681, 1370386, 1637908, 1720837, 1720837, 0
