elapsed, window, n, min, mean, median, 95th, 99th, 99_9th, max, errors
10.000786, 10.000786, 71, 4705, 1089687.1, 315538, 3933043, 6652776, 6728053, 6728053, 0
20.001774, 10.000988, 250, 4621, 318846.9, 253201, 709011, 931102, 1895410, 1895410, 2
30.001769, 9.999995, 249, 4601, 315123.0, 279464, 679939, 934271, 1029415, 1029415, 3
40.001766, 9.999997, 274, 4646, 285692.4, 249851, 643389, 817557, 972009, 972009, 3
50.001784, 10.000018, 252, 4653, 313931.0, 277406, 704312, 822986, 1212401, 1212401, 5
60.001767, 9.999983, 265, 4708, 303141.1, 252728, 673934, 853497, 1001034, 1001034, 1
64.008813, 4.007046, 39, 4708, 298827.3, 280089, 641290, 718711, 820209, 820209, 0
