elapsed, window, n, min, mean, median, 95th, 99th, 99_9th, max, errors
10.000939, 10.000939, 64, 4580, 1235515.4, 528170, 5257521, 6476939, 7185255, 7185255, 0
20.001935, 10.000996, 250, 4496, 310992.7, 257833, 730822, 1427675, 1640373, 1640373, 3
30.001923, 9.999988, 264, 4445, 298237.9, 251620, 670748, 853874, 1293236, 1293236, 2
40.001922, 9.999999, 286, 4471, 283233.8, 249700, 639540, 820562, 1066303, 1066303, 3
50.001923, 10.000001, 272, 4517, 291230.6, 250235, 612592, 826549, 1065748, 1065748, 2
60.001933, 10.00001, 264, 4616, 297844.7, 252767, 675178, 852999, 931887, 931887, 4
64.014952, 4.013019, 38, 4616, 304030.2, 263579, 655903, 873385, 931887, 931887, 0
