elapsed, window, n, min, mean, median, 95th, 99th, 99_9th, max, errors
10.000798, 10.000798, 13, 168480, 4010552.8, 4409282, 7604072, 8639649, 8639649, 8639649, 0
20.001805, 10.001007, 172, 4113, 638394.3, 323152, 2230428, 6782366, 7757260, 7757260, 1
30.001801, 9.999996, 294, 4003, 268668.5, 217504, 533429, 801835, 979212, 979212, 4
40.001798, 9.999997, 289, 4075, 273083.1, 208566, 517801, 810062, 967943, 967943, 3
50.001806, 10.000008, 319, 4054, 247475.6, 196018, 493374, 653171, 802229, 802229, 4
60.001879, 10.000073, 310, 4078, 255120.1, 195343, 526526, 675480, 832848, 832848, 1
64.008866, 4.006987, 44, 4255, 253607.5, 189947, 515550, 668257, 803911, 803911, 0
