elapsed, window, n, min, mean, median, 95th, 99th, 99_9th, max, errors
10.000467, 10.000467, 10, 4119, 3040390.3, 1941682, 8501709, 8501709, 8501709, 8501709, 0
20.001496, 10.001029, 174, 3917, 674712.7, 317983, 2285503, 10014580, 12060557, 12060557, 3
30.001598, 10.000102, 303, 3999, 257294.8, 195585, 511842, 662888, 963478, 963478, 2
40.001466, 9.999868, 294, 3832, 267905.8, 208367, 506060, 669435, 1129460, 1129460, 3
50.001487, 10.000021, 300, 3846, 265304.3, 202902, 640299, 817395, 848851, 848851, 4
60.001464, 9.999977, 310, 3965, 257780.7, 204193, 531393, 673761, 814816, 814816, 3
64.010527, 4.009063, 39, 3984, 269927.1, 276930, 559503, 806177, 814816, 814816, 0
