elapsed, window, n, min, mean, median, 95th, 99th, 99_9th, max, errors
10.00077, 10.00077, 16, 4040, 3583339.4, 3812204, 8189840, 8190167, 8190167, 8190167, 0
20.001758, 10.000988, 188, 4072, 585683.3, 219266, 3209983, 5410077, 13512338, 13512338, 2
30.00175, 9.999992, 289, 3966, 271239.9, 228629, 513156, 677679, 971245, 971245, 3
40.001749, 9.999999, 300, 3933, 264318.0, 210617, 512552, 670829, 832818, 832818, 3
50.001762, 10.000013, 289, 4003, 277244.7, 231921, 531745, 810644, 826137, 826137, 2
60.001753, 9.999991, 321, 4032, 242918.9, 190398, 508287, 649458, 672690, 672690, 5
64.012795, 4.011042, 38, 3971, 250245.3, 195920, 513856, 670802, 696045, 696045, 0
