elapsed, window, n, min, mean, median, 95th, 99th, 99_9th, max, errors
10.000247, 10.000247, 21, 3788, 2278084.3, 1323438, 6076709, 8252169, 8252169, 8252169, 0
20.001247, 10.001, 126, 3597, 803133.0, 395056, 2681907, 5366296, 10308809, 10308809, 3
30.001366, 10.000119, 222, 3556, 359186.5, 313385, 931835, 1174625, 1249097, 1249097, 2
40.001315, 9.999949, 231, 3614, 347479.5, 313426, 761889, 1008478, 1174769, 1174769, 4
50.00123, 9.999915, 228, 3693, 332810.1, 307104, 760114, 942818, 1074071, 1074071, 4
60.001263, 10.000033, 226, 3700, 345121.8, 313538, 803362, 940423, 1387492, 1387492, 4
64.009283, 4.00802, 31, 3700, 353010.3, 313628, 864666, 940423, 1387492, 1387492, 1
