elapsed, window, n, min, mean, median, 95th, 99th, 99_9th, max, errors
10.000887, 10.000887, 16, 4346, 3746275.4, 3155144, 7089807, 9309801, 9309801, 9309801, 1
20.001903, 10.001016, 103, 3617, 1025673.2, 517931, 3319112, 9309801, 11521540, 11521540, 0
30.001927, 10.000024, 166, 3811, 486260.1, 451075, 1070849, 1278725, 1347227, 1347227, 0
40.001893, 9.999966, 177, 3787, 452397.9, 384540, 1038517, 1252164, 1488505, 1488505, 1
50.00191, 10.000017, 171, 3855, 460393.4, 449872, 867362, 1138877, 1309469, 1309469, 0
60.00187, 9.99996, 163, 3774, 494665.6, 451500, 937213, 1312857, 1725925, 1725925, 3
64.01298, 4.01111, 31, 3774, 442637.5, 418478, 900073, 1109068, 1281542, 1281542, 0
