elapsed, window, n, min, mean, median, 95th, 99th, 99_9th, max, errors
10.000364, 10.000364, 8, 143061, 2307252.9, 628060, 8499909, 8499909, 8499909, 8499909, 0
20.001351, 10.000987, 230, 3916, 607075.8, 245805, 729246, 12841517, 12984801, 12984801, 1
30.00138, 10.000029, 324, 3897, 240069.2, 242077, 514710, 604819, 657668, 657668, 8
40.001444, 10.000064, 292, 3897, 261524.6, 246895, 562625, 843695, 1184173, 1184173, 6
50.001337, 9.999893, 343, 3853, 237025.9, 239859, 565375, 713629, 901528, 901528, 2
60.001329, 9.999992, 307, 3954, 248316.8, 243322, 566566, 759416, 987637, 987637, 6
64.011354, 4.010025, 36, 3954, 255928.0, 260303, 582189, 759416, 987637, 987637, 0
