elapsed, window, n, min, mean, median, 95th, 99th, 99_9th, max, errors
10.00073, 10.00073, 8, 3974, 816046.5, 135804, 4263584, 4263584, 4263584, 4263584, 0
20.001789, 10.001059, 221, 3889, 680856.0, 245462, 691691, 12938831, 13267983, 13267983, 2
30.001721, 9.999932, 314, 3911, 251942.3, 241669, 566648, 800427, 912323, 912323, 8
40.001706, 9.999985, 305, 3898, 253795.6, 256380, 567828, 714695, 826167, 826167, 4
50.001733, 10.000027, 338, 3881, 232612.1, 242045, 508563, 712981, 981073, 981073, 5
60.00183, 10.000097, 318, 3948, 247156.0, 241439, 567596, 736213, 766555, 766555, 6
64.011757, 4.009927, 46, 3909, 241892.1, 241030, 564790, 736213, 827740, 827740, 1
