elapsed, window, n, min, mean, median, 95th, 99th, 99_9th, max, errors
10.000242, 10.000242, 13, 3817, 1131215.2, 1130180, 2028157, 3382687, 3382687, 3382687, 0
20.001221, 10.000979, 208, 3872, 620507.8, 244920, 725747, 10951132, 13064463, 13064463, 5
30.001223, 10.000002, 299, 3934, 269804.2, 248162, 654744, 764957, 1041118, 1041118, 1
40.001217, 9.999994, 323, 3983, 248694.9, 241318, 582588, 768292, 1064268, 1064268, 0
50.001222, 10.000005, 297, 3983, 257961.1, 257580, 559869, 739090, 894791, 894791, 5
60.00122, 9.999998, 318, 3919, 248325.4, 246838, 569760, 710521, 802606, 802606, 0
64.009264, 4.008044, 38, 3919, 261715.6, 246838, 587563, 765589, 953130, 953130, 0
