elapsed, window, n, min, mean, median, 95th, 99th, 99_9th, max, errors
10.000795, 10.000795, 16, 4140, 2581617.6, 2306848, 5589115, 5677272, 5677272, 5677272, 0
20.001828, 10.001033, 254, 4016, 457229.8, 247739, 752077, 6117541, 11864512, 11864512, 3
30.001838, 10.00001, 325, 4100, 246070.5, 245878, 475647, 630795, 809700, 809700, 4
40.001838, 10.0, 315, 4040, 250411.5, 245764, 515892, 630795, 681629, 681629, 5
50.001848, 10.00001, 300, 4076, 257731.0, 245885, 554204, 618627, 721780, 721780, 3
60.001835, 9.999987, 296, 4049, 266822.7, 250269, 513701, 659863, 799439, 799439, 5
64.009851, 4.008016, 40, 4049, 257196.5, 242871, 511176, 656696, 799439, 799439, 0
