elapsed, window, n, min, mean, median, 95th, 99th, 99_9th, max, errors
10.0005, 10.0005, 21, 3777, 3059105.4, 1992473, 8392014, 8394046, 8394046, 8394046, 1
20.00149, 10.00099, 121, 3777, 701930.8, 411524, 2561778, 3829627, 5166676, 5166676, 0
30.001553, 10.000063, 220, 3738, 362414.0, 315182, 903652, 1242275, 1482436, 1482436, 4
40.001498, 9.999945, 222, 3747, 357503.5, 316634, 765158, 1073333, 1335021, 1335021, 0
50.001493, 9.999995, 227, 3815, 355942.8, 314652, 799575, 1106995, 1335021, 1335021, 3
60.001481, 9.999988, 224, 3723, 345632.1, 313601, 864124, 1076404, 1143102, 1143102, 2
64.008526, 4.007045, 27, 3723, 361784.7, 313775, 865472, 1076404, 1143102, 1143102, 0
