elapsed, window, n, min, mean, median, 95th, 99th, 99_9th, max, errors
10.000961, 10.000961, 0, 0, 0, 0, 0, 0, 0, 0, 0
20.001975, 10.001014, 172, 3366, 788006.8, 339359, 1704748, 10025767, 11682292, 11682292, 3
30.001966, 9.999991, 232, 3276, 337719.9, 335797, 668572, 840922, 849391, 849391, 5
40.002005, 10.000039, 229, 3256, 347807.6, 329431, 681970, 886195, 1008673, 1008673, 2
50.002019, 10.000014, 221, 3248, 350354.4, 336798, 678927, 843280, 886195, 886195, 3
60.001951, 9.999932, 223, 3278, 353043.5, 328862, 669287, 854903, 1017958, 1017958, 3
64.014999, 4.013048, 35, 3278, 362567.2, 337274, 675938, 854903, 1017958, 1017958, 0
