elapsed, window, n, min, mean, median, 95th, 99th, 99_9th, max, errors
10.000577, 10.000577, 5, 3619, 7615835.8, 9480855, 9633131, 9633131, 9633131, 9633131, 0
20.001541, 10.000964, 166, 3438, 698982.3, 337058, 1968884, 10873593, 11761474, 11761474, 4
30.001579, 10.000038, 219, 3366, 361095.9, 337053, 682101, 981186, 1177285, 1177285, 3
40.001626, 10.000047, 230, 3403, 340788.3, 328491, 678740, 820459, 1043350, 1043350, 5
50.001581, 9.999955, 212, 3374, 374195.0, 336951, 695909, 975600, 1002212, 1002212, 2
60.001533, 9.999952, 224, 3639, 347623.5, 328676, 676032, 868322, 1018250, 1018250, 1
64.009669, 4.008136, 35, 3539, 361849.4, 337398, 676827, 965564, 1018250, 1018250, 1
