elapsed, window, n, min, mean, median, 95th, 99th, 99_9th, max, errors
10.000764, 10.000764, 58, 4561, 1356864.9, 506773, 5542161, 6798248, 6860842, 6860842, 0
20.00178, 10.001016, 240, 4401, 323873.3, 273959, 727059, 1045670, 1766752, 1766752, 3
30.00176, 9.99998, 269, 4725, 297265.7, 252128, 642960, 798363, 1067960, 1067960, 3
40.001767, 10.000007, 232, 5066, 336061.1, 301088, 732532, 901579, 1126659, 1126659, 0
50.001767, 10.0, 270, 4493, 288812.8, 261604, 610635, 753816, 922602, 922602, 6
60.001761, 9.999994, 258, 4689, 311048.2, 277303, 673204, 785197, 887169, 887169, 1
64.008804, 4.007043, 32, 4645, 315232.7, 283491, 673952, 785197, 887169, 887169, 0
