elapsed, window, n, min, mean, median, 95th, 99th, 99_9th, max, errors
10.001126, 10.001126, 0, 0, 0, 0, 0, 0, 0, 0, 0
20.001926, 10.0008, 162, 3337, 848800.3, 341764, 2173211, 11910841, 13320221, 13320221, 1
30.001876, 9.99995, 238, 3401, 330399.3, 328365, 661801, 841229, 982202, 982202, 1
40.00187, 9.999994, 230, 3360, 345486.3, 328248, 810903, 994108, 1009094, 1009094, 5
50.001883, 10.000013, 225, 3449, 348176.2, 335627, 674740, 840274, 961179, 961179, 3
60.001873, 9.99999, 239, 3464, 334831.7, 326407, 679250, 822507, 838428, 838428, 2
64.007904, 4.006031, 34, 3274, 327677.2, 326395, 679623, 820828, 838428, 838428, 0
