elapsed, window, n, min, mean, median, 95th, 99th, 99_9th, max, errors
10.000604, 10.000604, 13, 3491, 3687849.8, 2005800, 7845978, 8132677, 8132677, 8132677, 0
20.001618, 10.001014, 225, 3276, 490974.1, 254470, 1891546, 5899276, 10246342, 10246342, 3
30.0016, 9.999982, 331, 3372, 236543.3, 224286, 439627, 529948, 780948, 780948, 3
40.0016, 10.0, 332, 3303, 243937.6, 225830, 473608, 574558, 607538, 607538, 0
50.001604, 10.000004, 331, 3264, 239469.3, 233658, 459415, 586204, 718462, 718462, 6
60.001599, 9.999995, 318, 3294, 246628.6, 243084, 473740, 587240, 624367, 624367, 4
64.009625, 4.008026, 46, 3294, 241074.6, 236746, 470899, 533285, 631670, 631670, 0
