elapsed, window, n, min, mean, median, 95th, 99th, 99_9th, max, errors
10.000825, 10.000825, 12, 36961, 3921357.8, 1995544, 7545001, 7735790, 7735790, 7735790, 0
20.001796, 10.000971, 231, 3331, 479890.1, 238524, 2067504, 4741598, 10650377, 10650377, 3
30.001897, 10.000101, 336, 3263, 233426.3, 215483, 475184, 574971, 688189, 688189, 3
40.001793, 9.999896, 341, 3260, 230998.2, 220955, 445643, 537362, 792648, 792648, 7
50.001796, 10.000003, 332, 3260, 238989.6, 216839, 465496, 539081, 704290, 704290, 1
60.001796, 10.0, 322, 3334, 239541.9, 223472, 473031, 524486, 574783, 574783, 7
64.008896, 4.0071, 41, 3350, 241216.5, 226506, 477500, 538168, 619935, 619935, 0
