elapsed, window, n, min, mean, median, 95th, 99th, 99_9th, max, errors
10.000348, 10.000348, 20, 4226, 2612122.4, 573914, 8991539, 9018176, 9018176, 9018176, 0
20.001377, 10.001029, 195, 3407, 542358.4, 250184, 2058736, 7115612, 10406886, 10406886, 1
30.001293, 9.999916, 327, 3635, 244297.6, 234629, 475947, 593027, 680644, 680644, 1
40.001299, 10.000006, 333, 3342, 240489.4, 234173, 464884, 530829, 732362, 732362, 4
50.001299, 10.0, 319, 3248, 244578.7, 236679, 465690, 618511, 765043, 765043, 1
60.001382, 10.000083, 341, 3248, 237705.2, 221866, 468610, 535835, 618511, 618511, 0
64.01034, 4.008958, 36, 3244, 244634.8, 224498, 484785, 535835, 616877, 616877, 2
