elapsed, window, n, min, mean, median, 95th, 99th, 99_9th, max, errors
10.00041, 10.00041, 23, 4390, 1561059.9, 1111077, 4824376, 5592872, 5592872, 5592872, 1
20.001403, 10.000993, 207, 4243, 551271.9, 220361, 2747605, 5370072, 10076697, 10076697, 1
30.001402, 9.999999, 315, 4207, 250898.5, 244046, 515504, 628899, 750373, 750373, 2
40.001397, 9.999995, 312, 4079, 253651.1, 246321, 491008, 589676, 691046, 691046, 6
50.001403, 10.000006, 302, 4288, 257496.1, 246306, 489767, 643295, 704019, 704019, 4
60.001396, 9.999993, 341, 4056, 236688.5, 228798, 499413, 627491, 765594, 765594, 3
64.010449, 4.009053, 40, 4097, 236308.6, 233809, 497713, 609974, 765594, 765594, 0
