elapsed, window, n, min, mean, median, 95th, 99th, 99_9th, max, errors
10.000916, 10.000916, 17, 5634, 3239488.6, 2424997, 7550470, 7762261, 7762261, 7762261, 0
20.001877, 10.000961, 189, 5702, 537620.0, 316194, 1515101, 4511790, 10331926, 10331926, 1
30.001869, 9.999992, 245, 5755, 329959.3, 311660, 732687, 933093, 1307101, 1307101, 1
40.001882, 10.000013, 238, 5469, 329118.8, 272213, 719662, 905945, 996648, 996648, 4
50.001878, 9.999996, 234, 5738, 331743.5, 315115, 724387, 954539, 1131521, 1131521, 1
60.001868, 9.99999, 234, 5738, 331946.0, 316218, 722646, 855814, 1057427, 1057427, 3
64.008918, 4.00705, 28, 5813, 352495.1, 319452, 768857, 855814, 1057427, 1057427, 2
