elapsed, window, n, min, mean, median, 95th, 99th, 99_9th, max, errors
10.000751, 10.000751, 15, 88369, 3960907.2, 3029570, 7252108, 7924880, 7924880, 7924880, 0
20.001769, 10.001018, 189, 3806, 528703.6, 316041, 1816685, 3922404, 10272828, 10272828, 2
30.001748, 9.999979, 239, 4002, 330595.1, 315752, 696283, 869330, 1129593, 1129593, 3
40.001753, 10.000005, 243, 3793, 322193.6, 315422, 641576, 757417, 1153699, 1153699, 3
50.001755, 10.000002, 257, 3874, 311557.2, 265377, 670111, 780833, 954039, 954039, 1
60.001753, 9.999998, 226, 3941, 346017.2, 315978, 765818, 924842, 1005731, 1005731, 3
64.008802, 4.007049, 29, 3941, 353437.2, 316197, 808965, 924842, 958271, 958271, 0
