elapsed, window, n, min, mean, median, 95th, 99th, 99_9th, max, errors
10.000761, 10.000761, 15, 4468, 3850385.1, 2884005, 8532813, 8540706, 8540706, 8540706, 0
20.001749, 10.000988, 132, 4036, 749271.9, 389452, 2482450, 7779275, 10629033, 10629033, 0
30.001841, 10.000092, 202, 4044, 397761.4, 335346, 951984, 1116639, 1200122, 1200122, 1
40.001744, 9.999903, 194, 3972, 390274.9, 338981, 891116, 1073437, 1283635, 1283635, 4
50.001748, 10.000004, 203, 4047, 394241.1, 387914, 851468, 1135462, 1147725, 1147725, 3
60.001772, 10.000024, 210, 3961, 372268.7, 330923, 812575, 1100237, 1273532, 1273532, 4
64.010803, 4.009031, 32, 3961, 379050.8, 330923, 809242, 1100237, 1252572, 1252572, 0
