elapsed, window, n, min, mean, median, 95th, 99th, 99_9th, max, errors
10.00062, 10.00062, 19, 4270, 2453781.1, 1094713, 6157359, 7051092, 7051092, 7051092, 0
20.001613, 10.000993, 257, 4084, 443861.5, 242365, 580135, 4865960, 12029692, 12029692, 1
30.001579, 9.999966, 319, 4130, 251417.5, 239975, 516782, 586412, 719349, 719349, 1
40.001584, 10.000005, 329, 4222, 237447.0, 240766, 481010, 591230, 881243, 881243, 2
50.001587, 10.000003, 329, 4076, 243487.0, 222955, 492142, 626827, 733234, 733234, 2
60.001578, 9.999991, 320, 4083, 246137.8, 219792, 517810, 628713, 779929, 779929, 1
64.01761, 4.016032, 42, 4083, 247727.2, 244695, 517810, 621861, 779929, 779929, 0
