elapsed, window, n, min, mean, median, 95th, 99th, 99_9th, max, errors
10.001004, 10.001004, 17, 77917, 3042656.2, 2785761, 6481472, 8205170, 8205170, 8205170, 0
20.001997, 10.000993, 164, 3820, 620464.1, 398729, 1403254, 4412387, 11413721, 11413721, 4
30.001944, 9.999947, 202, 3919, 398738.0, 370101, 865570, 1141324, 1479540, 1479540, 2
40.001945, 10.000001, 202, 3945, 399166.3, 369672, 975950, 1049472, 1171771, 1171771, 0
50.002037, 10.000092, 190, 3923, 409777.7, 396435, 881981, 1154391, 1526401, 1526401, 2
60.000944, 9.998907, 216, 3877, 361946.1, 333289, 811882, 1118719, 1327562, 1327562, 2
64.010985, 4.010041, 32, 3877, 360767.7, 327772, 811882, 981198, 1199139, 1199139, 0
