elapsed, window, n, min, mean, median, 95th, 99th, 99_9th, max, errors
10.000607, 10.000607, 13, 182848, 3968336.9, 3225927, 6747617, 8980181, 8980181, 8980181, 1
20.001589, 10.000982, 191, 4579, 541278.3, 317308, 1430219, 6305680, 8938255, 8938255, 3
30.001576, 9.999987, 215, 4838, 366751.3, 319769, 766567, 1089964, 1219859, 1219859, 3
40.001639, 10.000063, 244, 4489, 323340.4, 315717, 720996, 865681, 926061, 926061, 4
50.001587, 9.999948, 230, 4754, 336648.1, 316954, 672523, 817465, 901097, 901097, 4
60.001582, 9.999995, 253, 4454, 313083.9, 312071, 648317, 898567, 1002905, 1002905, 2
64.008612, 4.00703, 33, 4454, 328326.0, 316005, 648317, 898567, 1002905, 1002905, 1
