elapsed, window, n, min, mean, median, 95th, 99th, 99_9th, max, errors
10.000669, 10.000669, 5, 262776, 4554336.6, 6916401, 7288742, 7288742, 7288742, 7288742, 0
20.001927, 10.001258, 188, 3955, 709178.8, 341242, 1340800, 10289376, 10431945, 10431945, 3
30.001934, 10.000007, 210, 3936, 373790.2, 334499, 885652, 1150925, 1415675, 1415675, 3
40.001671, 9.999737, 195, 3986, 397451.1, 341792, 791768, 974702, 1045413, 1045413, 2
50.001687, 10.000016, 198, 4011, 397982.5, 338704, 904462, 1199573, 1325141, 1325141, 2
60.002081, 10.000394, 192, 4031, 411736.0, 393415, 888132, 1050778, 1199573, 1199573, 3
64.008729, 4.006648, 28, 4057, 394151.1, 391444, 830190, 923189, 1012330, 1012330, 0
