elapsed, window, n, min, mean, median, 95th, 99th, 99_9th, max, errors
10.000483, 10.000483, 35, 177914, 2139740.6, 815322, 7328912, 7808146, 7808146, 7808146, 0
20.001531, 10.001048, 124, 66926, 661145.4, 634367, 1174856, 1744125, 1749502, 1749502, 1
30.001592, 10.000061, 122, 149608, 659518.3, 650429, 1145332, 1242366, 1288415, 1288415, 0
40.001479, 9.999887, 132, 68910, 600686.6, 539130, 1098379, 1309551, 1310719, 1310719, 0
50.001537, 10.000058, 126, 139719, 647674.9, 603829, 1067466, 1313498, 1390776, 1390776, 0
60.001496, 9.999959, 121, 36564, 648838.4, 633441, 1133653, 1388006, 1522454, 1522454, 2
64.008533, 4.007037, 19, 177613, 681619.8, 634731, 1137167, 1388006, 1452386, 1452386, 0
