elapsed, window, n, min, mean, median, 95th, 99th, 99_9th, max, errors
10.00039, 10.00039, 32, 270295, 2384990.9, 857807, 6832017, 7691458, 7691458, 7691458, 1
20.001367, 10.000977, 121, 7793, 681745.3, 649522, 1175957, 1998989, 2000014, 2000014, 3
30.001464, 10.000097, 120, 37434, 661816.4, 641439, 1139853, 1279392, 1313629, 1313629, 1
40.001374, 9.99991, 118, 143512, 667929.2, 672340, 1114271, 1396428, 1665455, 1665455, 2
50.001367, 9.999993, 133, 36932, 621783.4, 607913, 1131750, 1282052, 1396428, 1396428, 0
60.001369, 10.000002, 129, 36886, 611759.8, 607126, 1004651, 1171835, 1210525, 1210525, 0
64.008437, 4.007068, 18, 36886, 638765.0, 635699, 1034554, 1210525, 1243287, 1243287, 0
