elapsed, window, n, min, mean, median, 95th, 99th, 99_9th, max, errors
10.000994, 10.000994, 8, 490012, 5189817.5, 6013459, 9814381, 9814381, 9814381, 9814381, 0
20.002009, 10.001015, 104, 24578, 1189906.2, 550465, 5216416, 12949925, 12950790, 12950790, 1
30.001995, 9.999986, 139, 181904, 580650.5, 543262, 969989, 1128668, 1295326, 1295326, 0
40.001994, 9.999999, 131, 164775, 608447.6, 642214, 974734, 1003494, 1142446, 1142446, 2
50.002008, 10.000014, 142, 6917, 562164.0, 531029, 963996, 998656, 1008117, 1008117, 1
60.002006, 9.999998, 137, 4199, 587150.2, 530467, 970536, 1001525, 1007174, 1007174, 0
64.008019, 4.006013, 20, 4199, 578648.0, 530082, 985772, 1001525, 1161252, 1161252, 0
