elapsed, window, n, min, mean, median, 95th, 99th, 99_9th, max, errors
10.000399, 10.000399, 0, 0, 0, 0, 0, 0, 0, 0, 0
20.001398, 10.000999, 114, 163171, 1187291.1, 588608, 4555329, 12161147, 12162234, 12162234, 0
30.001396, 9.999998, 134, 66284, 603179.6, 640716, 964344, 1152906, 1283335, 1283335, 0
40.001404, 10.000008, 140, 66275, 580453.9, 530133, 983464, 999259, 1006029, 1006029, 0
50.001398, 9.999994, 127, 164907, 597513.6, 598180, 983101, 1139605, 1141531, 1141531, 1
60.001404, 10.000006, 134, 4186, 597233.3, 641031, 1003181, 1305210, 1308679, 1308679, 3
64.011374, 4.00997, 22, 7603, 606728.8, 643826, 985448, 1295068, 1308679, 1308679, 0
