elapsed, window, n, min, mean, median, 95th, 99th, 99_9th, max, errors
10.000373, 10.000373, 8, 513464, 6426109.8, 6754709, 9450253, 9450253, 9450253, 9450253, 0
20.001376, 10.001003, 93, 8878, 1301946.7, 645766, 6280645, 11751096, 12830213, 12830213, 0
30.001347, 9.999971, 136, 53458, 585546.5, 544936, 961396, 1149670, 1306274, 1306274, 1
40.00143, 10.000083, 142, 24551, 576276.0, 533955, 969951, 1003137, 1130431, 1130431, 0
50.00144, 10.00001, 135, 4508, 573519.4, 532209, 981237, 1119296, 1192011, 1192011, 2
60.001367, 9.999927, 135, 4508, 570687.4, 537735, 989758, 1171062, 1284203, 1284203, 3
64.010396, 4.009029, 20, 49657, 588284.1, 537735, 1009740, 1279213, 1284203, 1284203, 0
