elapsed, window, n, min, mean, median, 95th, 99th, 99_9th, max, errors
10.001103, 10.001103, 0, 0, 0, 0, 0, 0, 0, 0, 0
20.000898, 9.999795, 95, 4046, 1642409.1, 601946, 12728244, 13276451, 13387606, 13387606, 0
30.001894, 10.000996, 136, 29100, 598206.9, 563523, 1132144, 1256501, 1445249, 1445249, 0
40.001898, 10.000004, 142, 29100, 563602.6, 560084, 994591, 1203669, 1277356, 1277356, 1
50.001919, 10.000021, 133, 49209, 598941.9, 565306, 1113672, 1302430, 1306383, 1306383, 1
60.001893, 9.999974, 140, 23617, 569555.1, 548221, 993892, 1153501, 1302430, 1302430, 0
64.008932, 4.007039, 18, 45432, 603711.2, 584510, 1066936, 1214196, 1237023, 1237023, 0
