elapsed, window, n, min, mean, median, 95th, 99th, 99_9th, max, errors
10.000932, 10.000932, 6, 3008236, 6560990.2, 6197641, 8789570, 8789570, 8789570, 8789570, 1
20.001714, 10.000782, 119, 81052, 900434.6, 567868, 2605601, 11807070, 11970238, 11970238, 2
30.001709, 9.999995, 137, 168729, 581932.5, 573997, 922357, 1103323, 1207757, 1207757, 1
40.001706, 9.999997, 131, 186040, 612806.9, 598172, 901721, 962129, 1149933, 1149933, 0
50.001757, 10.000051, 139, 81980, 567345.8, 583364, 849044, 957557, 965846, 965846, 2
60.001709, 9.999952, 130, 167213, 608796.4, 606698, 920076, 1042726, 1098612, 1098612, 1
64.008765, 4.007056, 22, 109101, 598234.9, 602433, 961310, 1098612, 1133224, 1133224, 0
