elapsed, window, n, min, mean, median, 95th, 99th, 99_9th, max, errors
10.00037, 10.00037, 0, 0, 0, 0, 0, 0, 0, 0, 0
20.001374, 10.001004, 55, 3956, 2681779.7, 1274107, 12270135, 12300855, 13093208, 13093208, 1
30.001402, 10.000028, 67, 3956, 1137981.6, 1172796, 1651047, 1821347, 2062353, 2062353, 0
40.001399, 9.999997, 73, 275869, 1102321.1, 1112475, 1623514, 1823713, 1896972, 1896972, 1
50.001396, 9.999997, 70, 381674, 1117098.9, 1136197, 1690143, 2062818, 2303639, 2303639, 2
60.001383, 9.999987, 71, 313108, 1079355.6, 1068221, 1586203, 1754412, 2131391, 2131391, 0
64.009415, 4.008032, 15, 381176, 1174528.4, 1071979, 1795875, 1890655, 2131391, 2131391, 1
