elapsed, window, n, min, mean, median, 95th, 99th, 99_9th, max, errors
10.000496, 10.000496, 12, 485325, 3959537.3, 4232379, 6977383, 7139542, 7139542, 7139542, 0
20.001511, 10.001015, 75, 6506, 1474532.9, 793873, 4806271, 12243789, 12576031, 12576031, 0
30.001477, 9.999966, 120, 3932, 664244.5, 618780, 1236418, 1487071, 1488248, 1488248, 2
40.001485, 10.000008, 100, 142252, 768209.2, 762657, 1281844, 1515042, 1553970, 1553970, 1
50.001484, 9.999999, 109, 6201, 728619.6, 687968, 1441070, 1722595, 1759578, 1759578, 0
60.001495, 10.000011, 115, 3973, 684302.5, 592323, 1246766, 1684110, 2277414, 2277414, 1
64.014519, 4.013024, 17, 3973, 746336.5, 761150, 1246073, 1652322, 1684110, 1684110, 1
