elapsed, window, n, min, mean, median, 95th, 99th, 99_9th, max, errors
10.001224, 10.001224, 0, 0, 0, 0, 0, 0, 0, 0, 0
20.001976, 10.000752, 99, 112968, 1417722.2, 557395, 10004509, 12846826, 12916510, 12916510, 0
30.001978, 10.000002, 121, 24015, 631498.0, 609367, 1058505, 1253789, 1542057, 1542057, 4
40.001975, 9.999997, 135, 86704, 592238.4, 583588, 1011025, 1167161, 1356453, 1356453, 0
50.001989, 10.000014, 129, 23735, 620283.1, 606652, 1125286, 1376489, 1485257, 1485257, 1
60.001973, 9.999984, 135, 43246, 598640.0, 586640, 1075510, 1329582, 1387830, 1387830, 1
64.008035, 4.006062, 22, 23651, 592516.9, 590555, 975945, 1141728, 1322220, 1322220, 0
