elapsed, window, n, min, mean, median, 95th, 99th, 99_9th, max, errors
10.000154, 10.000154, 7, 5707, 5200458.3, 6503970, 9900382, 9900382, 9900382, 9900382, 0
20.001151, 10.000997, 75, 3867, 1688201.3, 764820, 9900382, 12984873, 12985532, 12985532, 1
30.001146, 9.999995, 114, 3734, 724027.3, 728577, 1311482, 1587007, 1699471, 1699471, 0
40.001147, 10.000001, 106, 3682, 734581.2, 725081, 1308944, 1448086, 1587643, 1587643, 0
50.001157, 10.00001, 104, 3814, 797593.4, 796906, 1415785, 1685735, 1793969, 1793969, 1
60.001148, 9.999991, 112, 139858, 708787.0, 727340, 1281567, 1415785, 1761594, 1761594, 2
64.008166, 4.007018, 20, 139935, 744863.4, 762553, 1276266, 1761594, 1829207, 1829207, 0
