elapsed, window, n, min, mean, median, 95th, 99th, 99_9th, max, errors
10.001157, 10.001157, 0, 0, 0, 0, 0, 0, 0, 0, 0
20.007097, 10.00594, 97, 23811, 1532526.5, 620979, 12742629, 12998148, 13002746, 13002746, 0
30.001265, 9.994168, 130, 23811, 595434.2, 543063, 1069395, 1428042, 1596059, 1596059, 1
40.00115, 9.999885, 135, 25944, 626294.4, 592308, 1228613, 1497472, 1737766, 1737766, 0
50.001151, 10.000001, 130, 46290, 596778.5, 601963, 1046010, 1208200, 1360474, 1360474, 2
60.001095, 9.999944, 126, 43137, 615249.7, 590635, 1071096, 1391895, 1431042, 1431042, 1
64.009138, 4.008043, 18, 6903, 647046.9, 604269, 1119329, 1231996, 1391895, 1391895, 0
