elapsed, window, n, min, mean, median, 95th, 99th, 99_9th, max, errors
10.000739, 10.000739, 5, 9617495, 9748309.0, 9771336, 9949267, 9949267, 9949267, 9949267, 0
20.001757, 10.001018, 83, 337018, 1771504.6, 965346, 9780057, 10690715, 11536258, 11536258, 0
30.001783, 10.000026, 99, 167268, 784694.4, 833160, 1145236, 1212309, 1348139, 1348139, 3
40.00176, 9.999977, 95, 178901, 858088.4, 840909, 1316980, 1487668, 1493816, 1493816, 0
50.001739, 9.999979, 97, 319778, 830173.1, 822252, 1202143, 1493816, 1682966, 1682966, 0
60.001779, 10.00004, 99, 161395, 794769.4, 821514, 1145765, 1486090, 1494949, 1494949, 1
64.009826, 4.008047, 17, 161395, 813605.0, 821514, 1173525, 1487034, 1494949, 1494949, 0
