elapsed, window, n, min, mean, median, 95th, 99th, 99_9th, max, errors
10.001011, 10.001011, 0, 0, 0, 0, 0, 0, 0, 0, 0
20.002043, 10.001032, 91, 320888, 1715429.5, 832583, 10542328, 11498762, 11671982, 11671982, 0
30.00204, 9.999997, 90, 4010, 881420.0, 840878, 1316211, 1473401, 1518474, 1518474, 1
40.002042, 10.000002, 94, 340764, 846910.9, 838267, 1187980, 1504546, 1510072, 1510072, 1
50.002034, 9.999992, 89, 179055, 891301.8, 959409, 1332130, 1341055, 1361806, 1361806, 1
60.001039, 9.999005, 98, 7421, 827301.8, 830174, 1321603, 1335287, 1487398, 1487398, 0
64.008061, 4.007022, 17, 7421, 827742.9, 829537, 1321603, 1329841, 1487398, 1487398, 1
