elapsed, window, n, min, mean, median, 95th, 99th, 99_9th, max, errors
10.00069, 10.00069, 21, 362192, 3443167.8, 1671253, 7806581, 8251237, 8251237, 8251237, 0
20.001711, 10.001021, 123, 41986, 673593.1, 634420, 1173523, 2050332, 2332642, 2332642, 1
30.00174, 10.000029, 124, 66208, 657026.8, 608515, 1178607, 1277833, 1313456, 1313456, 0
40.001709, 9.999969, 129, 68705, 622348.6, 605331, 1102791, 1278436, 1494300, 1494300, 0
50.001734, 10.000025, 123, 4480, 645556.9, 613459, 1133965, 1206340, 1381368, 1381368, 0
60.001701, 9.999967, 129, 182112, 624438.5, 614904, 1071097, 1144968, 1242137, 1242137, 0
64.007745, 4.006044, 25, 183200, 618777.9, 608266, 1030648, 1139529, 1242137, 1242137, 0
