elapsed, window, n, min, mean, median, 95th, 99th, 99_9th, max, errors
10.000979, 10.000979, 0, 0, 0, 0, 0, 0, 0, 0, 1
20.001987, 10.001008, 93, 319964, 1432436.7, 842215, 9662129, 10772101, 11730613, 11730613, 1
30.001951, 9.999964, 99, 166182, 806366.7, 820409, 1310308, 1452032, 1482088, 1482088, 0
40.001994, 10.000043, 99, 164604, 810407.3, 835638, 1157352, 1343481, 1481802, 1481802, 0
50.001985, 9.999991, 95, 166978, 845011.2, 833010, 1189125, 1439871, 1497210, 1497210, 1
60.001987, 10.000002, 96, 5490, 815435.2, 824847, 1192667, 1465555, 1477410, 1477410, 0
64.009, 4.007013, 19, 5490, 811521.5, 825023, 1190486, 1328316, 1477410, 1477410, 0
