elapsed, window, n, min, mean, median, 95th, 99th, 99_9th, max, errors
10.000797, 10.000797, 0, 0, 0, 0, 0, 0, 0, 0, 0
20.001875, 10.001078, 123, 126290, 1146304.4, 603973, 3811486, 10897161, 11109887, 11109887, 1
30.001779, 9.999904, 147, 4714, 550558.7, 534693, 852514, 967361, 1099910, 1099910, 1
40.00184, 10.000061, 141, 121956, 563897.1, 562167, 894493, 979393, 1110857, 1110857, 0
50.001783, 9.999943, 142, 124889, 557816.0, 547191, 838364, 972246, 1063349, 1063349, 1
60.001762, 9.999979, 151, 121882, 531363.5, 536673, 819394, 872182, 901820, 901820, 2
64.01182, 4.010058, 22, 121882, 536046.5, 536673, 857701, 941273, 963598, 963598, 0
