elapsed, window, n, min, mean, median, 95th, 99th, 99_9th, max, errors
10.000678, 10.000678, 0, 0, 0, 0, 0, 0, 0, 0, 0
20.001666, 10.000988, 128, 80736, 1160810.3, 603183, 10380516, 11080180, 11126330, 11126330, 1
30.001665, 9.999999, 148, 76632, 532169.1, 536443, 800530, 927929, 1127052, 1127052, 0
40.001663, 9.999998, 147, 138920, 551597.2, 565844, 860379, 927929, 937365, 937365, 0
50.001669, 10.000006, 148, 78679, 541758.1, 542956, 866239, 973807, 1175997, 1175997, 0
60.001669, 10.0, 143, 124272, 529674.3, 533502, 811215, 863659, 927266, 927266, 5
64.009703, 4.008034, 26, 122388, 540611.9, 550261, 813520, 927266, 980431, 980431, 0
