elapsed, window, n, min, mean, median, 95th, 99th, 99_9th, max, errors
10.000511, 10.000511, 0, 0, 0, 0, 0, 0, 0, 0, 0
20.002076, 10.001565, 127, 240075, 1126305.0, 587247, 3365107, 11109286, 11228880, 11228880, 0
30.000691, 9.998615, 147, 125095, 535033.9, 545628, 804486, 875873, 952740, 952740, 4
40.001579, 10.000888, 143, 85256, 553600.9, 547293, 854028, 970564, 1086529, 1086529, 1
50.001531, 9.999952, 143, 80948, 555165.2, 554880, 810396, 921163, 1210477, 1210477, 0
60.001501, 9.99997, 139, 81816, 572412.4, 578172, 854570, 984369, 1009677, 1009677, 0
64.009545, 4.008044, 23, 81816, 572730.8, 578978, 854570, 937904, 952676, 952676, 0
