elapsed, window, n, min, mean, median, 95th, 99th, 99_9th, max, errors
10.000485, 10.000485, 6, 1004907, 4414212.7, 1890774, 8068159, 8068159, 8068159, 8068159, 0
20.001225, 10.00074, 84, 345052, 1546725.4, 803752, 10287284, 12194441, 12305567, 12305567, 0
30.001219, 9.999994, 98, 234569, 810767.3, 753120, 1332819, 1452082, 1465087, 1465087, 0
40.001218, 9.999999, 96, 180340, 839588.7, 847269, 1481804, 1526681, 1561581, 1561581, 0
50.001226, 10.000008, 98, 167535, 812046.7, 803438, 1329341, 1510889, 1611831, 1611831, 1
60.001225, 9.999999, 97, 4815, 819489.2, 815504, 1293868, 1475704, 1572547, 1572547, 1
64.009248, 4.008023, 21, 4815, 792642.1, 802998, 1294060, 1572547, 1578557, 1578557, 0
