elapsed, window, n, min, mean, median, 95th, 99th, 99_9th, max, errors
10.000842, 10.000842, 0, 0, 0, 0, 0, 0, 0, 0, 0
20.001874, 10.001032, 82, 80988, 1667163.6, 771567, 11531179, 12931572, 13113399, 13113399, 1
30.002039, 10.000165, 99, 4006, 826005.1, 799480, 1290176, 1588575, 1644154, 1644154, 0
40.001838, 9.999799, 100, 236797, 789865.9, 799449, 1338749, 1401217, 1466455, 1466455, 1
50.001859, 10.000021, 98, 247052, 804601.5, 817418, 1260893, 1528761, 1938578, 1938578, 1
60.001836, 9.999977, 98, 85145, 787619.9, 741820, 1339994, 1391906, 1815951, 1815951, 1
64.009878, 4.008042, 16, 85145, 831941.3, 805100, 1344100, 1684314, 1815951, 1815951, 0
