elapsed, window, n, min, mean, median, 95th, 99th, 99_9th, max, errors
10.001085, 10.001085, 7, 4324193, 7722151.1, 8093598, 9876473, 9876473, 9876473, 9876473, 0
20.001098, 10.000013, 78, 179959, 1529953.2, 1038943, 4065956, 9876473, 10229311, 10229311, 0
30.001133, 10.000035, 86, 255656, 919592.4, 897447, 1507966, 1709043, 1721689, 1721689, 0
40.001137, 10.000004, 91, 152110, 868681.1, 823118, 1433568, 1929056, 2356683, 2356683, 0
50.001141, 10.000004, 90, 156185, 903737.7, 894880, 1531924, 1812404, 1850898, 1850898, 0
60.001133, 9.999992, 88, 253798, 899947.4, 890648, 1463324, 1785828, 2197057, 2197057, 1
64.011187, 4.010054, 17, 253798, 920279.3, 894611, 1714560, 1785828, 2197057, 2197057, 0
