elapsed, window, n, min, mean, median, 95th, 99th, 99_9th, max, errors
10.000825, 10.000825, 6, 751808, 4636312.2, 4561259, 7453080, 7453080, 7453080, 7453080, 0
20.001825, 10.001, 88, 78079, 1478441.1, 1027640, 5741955, 10717669, 10864390, 10864390, 0
30.001808, 9.999983, 91, 79397, 876072.3, 861469, 1554922, 1733637, 1842818, 1842818, 0
40.001808, 10.0, 86, 77996, 926894.6, 898925, 1527472, 1791329, 1846041, 1846041, 0
50.001844, 10.000036, 91, 154672, 863637.0, 890392, 1520885, 1661520, 1771341, 1771341, 2
60.001872, 10.000028, 82, 82139, 958305.1, 931796, 1766985, 1969576, 2183376, 2183376, 0
64.008952, 4.00708, 15, 254722, 1022917.0, 938382, 1802559, 1969576, 2183376, 2183376, 0
