elapsed, window, n, min, mean, median, 95th, 99th, 99_9th, max, errors
10.000479, 10.000479, 9, 330945, 5981399.9, 5908849, 9927029, 9927029, 9927029, 9927029, 0
20.001394, 10.000915, 83, 80611, 1511262.6, 992915, 5399600, 9927029, 10705954, 10705954, 0
30.001398, 10.000004, 92, 80611, 859876.4, 864676, 1555023, 1661119, 1686320, 1686320, 1
40.001448, 10.00005, 88, 180064, 860956.3, 810339, 1537309, 1679870, 1804522, 1804522, 1
50.001415, 9.999967, 89, 151846, 901641.9, 886804, 1416364, 1481731, 1966746, 1966746, 0
60.00141, 9.999995, 86, 321262, 908850.1, 899875, 1446539, 1573762, 1603971, 1603971, 0
64.008469, 4.007059, 14, 321262, 978528.1, 967257, 1498492, 1714534, 1759209, 1759209, 0
