elapsed, window, n, min, mean, median, 95th, 99th, 99_9th, max, errors
10.000436, 10.000436, 0, 0, 0, 0, 0, 0, 0, 0, 0
20.001429, 10.000993, 117, 172241, 1261288.4, 607634, 9954243, 11793797, 12124303, 12124303, 0
30.00144, 10.000011, 139, 81314, 574297.9, 572059, 932427, 1019614, 1107206, 1107206, 0
40.001424, 9.999984, 131, 185017, 591761.2, 609849, 902518, 1037512, 1099611, 1099611, 1
50.001439, 10.000015, 135, 167146, 604839.6, 589488, 933007, 1032022, 1063635, 1063635, 0
60.001432, 9.999993, 138, 151796, 574987.8, 575202, 887306, 997715, 1162215, 1162215, 0
64.008466, 4.007034, 23, 78528, 600587.9, 645641, 886931, 996549, 1162215, 1162215, 0
