elapsed, window, n, min, mean, median, 95th, 99th, 99_9th, max, errors
10.000641, 10.000641, 5, 2411307, 7553791.4, 9064583, 9701260, 9701260, 9701260, 9701260, 0
20.001631, 10.00099, 85, 86577, 1455421.7, 785317, 9701260, 11894984, 11994193, 11994193, 3
30.001627, 9.999996, 98, 86216, 794233.7, 802288, 1304747, 1540116, 1661959, 1661959, 1
40.001622, 9.999995, 97, 250481, 830674.7, 829680, 1310303, 1560030, 1616395, 1616395, 1
50.001632, 10.00001, 97, 86402, 794411.9, 756982, 1338743, 1383284, 1398288, 1398288, 1
60.00162, 9.999988, 95, 248016, 846429.5, 831562, 1271657, 1483782, 1628321, 1628321, 2
64.009652, 4.008032, 16, 248016, 854758.2, 831562, 1227330, 1360617, 1628321, 1628321, 0
