elapsed, window, n, min, mean, median, 95th, 99th, 99_9th, max, errors
10.001058, 10.001058, 9, 158189, 5129517.3, 5721727, 9749826, 9749826, 9749826, 9749826, 0
20.001858, 10.0008, 115, 111545, 1045995.3, 580221, 4097664, 11922982, 11925478, 11925478, 0
30.001827, 9.999969, 138, 158372, 589111.2, 595638, 888232, 1010118, 1180354, 1180354, 0
40.001828, 10.000001, 129, 82094, 616290.1, 596099, 986707, 1117761, 1200911, 1200911, 0
50.001983, 10.000155, 131, 80677, 607145.3, 599695, 969125, 1058288, 1110603, 1110603, 2
60.001844, 9.999861, 139, 6065, 578758.0, 586155, 929109, 1001487, 1098546, 1098546, 1
64.009879, 4.008035, 19, 6065, 579031.9, 570704, 885259, 1034490, 1098546, 1098546, 1
