elapsed, window, n, min, mean, median, 95th, 99th, 99_9th, max, errors
10.003554, 10.003554, 32, 36960, 2427029.5, 1213548, 6919944, 8958734, 8958734, 8958734, 0
20.001615, 9.998061, 130, 35552, 608976.5, 579547, 1030202, 1429238, 2169554, 2169554, 1
30.001594, 9.999979, 131, 66713, 601121.3, 572350, 1126721, 1426293, 1520834, 1520834, 1
40.001599, 10.000005, 128, 36227, 622693.4, 629029, 1035370, 1211750, 1214271, 1214271, 0
50.001555, 9.999956, 123, 98072, 649374.8, 642268, 1097059, 1397361, 1465018, 1465018, 0
60.001547, 9.999992, 128, 5011, 623796.8, 601433, 1129728, 1397361, 1667781, 1667781, 1
64.007583, 4.006036, 17, 5011, 631651.7, 613398, 1091175, 1298321, 1667781, 1667781, 1
