elapsed, window, n, min, mean, median, 95th, 99th, 99_9th, max, errors
10.000503, 10.000503, 33, 279969, 2211728.8, 1725923, 4765701, 5621004, 5621004, 5621004, 1
20.001584, 10.001081, 118, 134032, 692110.2, 644747, 1560590, 1911796, 2234671, 2234671, 0
30.001561, 9.999977, 125, 69116, 626107.0, 604474, 1151020, 1246979, 1472063, 1472063, 0
40.001495, 9.999934, 125, 40520, 649733.1, 616139, 1216939, 1314591, 1472063, 1472063, 0
50.001517, 10.000022, 136, 132910, 592038.9, 596916, 999498, 1277287, 1314591, 1314591, 1
60.001499, 9.999982, 131, 69433, 614057.9, 587088, 1069430, 1184209, 1263026, 1263026, 0
64.010559, 4.00906, 18, 69433, 649123.0, 648439, 1003454, 1146767, 1184209, 1184209, 0
