elapsed, window, n, min, mean, median, 95th, 99th, 99_9th, max, errors
10.000309, 10.000309, 0, 0, 0, 0, 0, 0, 0, 0, 0
20.001181, 10.000872, 111, 44529, 1350527.0, 548782, 10801646, 12424042, 13235801, 13235801, 0
30.001174, 9.999993, 133, 44725, 587204.2, 527574, 1030040, 1309446, 1315588, 1315588, 1
40.001234, 10.00006, 137, 44727, 589177.6, 571309, 980378, 1150893, 1287710, 1287710, 2
50.001188, 9.999954, 129, 44727, 601619.3, 563439, 959876, 1002172, 1152379, 1152379, 1
60.001232, 10.000044, 133, 65749, 602386.2, 547374, 1007064, 1127143, 1173724, 1173724, 1
64.012255, 4.011023, 20, 65749, 610582.1, 639481, 1004291, 1120616, 1125939, 1125939, 0
