elapsed, window, n, min, mean, median, 95th, 99th, 99_9th, max, errors
10.001145, 10.001145, 0, 0, 0, 0, 0, 0, 0, 0, 0
20.001105, 9.99996, 92, 182115, 1379834.7, 664996, 5791086, 12287826, 12305081, 12305081, 0
30.001136, 10.000031, 131, 183216, 628995.5, 647334, 981613, 1115440, 1279480, 1279480, 0
40.001087, 9.999951, 133, 27738, 584627.5, 543454, 1012757, 1289242, 1320759, 1320759, 3
50.001092, 10.000005, 134, 65441, 595089.0, 549805, 1003821, 1149444, 1162399, 1162399, 0
60.001088, 9.999996, 129, 27633, 611492.7, 545890, 1114027, 1269548, 1287367, 1287367, 1
64.011123, 4.010035, 21, 27633, 622270.0, 545890, 1118855, 1269548, 1287367, 1287367, 0
