elapsed, window, n, min, mean, median, 95th, 99th, 99_9th, max, errors
10.001114, 10.001114, 0, 0, 0, 0, 0, 0, 0, 0, 0
20.001155, 10.000041, 100, 207923, 1378304.5, 552272, 7859264, 13270552, 13294204, 13294204, 0
30.001159, 10.000004, 133, 24575, 601332.8, 533968, 993702, 1154497, 1155521, 1155521, 1
40.001111, 9.999952, 131, 8388, 606647.6, 574397, 979572, 1170864, 1284731, 1284731, 0
50.001153, 10.000042, 134, 4381, 592260.7, 549011, 991321, 1187270, 1297746, 1297746, 1
60.001115, 9.999962, 134, 4381, 587856.9, 555021, 1011864, 1147690, 1160512, 1160512, 0
64.00918, 4.008065, 20, 24278, 612665.4, 644742, 1014353, 1153537, 1160512, 1160512, 1
