elapsed, window, n, min, mean, median, 95th, 99th, 99_9th, max, errors
10.001102, 10.001102, 6, 1672349, 6488981.3, 6628005, 9327925, 9327925, 9327925, 9327925, 0
20.001088, 9.999986, 84, 3947, 1385679.0, 874762, 5744762, 11156561, 12373636, 12373636, 1
30.001122, 10.000034, 117, 3840, 689331.7, 693421, 1278152, 1493678, 1716770, 1716770, 0
40.001091, 9.999969, 112, 4007, 702657.2, 657915, 1383398, 1598785, 1963606, 1963606, 0
50.001114, 10.000023, 106, 3933, 721890.8, 691541, 1316687, 1655297, 1692050, 1692050, 2
60.001102, 9.999988, 108, 4105, 751164.9, 756579, 1352348, 1492133, 1519415, 1519415, 1
64.00914, 4.008038, 17, 4233, 746856.6, 760875, 1318606, 1492133, 1519415, 1519415, 0
