elapsed, window, n, min, mean, median, 95th, 99th, 99_9th, max, errors
10.000485, 10.000485, 0, 0, 0, 0, 0, 0, 0, 0, 0
20.001256, 10.000771, 54, 325083, 2456382.2, 1310985, 10356160, 12443075, 13268312, 13268312, 2
30.001256, 10.0, 71, 382539, 1087270.9, 1069694, 1646042, 1993314, 2006573, 2006573, 2
40.001255, 9.999999, 65, 420576, 1193995.2, 1237731, 1612282, 1819956, 2166584, 2166584, 0
50.001274, 10.000019, 75, 281824, 1094138.3, 1074533, 1762509, 1916875, 1959814, 1959814, 0
60.001375, 10.000101, 71, 149732, 1129401.9, 1136635, 1747345, 2062439, 2131209, 2131209, 0
64.016343, 4.014968, 15, 149732, 1108401.5, 1075478, 1687046, 1785298, 2062439, 2062439, 0
