elapsed, window, n, min, mean, median, 95th, 99th, 99_9th, max, errors
10.001154, 10.001154, 0, 0, 0, 0, 0, 0, 0, 0, 0
20.001143, 9.999989, 110, 171229, 1329211.9, 635822, 10616815, 12001090, 12421094, 12421094, 1
30.001169, 10.000026, 138, 77704, 574105.2, 583750, 881512, 949922, 1249560, 1249560, 2
40.001135, 9.999966, 129, 4130, 613987.7, 614374, 907857, 1010945, 1054315, 1054315, 2
50.00117, 10.000035, 128, 172042, 616180.3, 602955, 961911, 1115141, 1127869, 1127869, 1
60.001155, 9.999985, 135, 109437, 596087.6, 569321, 989570, 1115141, 1218403, 1218403, 1
64.009211, 4.008056, 23, 109437, 578265.1, 564528, 946240, 1038110, 1218403, 1218403, 0
