elapsed, window, n, min, mean, median, 95th, 99th, 99_9th, max, errors
10.001223, 10.001223, 0, 0, 0, 0, 0, 0, 0, 0, 0
20.001249, 10.000026, 87, 4306, 1657243.7, 764386, 11081927, 12385050, 13357054, 13357054, 0
30.001242, 9.999993, 105, 141357, 772656.6, 766188, 1306928, 1551159, 1623513, 1623513, 0
40.001263, 10.000021, 112, 3874, 702022.5, 708054, 1213409, 1352582, 1655894, 1655894, 0
50.001231, 9.999968, 104, 139754, 763927.3, 696780, 1373389, 1618850, 1664208, 1664208, 0
60.001193, 9.999962, 109, 4142, 713736.6, 695637, 1371222, 1484195, 1589047, 1589047, 1
64.009223, 4.00803, 22, 8155, 736784.3, 737706, 1380577, 1484195, 1589047, 1589047, 0
