elapsed, window, n, min, mean, median, 95th, 99th, 99_9th, max, errors
10.001035, 10.001035, 0, 0, 0, 0, 0, 0, 0, 0, 0
20.002018, 10.000983, 97, 23623, 1610721.3, 653161, 12688197, 12811001, 13015187, 13015187, 1
30.002012, 9.999994, 125, 113596, 644675.8, 618608, 1125479, 1322113, 1385861, 1385861, 0
40.002011, 9.999999, 136, 46070, 587726.9, 585056, 1067589, 1266401, 1304343, 1304343, 1
50.002019, 10.000008, 138, 26935, 567324.5, 545588, 999026, 1220343, 1451736, 1451736, 1
60.002037, 10.000018, 129, 23598, 602805.8, 600431, 1000700, 1181952, 1210677, 1210677, 2
64.008041, 4.006004, 21, 64239, 618610.5, 601652, 1061453, 1181952, 1210677, 1210677, 0
