elapsed, window, n, min, mean, median, 95th, 99th, 99_9th, max, errors
10.000505, 10.000505, 0, 0, 0, 0, 0, 0, 0, 0, 0
20.001324, 10.000819, 98, 43158, 1582038.1, 581345, 13033289, 13336065, 13364683, 13364683, 2
30.001335, 10.000011, 125, 26877, 634158.3, 580549, 1206826, 1519166, 1676593, 1676593, 1
40.001318, 9.999983, 137, 23727, 576680.4, 536263, 1047706, 1427287, 1640391, 1640391, 1
50.001376, 10.000058, 120, 44482, 649430.5, 640865, 1114846, 1201121, 1431400, 1431400, 1
60.00143, 10.000054, 138, 6969, 590184.3, 597701, 1036095, 1182907, 1283717, 1283717, 0
64.008371, 4.006941, 24, 6969, 562470.6, 546477, 978561, 1182907, 1283717, 1283717, 0
