elapsed, window, n, min, mean, median, 95th, 99th, 99_9th, max, errors
10.000491, 10.000491, 0, 0, 0, 0, 0, 0, 0, 0, 0
20.001236, 10.000745, 99, 3829, 1376585.0, 606528, 11015715, 13042001, 13207912, 13207912, 2
30.001228, 9.999992, 130, 23886, 600609.7, 598099, 1074328, 1236771, 1298496, 1298496, 1
40.001224, 9.999996, 139, 28052, 586258.2, 543424, 1118891, 1449361, 1623815, 1623815, 1
50.001278, 10.000054, 128, 28052, 609186.1, 606291, 1133816, 1200257, 1328823, 1328823, 3
60.001265, 9.999987, 133, 27446, 601606.9, 585631, 1076468, 1205181, 1271231, 1271231, 0
64.008284, 4.007019, 21, 63065, 627041.6, 599785, 1145110, 1220146, 1271231, 1271231, 2
