elapsed, window, n, min, mean, median, 95th, 99th, 99_9th, max, errors
10.00096, 10.00096, 0, 0, 0, 0, 0, 0, 0, 0, 0
20.001955, 10.000995, 85, 320337, 1568544.2, 834632, 10622610, 11730684, 12069131, 12069131, 3
30.001934, 9.999979, 102, 162818, 774030.1, 795647, 1174043, 1330926, 1372017, 1372017, 2
40.001931, 9.999997, 92, 320860, 846188.7, 829679, 1176173, 1334084, 1489206, 1489206, 0
50.001953, 10.000022, 96, 327754, 838715.5, 825289, 1175363, 1350419, 1490480, 1490480, 2
60.001944, 9.999991, 99, 3546, 812608.7, 824253, 1174917, 1201237, 1317182, 1317182, 0
64.008964, 4.00702, 16, 178812, 842362.3, 836123, 1196356, 1317182, 1327751, 1327751, 0
