elapsed, window, n, min, mean, median, 95th, 99th, 99_9th, max, errors
10.000174, 10.000174, 28, 36734, 2517635.0, 788810, 8501283, 9069134, 9069134, 9069134, 1
20.001173, 10.000999, 123, 4497, 627126.9, 637492, 1037738, 1171984, 1267241, 1267241, 2
30.001165, 9.999992, 120, 36052, 661823.8, 616172, 1133031, 1383745, 1468508, 1468508, 1
40.001173, 10.000008, 120, 5316, 674897.6, 650803, 1210118, 1373339, 1442721, 1442721, 2
50.001176, 10.000003, 123, 132953, 633839.4, 602471, 1045389, 1242342, 1391953, 1391953, 2
60.001167, 9.999991, 125, 69372, 639176.4, 610300, 1192307, 1374092, 1391953, 1391953, 0
64.019191, 4.018024, 20, 69372, 657729.1, 638063, 1098331, 1287932, 1374092, 1374092, 0
