elapsed, window, n, min, mean, median, 95th, 99th, 99_9th, max, errors
10.000508, 10.000508, 0, 0, 0, 0, 0, 0, 0, 0, 0
20.001465, 10.000957, 76, 353832, 1827562.3, 859226, 11266302, 12084227, 12408173, 12408173, 2
30.001473, 10.000008, 100, 161903, 805279.0, 822021, 1184396, 1333819, 1347026, 1347026, 0
40.001474, 10.000001, 92, 328723, 852289.3, 838195, 1202899, 1351048, 1380567, 1380567, 0
50.001509, 10.000035, 97, 161574, 831520.0, 828440, 1311905, 1340598, 1470603, 1470603, 0
60.001471, 9.999962, 104, 324452, 795659.4, 823313, 1185718, 1501609, 1519095, 1519095, 0
64.008536, 4.007065, 17, 324452, 805886.9, 825771, 1159905, 1501609, 1519095, 1519095, 0
