elapsed, window, n, min, mean, median, 95th, 99th, 99_9th, max, errors
10.000692, 10.000692, 0, 0, 0, 0, 0, 0, 0, 0, 0
20.001688, 10.000996, 90, 162612, 1749821.4, 837292, 10839504, 11134796, 11282839, 11282839, 0
30.001692, 10.000004, 100, 166030, 778410.6, 807853, 1181712, 1454549, 1514216, 1514216, 0
40.001686, 9.999994, 96, 161534, 829931.2, 820731, 1316828, 1490343, 1514216, 1514216, 4
50.00169, 10.000004, 90, 168447, 848950.6, 838810, 1185930, 1368153, 1664694, 1664694, 1
60.001685, 9.999995, 94, 331991, 832447.9, 828427, 1184004, 1345437, 1515957, 1515957, 4
64.007711, 4.006026, 17, 323804, 815681.6, 828427, 1172417, 1191806, 1327617, 1327617, 0
