elapsed, window, n, min, mean, median, 95th, 99th, 99_9th, max, errors
10.000571, 10.000571, 0, 0, 0, 0, 0, 0, 0, 0, 0
20.002017, 10.001446, 127, 75542, 1111161.6, 587177, 2745628, 11096925, 11924398, 11924398, 0
30.001575, 9.999558, 137, 7480, 581367.5, 592454, 861438, 968924, 1113433, 1113433, 1
40.001493, 9.999918, 147, 3754, 542458.5, 539492, 860015, 1022679, 1074169, 1074169, 1
50.001493, 10.0, 149, 3754, 533329.0, 527567, 844210, 939427, 1063823, 1063823, 1
60.001495, 10.000002, 139, 138868, 560303.2, 541221, 863711, 1077089, 1077187, 1077187, 3
64.008534, 4.007039, 27, 138868, 568894.5, 552921, 863711, 1077089, 1077187, 1077187, 0
