elapsed, window, n, min, mean, median, 95th, 99th, 99_9th, max, errors
10.000411, 10.000411, 0, 0, 0, 0, 0, 0, 0, 0, 0
20.001414, 10.001003, 115, 216849, 1296621.3, 607602, 10331794, 10793606, 11344845, 11344845, 2
30.001409, 9.999995, 151, 124652, 535759.3, 524215, 839889, 941285, 1015768, 1015768, 0
40.001407, 9.999998, 143, 3615, 542942.1, 546401, 803984, 941285, 1030463, 1030463, 0
50.001412, 10.000005, 153, 136413, 533274.0, 538139, 833741, 925609, 1030463, 1030463, 0
60.001464, 10.000052, 149, 138215, 510601.1, 506924, 809985, 895463, 1178129, 1178129, 3
64.010441, 4.008977, 23, 146531, 535164.0, 525088, 853601, 1104193, 1178129, 1178129, 0
