elapsed, window, n, min, mean, median, 95th, 99th, 99_9th, max, errors
10.000306, 10.000306, 0, 0, 0, 0, 0, 0, 0, 0, 0
20.001316, 10.00101, 127, 122516, 938370.0, 580491, 1839790, 11229450, 11273037, 11273037, 3
30.001304, 9.999988, 139, 195986, 557349.8, 544245, 900966, 950528, 983871, 983871, 1
40.001307, 10.000003, 139, 138972, 563245.1, 576304, 869075, 1001742, 1030021, 1030021, 1
50.001311, 10.000004, 148, 139882, 538859.8, 537426, 846633, 981181, 1103882, 1103882, 1
60.001303, 9.999992, 143, 79442, 561107.8, 566829, 806176, 934223, 1017089, 1017089, 0
64.00835, 4.007047, 23, 79442, 566479.3, 569465, 795863, 998618, 1017089, 1017089, 0
