elapsed, window, n, min, mean, median, 95th, 99th, 99_9th, max, errors
10.001087, 10.001087, 5, 6337665, 8236263.0, 8803875, 9850420, 9850420, 9850420, 9850420, 0
20.001059, 9.999972, 85, 85184, 1542749.7, 834817, 9846111, 11641964, 12588040, 12588040, 0
30.001046, 9.999987, 93, 80058, 840705.6, 829334, 1317713, 1538936, 1672667, 1672667, 4
40.001045, 9.999999, 100, 319210, 812646.5, 804416, 1289644, 1355684, 1364900, 1364900, 0
50.001047, 10.000002, 92, 156314, 839154.4, 879166, 1313315, 1560704, 1565607, 1565607, 3
60.001049, 10.000002, 101, 162019, 780802.6, 751233, 1408418, 1416356, 1697616, 1697616, 0
64.010098, 4.009049, 19, 162019, 800056.1, 748106, 1412579, 1538513, 1697616, 1697616, 0
