elapsed, window, n, min, mean, median, 95th, 99th, 99_9th, max, errors
10.000927, 10.000927, 5, 7643936, 7691816.6, 7674035, 7778786, 7778786, 7778786, 7778786, 0
20.001927, 10.001, 115, 77979, 1030288.4, 618526, 3096481, 11774971, 12382040, 12382040, 1
30.001914, 9.999987, 141, 79629, 560651.2, 550733, 862987, 995345, 1256706, 1256706, 1
40.001915, 10.000001, 131, 77780, 616740.1, 610244, 967586, 1061483, 1123503, 1123503, 0
50.001923, 10.000008, 132, 114030, 597079.1, 598210, 931286, 1059385, 1094524, 1094524, 1
60.00192, 9.999997, 134, 77747, 600443.1, 620954, 914308, 1035974, 1193344, 1193344, 0
64.008974, 4.007054, 21, 109412, 606608.4, 617709, 892189, 1018900, 1193344, 1193344, 0
