elapsed, window, n, min, mean, median, 95th, 99th, 99_9th, max, errors
10.00074, 10.00074, 0, 0, 0, 0, 0, 0, 0, 0, 0
20.001761, 10.001021, 84, 328168, 1412837.7, 860593, 2898324, 11757579, 12249912, 12249912, 1
30.001728, 9.999967, 98, 169663, 817473.8, 802061, 1281938, 1346872, 1374307, 1374307, 1
40.001725, 9.999997, 95, 6486, 813406.8, 804554, 1291317, 1359652, 1590016, 1590016, 0
50.001758, 10.000033, 91, 85492, 855225.2, 821885, 1308912, 1495141, 1609154, 1609154, 2
60.001735, 9.999977, 102, 8015, 799811.8, 835580, 1234342, 1282954, 1405616, 1405616, 1
64.008797, 4.007062, 18, 233101, 797565.4, 807752, 1268689, 1361019, 1405616, 1405616, 0
