elapsed, window, n, min, mean, median, 95th, 99th, 99_9th, max, errors
10.00118, 10.00118, 0, 0, 0, 0, 0, 0, 0, 0, 0
20.00118, 10.0, 104, 8298, 1429817.4, 613055, 10627153, 12845549, 12959279, 12959279, 1
30.001163, 9.999983, 129, 80705, 602033.2, 593888, 960877, 1119976, 1156615, 1156615, 1
40.001427, 10.000264, 132, 188800, 604593.7, 602839, 915282, 1022230, 1133514, 1133514, 0
50.001181, 9.999754, 136, 176898, 585872.9, 578839, 920030, 1046265, 1139285, 1139285, 2
60.001184, 10.000003, 129, 81338, 625733.8, 624096, 933767, 1038480, 1246784, 1246784, 1
64.009217, 4.008033, 20, 81338, 605561.0, 613124, 889071, 954564, 1019897, 1019897, 1
