elapsed, window, n, min, mean, median, 95th, 99th, 99_9th, max, errors
10.001079, 10.001079, 6, 3449528, 7627532.7, 6925000, 9856914, 9856914, 9856914, 9856914, 1
20.001079, 10.0, 74, 9034, 1699582.9, 1014589, 9602967, 11376904, 11392312, 11392312, 0
30.001076, 9.999997, 81, 151755, 1008006.3, 1000979, 1713966, 1857993, 2063899, 2063899, 0
40.001074, 9.999998, 80, 326849, 969292.0, 932982, 1673284, 1769618, 1868172, 1868172, 0
50.001119, 10.000045, 85, 253935, 967439.9, 911992, 1636930, 2201086, 2261605, 2261605, 0
60.001101, 9.999982, 86, 84871, 913566.1, 906653, 1660260, 1924449, 2261605, 2261605, 1
64.008096, 4.006995, 16, 84871, 943035.4, 926806, 1803004, 1924449, 2005775, 2005775, 0
