elapsed, window, n, min, mean, median, 95th, 99th, 99_9th, max, errors
10.00083, 10.00083, 0, 0, 0, 0, 0, 0, 0, 0, 0
20.001768, 10.000938, 84, 155234, 1542841.9, 922224, 10187403, 10902488, 11192170, 11192170, 1
30.001784, 10.000016, 84, 79293, 954864.1, 919399, 1658471, 2079614, 2124820, 2124820, 0
40.001763, 9.999979, 87, 327016, 915985.7, 889983, 1445423, 1664159, 1832572, 1832572, 0
50.001773, 10.00001, 87, 88089, 928844.2, 857518, 1658100, 1840385, 2008414, 2008414, 1
60.001782, 10.000009, 93, 80108, 860048.4, 923659, 1445820, 1671890, 1914350, 1914350, 0
64.01079, 4.009008, 19, 78052, 817486.7, 829302, 1426349, 1671890, 1914350, 1914350, 0
