elapsed, window, n, min, mean, median, 95th, 99th, 99_9th, max, errors
10.000779, 10.000779, 5, 3738744, 6562320.6, 6734101, 9927167, 9927167, 9927167, 9927167, 0
20.001727, 10.000948, 82, 231010, 1621928.7, 972873, 9927167, 10331942, 10476547, 10476547, 1
30.001719, 9.999992, 88, 151867, 926792.7, 928738, 1471449, 1690278, 1828682, 1828682, 0
40.001718, 9.999999, 84, 228519, 956027.8, 901455, 1544969, 1682327, 1690278, 1690278, 1
50.001726, 10.000008, 87, 77866, 914941.8, 906439, 1428610, 1646104, 1751581, 1751581, 1
60.001722, 9.999996, 84, 77866, 904040.1, 862309, 1535692, 1769687, 1788570, 1788570, 0
64.008756, 4.007034, 20, 151697, 916063.1, 868110, 1546075, 1745302, 1769687, 1769687, 0
