elapsed, window, n, min, mean, median, 95th, 99th, 99_9th, max, errors
10.000777, 10.000777, 0, 0, 0, 0, 0, 0, 0, 0, 0
20.001776, 10.000999, 91, 168934, 1616160.6, 771940, 10830061, 12234767, 12344648, 12344648, 0
30.001781, 10.000005, 94, 167833, 848305.2, 835748, 1265545, 1422232, 1453858, 1453858, 0
40.001793, 10.000012, 94, 248971, 848770.1, 847340, 1360477, 1509816, 1665645, 1665645, 0
50.001665, 9.999872, 108, 86676, 748794.7, 721426, 1172852, 1439586, 1509816, 1509816, 1
60.001518, 9.999853, 98, 94396, 801375.7, 799144, 1253785, 1305643, 1371828, 1371828, 0
64.008563, 4.007045, 16, 94396, 838588.8, 874574, 1264078, 1312787, 1337357, 1337357, 0
