elapsed, window, n, min, mean, median, 95th, 99th, 99_9th, max, errors
10.000654, 10.000654, 2194, 3900, 29407.3, 11932, 162788, 288363, 339026, 354449, 479
20.001703, 10.001049, 2196, 4004, 26960.7, 11328, 147478, 252624, 340324, 496249, 519
30.00171, 10.000007, 2114, 4053, 28850.7, 10942, 154862, 308414, 362137, 384430, 480
40.001889, 10.000179, 2351, 3970, 26887.1, 11900, 140725, 256729, 310614, 329598, 534
50.001801, 9.999912, 2070, 4115, 30024.3, 11435, 163045, 294251, 348035, 384841, 493
60.00165, 9.999849, 2243, 3954, 27486.8, 11816, 148887, 254871, 414381, 475379, 511
64.014708, 4.013058, 226, 3995, 26708.2, 11478, 146067, 238908, 474705, 602326, 55
