elapsed, window, n, min, mean, median, 95th, 99th, 99_9th, max, errors
10.000702, 10.000702, 2376, 4127, 25802.9, 11105, 142328, 263361, 325688, 364291, 558
20.001639, 10.000937, 1976, 4097, 29420.6, 10844, 150427, 322379, 363610, 519421, 413
30.001675, 10.000036, 2109, 4147, 27988.2, 11073, 150198, 255149, 349149, 357016, 454
40.001759, 10.000084, 2041, 4227, 29950.8, 10489, 178790, 334904, 476980, 712498, 511
50.001643, 9.999884, 2103, 4057, 29245.6, 10767, 164480, 327263, 479291, 530476, 476
60.001636, 9.999993, 2037, 4127, 29287.7, 10774, 166810, 331931, 501495, 522717, 492
64.008721, 4.007085, 275, 4127, 30089.3, 10846, 171564, 290583, 501495, 522717, 44
