elapsed, window, n, min, mean, median, 95th, 99th, 99_9th, max, errors
10.000931, 10.000931, 2430, 3979, 25947.5, 11592, 134511, 203427, 304242, 339328, 523
20.001929, 10.000998, 2281, 3867, 27111.6, 11701, 149693, 256827, 319769, 434503, 539
30.001971, 10.000042, 2649, 4041, 22480.1, 11072, 105266, 228907, 287900, 573329, 643
40.002219, 10.000248, 2412, 4117, 26087.1, 11308, 140390, 254963, 306206, 326983, 544
50.000934, 9.998715, 2420, 3956, 24889.4, 11086, 127017, 219231, 329055, 476693, 600
60.001908, 10.000974, 2162, 4018, 29738.8, 11255, 164628, 308921, 406945, 527719, 432
64.019967, 4.018059, 225, 4144, 30617.6, 11098, 160698, 313580, 381228, 527719, 59
