elapsed, window, n, min, mean, median, 95th, 99th, 99_9th, max, errors
10.001206, 10.001206, 59, 181872, 1348420.2, 537076, 4805839, 5888862, 7164744, 7164744, 1
20.001161, 9.999955, 207, 5436, 380052.2, 314998, 736851, 1497735, 1764569, 1764569, 1
30.001134, 9.999973, 233, 4965, 343172.4, 317396, 674398, 889101, 958374, 958374, 1
40.001123, 9.999989, 235, 4728, 334921.7, 313870, 608588, 824309, 1241711, 1241711, 4
50.001147, 10.000024, 219, 4953, 348517.9, 323651, 604941, 989992, 1524607, 1524607, 4
60.001127, 9.99998, 219, 7747, 363215.6, 323752, 648173, 858089, 952560, 952560, 0
64.009179, 4.008052, 29, 7747, 367071.7, 323816, 649740, 858089, 952560, 952560, 1
