elapsed, window, n, min, mean, median, 95th, 99th, 99_9th, max, errors
10.000933, 10.000933, 67, 217135, 1159802.1, 511121, 4879742, 6413384, 7274922, 7274922, 0
20.001865, 10.000932, 213, 4719, 374347.6, 323785, 747817, 950871, 1522232, 1522232, 1
30.001862, 9.999997, 225, 4719, 358433.5, 316368, 679497, 971141, 1053119, 1053119, 0
40.001858, 9.999996, 234, 5234, 343341.3, 322220, 653580, 855869, 1019918, 1019918, 4
50.001876, 10.000018, 232, 8381, 339126.4, 316365, 578954, 705195, 786734, 786734, 3
60.001854, 9.999978, 219, 8923, 356220.1, 323640, 674076, 861359, 1102311, 1102311, 0
64.00892, 4.007066, 29, 8923, 377686.6, 323910, 715273, 853449, 1102311, 1102311, 0
