elapsed, window, n, min, mean, median, 95th, 99th, 99_9th, max, errors
10.000474, 10.000474, 15, 24378, 2913165.2, 2142168, 7855035, 9224382, 9224382, 9224382, 1
20.0015, 10.001026, 175, 4150, 624752.8, 326822, 2292257, 8580782, 11915236, 11915236, 1
30.001546, 10.000046, 240, 4319, 329464.4, 326199, 645358, 692996, 809498, 809498, 3
40.001469, 9.999923, 251, 4359, 315648.1, 325423, 517303, 648168, 679279, 679279, 3
50.001476, 10.000007, 257, 4543, 306492.1, 325421, 506754, 667044, 811772, 811772, 1
60.010822, 10.009346, 249, 4262, 317417.8, 325803, 516795, 656292, 674626, 674626, 2
64.010745, 3.999923, 34, 4266, 320130.1, 325814, 529166, 672123, 970208, 970208, 0
