elapsed, window, n, min, mean, median, 95th, 99th, 99_9th, max, errors
10.000381, 10.000381, 14, 161910, 3372418.8, 3571424, 7368755, 9091733, 9091733, 9091733, 0
20.001353, 10.000972, 174, 4009, 638018.9, 326892, 2358217, 5979658, 6914583, 6914583, 2
30.001732, 10.000379, 252, 4155, 307967.3, 326248, 498240, 667728, 821052, 821052, 5
40.001594, 9.999862, 255, 4236, 309724.8, 326137, 512687, 694057, 828396, 828396, 2
50.001432, 9.999838, 235, 4090, 338059.4, 326778, 647243, 676781, 837192, 837192, 2
60.001385, 9.999953, 247, 7213, 321942.2, 326181, 516106, 666893, 816879, 816879, 3
64.009411, 4.008026, 41, 4288, 304073.4, 323980, 496293, 666189, 672117, 672117, 0
