elapsed, window, n, min, mean, median, 95th, 99th, 99_9th, max, errors
10.000234, 10.000234, 13, 518549, 3368956.0, 3161178, 5658223, 6937833, 6937833, 6937833, 1
20.001239, 10.001005, 170, 10568, 612615.5, 327922, 1458360, 7088323, 9120382, 9120382, 3
30.001246, 10.000007, 248, 5182, 315339.0, 325463, 507387, 656605, 801717, 801717, 2
40.001203, 9.999957, 254, 4243, 312163.1, 324617, 513289, 663481, 802162, 802162, 1
50.001198, 9.999995, 257, 3938, 308303.1, 325540, 509799, 665603, 968120, 968120, 1
60.001194, 9.999996, 244, 4260, 321883.9, 325562, 510078, 652911, 847590, 847590, 4
64.008251, 4.007057, 34, 4260, 315330.6, 325360, 506680, 661769, 799256, 799256, 1
