elapsed, window, n, min, mean, median, 95th, 99th, 99_9th, max, errors
10.000745, 10.000745, 20, 293577, 3236132.7, 3051061, 6609690, 8892101, 8892101, 8892101, 1
20.001818, 10.001073, 132, 3939, 689810.7, 418540, 2710166, 4544451, 7807049, 7807049, 2
30.001697, 9.999879, 202, 4155, 393961.8, 391084, 764882, 900919, 1070299, 1070299, 0
40.001747, 10.00005, 189, 4029, 414976.4, 415417, 729249, 879324, 1006520, 1006520, 3
50.001702, 9.999955, 181, 4680, 441836.4, 418419, 767651, 1003169, 1318942, 1318942, 1
60.001703, 10.000001, 205, 4349, 385548.4, 385325, 760907, 899694, 1043356, 1043356, 0
64.008773, 4.00707, 26, 4349, 407539.1, 415124, 762203, 899694, 1072113, 1072113, 0
