elapsed, window, n, min, mean, median, 95th, 99th, 99_9th, max, errors
10.000938, 10.000938, 22, 4165, 2212726.5, 2358756, 4429566, 4758411, 4758411, 4758411, 0
20.001924, 10.000986, 209, 4528, 486721.0, 284057, 1183619, 7334237, 7480690, 7480690, 4
30.001896, 9.999972, 255, 4420, 305639.7, 324509, 520312, 634919, 734163, 734163, 5
40.001899, 10.000003, 256, 4282, 302478.6, 324418, 524067, 649896, 734163, 734163, 4
50.001924, 10.000025, 270, 4282, 293978.9, 324403, 521672, 591050, 629488, 629488, 2
60.003727, 10.001803, 273, 6322, 291381.8, 319682, 527341, 634583, 675029, 675029, 3
64.007942, 4.004215, 35, 7237, 288592.4, 309417, 551560, 662583, 698939, 698939, 0
