elapsed, window, n, min, mean, median, 95th, 99th, 99_9th, max, errors
10.000437, 10.000437, 5, 8510, 1651745.2, 764720, 6102670, 6102670, 6102670, 6102670, 1
20.001414, 10.000977, 172, 7523, 771661.0, 330755, 857422, 12828936, 13443235, 13443235, 1
30.001481, 10.000067, 249, 3995, 312801.2, 329559, 561186, 654319, 1052517, 1052517, 2
40.001399, 9.999918, 254, 4864, 316266.0, 330580, 569318, 726646, 873689, 873689, 1
50.001422, 10.000023, 263, 4705, 298833.0, 326065, 516166, 655328, 796298, 796298, 2
60.00139, 9.999968, 244, 13283, 326739.0, 330753, 582545, 737385, 838163, 838163, 4
64.008503, 4.007113, 34, 19301, 330299.0, 330805, 579351, 728199, 838163, 838163, 0
