elapsed, window, n, min, mean, median, 95th, 99th, 99_9th, max, errors
10.000614, 10.000614, 5, 147318, 469231.6, 630556, 769052, 769052, 769052, 769052, 0
20.001457, 10.000843, 179, 4130, 867308.4, 330633, 771449, 12839006, 12939819, 12939819, 2
30.001417, 9.99996, 255, 6547, 305791.7, 328960, 563024, 707371, 811025, 811025, 4
40.001402, 9.999985, 253, 8136, 318717.7, 330564, 560037, 599600, 817395, 817395, 2
50.001412, 10.00001, 247, 4128, 316403.1, 330625, 535216, 746718, 886363, 886363, 3
60.001404, 9.999992, 239, 5739, 329801.8, 330745, 584315, 793193, 970910, 970910, 1
64.011431, 4.010027, 37, 5739, 329718.8, 330921, 564315, 723437, 744792, 744792, 0
