elapsed, window, n, min, mean, median, 95th, 99th, 99_9th, max, errors
10.000913, 10.000913, 18, 343055, 3191392.3, 3123324, 5834622, 5836416, 5836416, 5836416, 0
20.001891, 10.000978, 132, 3918, 763231.0, 415500, 2920078, 7202862, 7670281, 7670281, 0
30.001873, 9.999982, 190, 3841, 418522.9, 416275, 760002, 1004747, 1246011, 1246011, 1
40.001865, 9.999992, 184, 3817, 420457.1, 415409, 863501, 1106118, 1313113, 1313113, 2
50.001866, 10.000001, 195, 5893, 415513.9, 415343, 759782, 927897, 1312035, 1312035, 2
60.001857, 9.999991, 186, 3915, 418336.1, 415210, 760270, 1273401, 1512249, 1512249, 3
64.007944, 4.006087, 26, 3915, 426332.1, 415573, 725389, 1512249, 1550509, 1550509, 1
