elapsed, window, n, min, mean, median, 95th, 99th, 99_9th, max, errors
10.00035, 10.00035, 8, 1715462, 6489314.1, 6383538, 8719030, 8719030, 8719030, 8719030, 0
20.001321, 10.000971, 107, 8969, 983446.3, 519716, 3761798, 5874926, 10656957, 10656957, 1
30.001318, 9.999997, 148, 4006, 544975.1, 455410, 996178, 1247733, 1585550, 1585550, 0
40.001321, 10.000003, 158, 6412, 503200.9, 420432, 1002195, 1142500, 1448449, 1448449, 1
50.001324, 10.000003, 151, 6762, 526717.9, 429757, 1001823, 1245632, 1552169, 1552169, 0
60.001322, 9.999998, 160, 3919, 504288.3, 422257, 998602, 1137085, 1348202, 1348202, 0
64.009373, 4.008051, 23, 3974, 516094.3, 423387, 909405, 1315397, 1348202, 1348202, 0
