elapsed, window, n, min, mean, median, 95th, 99th, 99_9th, max, errors
10.000708, 10.000708, 7, 243852, 2737673.6, 2039223, 8228252, 8228252, 8228252, 8228252, 1
20.001743, 10.001035, 173, 36191, 779609.4, 332027, 2012162, 11924180, 12060049, 12060049, 1
30.002114, 10.000371, 257, 4015, 312334.9, 327768, 587379, 752877, 870563, 870563, 2
40.000694, 9.99858, 247, 7980, 318881.5, 332130, 587923, 741987, 969947, 969947, 2
50.001698, 10.001004, 262, 4939, 307626.8, 329997, 566233, 737033, 807707, 807707, 3
60.001696, 9.999998, 243, 8149, 325085.4, 332211, 520632, 719989, 986746, 986746, 3
64.010732, 4.009036, 30, 8149, 337412.6, 332917, 565930, 822534, 986746, 986746, 0
