elapsed, window, n, min, mean, median, 95th, 99th, 99_9th, max, errors
10.001157, 10.001157, 53, 4689, 1446212.1, 498015, 6698058, 7156694, 7182691, 7182691, 0
20.001071, 9.999914, 209, 7918, 388833.8, 323693, 786712, 1502709, 1819798, 1819798, 1
30.001049, 9.999978, 226, 4758, 348779.5, 323440, 673898, 817025, 1351220, 1351220, 2
40.001044, 9.999995, 223, 4598, 355422.1, 323959, 673266, 856177, 998259, 998259, 3
50.001098, 10.000054, 240, 4763, 327298.4, 313413, 641071, 926258, 1029461, 1029461, 3
60.001047, 9.999949, 220, 5402, 360047.3, 324089, 642464, 788351, 1097270, 1097270, 1
64.011097, 4.01005, 27, 36799, 373280.8, 324864, 642464, 705173, 788351, 788351, 1
