elapsed, window, n, min, mean, median, 95th, 99th, 99_9th, max, errors
10.000412, 10.000412, 6, 1111817, 7925356.5, 8817749, 9921583, 9921583, 9921583, 9921583, 0
20.001528, 10.001116, 155, 68461, 882435.8, 420219, 1851808, 10736639, 11951406, 11951406, 0
30.001451, 9.999923, 190, 3587, 418321.4, 413273, 698562, 835091, 977946, 977946, 1
40.001409, 9.999958, 197, 3487, 398590.9, 413216, 660991, 991695, 1000135, 1000135, 1
50.001454, 10.000045, 195, 3671, 404001.7, 418096, 673528, 850856, 1161330, 1161330, 2
60.001427, 9.999973, 191, 72198, 414558.2, 414561, 673457, 851872, 994470, 994470, 4
64.014456, 4.013029, 24, 72198, 415233.3, 413178, 679730, 846428, 994470, 994470, 0
