elapsed, window, n, min, mean, median, 95th, 99th, 99_9th, max, errors
10.001288, 10.001288, 6, 1142163, 6211693.3, 8684216, 8842659, 8842659, 8842659, 8842659, 0
20.002037, 10.000749, 158, 3329, 758975.7, 417759, 1313145, 11117613, 12014362, 12014362, 4
30.000992, 9.998955, 188, 4074, 427923.8, 418545, 692823, 847036, 1003789, 1003789, 4
40.001987, 10.000995, 197, 3619, 403999.9, 412863, 672223, 828551, 1001415, 1001415, 1
50.001971, 9.999984, 194, 3563, 402580.8, 355731, 663691, 826526, 862763, 862763, 2
60.001974, 10.000003, 197, 3569, 410134.6, 417290, 682821, 854505, 960918, 960918, 1
64.008035, 4.006061, 23, 3569, 428503.2, 418829, 685507, 854505, 1160939, 1160939, 0
