elapsed, window, n, min, mean, median, 95th, 99th, 99_9th, max, errors
10.000915, 10.000915, 0, 0, 0, 0, 0, 0, 0, 0, 1
20.001928, 10.001013, 157, 67841, 928376.9, 423139, 1637878, 11044808, 11207702, 11207702, 1
30.001902, 9.999974, 199, 3370, 407456.7, 417293, 679642, 867999, 995484, 995484, 0
40.001897, 9.999995, 198, 3370, 398624.2, 411309, 670574, 821319, 1004614, 1004614, 0
50.001905, 10.000008, 186, 3415, 416392.3, 418241, 677352, 838430, 962519, 962519, 2
60.001966, 10.000061, 184, 3620, 434226.8, 418355, 690372, 1000165, 1013286, 1013286, 0
64.010962, 4.008996, 25, 3620, 422744.6, 418239, 676454, 836412, 1001354, 1001354, 1
