elapsed, window, n, min, mean, median, 95th, 99th, 99_9th, max, errors
10.001082, 10.001082, 14, 199948, 3509784.6, 1090176, 7581979, 7582547, 7582547, 7582547, 0
20.00092, 9.999838, 199, 3511, 542845.3, 338200, 1544861, 4617106, 11369565, 11369565, 4
30.001957, 10.001037, 256, 51012, 314606.8, 337944, 456655, 565327, 736461, 736461, 1
40.001943, 9.999986, 260, 23004, 304633.4, 333816, 463379, 644199, 835393, 835393, 3
50.001897, 9.999954, 247, 7004, 318703.5, 335327, 501880, 696160, 765438, 765438, 4
60.001908, 10.000011, 260, 3539, 310008.8, 335765, 464681, 599361, 765487, 765487, 2
64.01099, 4.009082, 34, 3539, 309413.1, 335869, 463288, 630481, 765487, 765487, 0
