elapsed, window, n, min, mean, median, 95th, 99th, 99_9th, max, errors
10.000654, 10.000654, 19, 193285, 3113039.4, 1635783, 8199289, 8200082, 8200082, 8200082, 1
20.001887, 10.001233, 206, 3537, 446830.6, 331969, 1202553, 2794793, 7658291, 7658291, 3
30.001641, 9.999754, 274, 3755, 291775.1, 310391, 433607, 508656, 693835, 693835, 1
40.001658, 10.000017, 260, 3355, 308284.5, 331752, 444439, 503007, 652422, 652422, 2
50.001655, 9.999997, 260, 31179, 305140.6, 331088, 429336, 592523, 662929, 662929, 2
60.001651, 9.999996, 271, 3306, 291563.8, 321999, 397454, 497941, 724820, 724820, 3
64.008726, 4.007075, 34, 6113, 293378.1, 320828, 440448, 586655, 724820, 724820, 0
