elapsed, window, n, min, mean, median, 95th, 99th, 99_9th, max, errors
10.001286, 10.001286, 12, 269763, 5460791.1, 5572092, 9563600, 9828026, 9828026, 9828026, 1
20.001101, 9.999815, 200, 3612, 461028.0, 335632, 1191232, 2363068, 9828026, 9828026, 3
30.00144, 10.000339, 258, 6414, 308150.1, 335721, 457514, 535252, 591387, 591387, 5
40.001097, 9.999657, 261, 3390, 299614.1, 333112, 432367, 514745, 628788, 628788, 4
50.001049, 9.999952, 263, 3808, 302524.0, 333530, 464692, 522457, 710936, 710936, 2
60.001049, 10.0, 254, 3514, 309289.6, 335240, 480593, 537786, 579546, 579546, 4
64.010076, 4.009027, 32, 3514, 304172.4, 331268, 467499, 537786, 579546, 579546, 0
