elapsed, window, n, min, mean, median, 95th, 99th, 99_9th, max, errors
10.001003, 10.001003, 13, 358411, 2718932.9, 2256963, 5142738, 7399309, 7399309, 7399309, 0
20.001997, 10.000994, 153, 4688, 788863.0, 403184, 1431604, 9109733, 11884425, 11884425, 1
30.001963, 9.999966, 182, 4027, 438624.1, 401442, 815700, 1164681, 1344085, 1344085, 3
40.001969, 10.000006, 187, 32927, 410812.8, 400315, 715896, 1032561, 1200599, 1200599, 6
50.001967, 9.999998, 179, 4056, 439618.3, 401686, 824526, 1043212, 1136440, 1136440, 2
60.001976, 10.000009, 178, 4045, 441303.8, 402981, 852834, 1111809, 1380207, 1380207, 2
64.008989, 4.007013, 28, 4045, 462946.4, 403313, 892437, 1113867, 1380207, 1380207, 0
