elapsed, window, n, min, mean, median, 95th, 99th, 99_9th, max, errors
10.000489, 10.000489, 18, 166417, 2777973.2, 2979882, 5376979, 7710323, 7710323, 7710323, 1
20.001489, 10.001, 166, 8122, 641447.7, 343893, 1692631, 5226022, 10013943, 10013943, 1
30.001482, 9.999993, 219, 4104, 373143.7, 325825, 674087, 803569, 857832, 857832, 1
40.00148, 9.999998, 210, 4104, 371274.2, 325536, 693753, 901717, 1082305, 1082305, 2
50.001504, 10.000024, 204, 4016, 392200.9, 326233, 726245, 884068, 952913, 952913, 1
60.001485, 9.999981, 215, 3934, 371223.1, 325534, 648830, 810843, 886285, 886285, 1
64.008536, 4.007051, 32, 3975, 366883.1, 325123, 650455, 753219, 886285, 886285, 0
