elapsed, window, n, min, mean, median, 95th, 99th, 99_9th, max, errors
10.000526, 10.000526, 11, 13731, 3867460.7, 4020343, 8320859, 8882273, 8882273, 8882273, 0
20.00154, 10.001014, 160, 10571, 699546.8, 395501, 1346968, 10134151, 10933626, 10933626, 3
30.001511, 9.999971, 208, 5938, 383619.5, 329096, 688516, 955436, 1314211, 1314211, 1
40.001507, 9.999996, 201, 6229, 398700.7, 329851, 723046, 999085, 1012017, 1012017, 0
50.001531, 10.000024, 221, 6552, 364634.6, 328930, 635580, 898946, 1045223, 1045223, 2
60.001513, 9.999982, 204, 6552, 385384.9, 328848, 676668, 870581, 1030102, 1030102, 4
64.008543, 4.00703, 32, 9266, 389517.8, 328857, 686778, 754218, 1030102, 1030102, 0
