elapsed, window, n, min, mean, median, 95th, 99th, 99_9th, max, errors
10.001107, 10.001107, 13, 4318, 2058593.5, 1673725, 4952625, 5063899, 5063899, 5063899, 1
20.001096, 9.999989, 207, 6781, 571417.8, 291105, 1053426, 8594073, 12211751, 12211751, 3
30.001164, 10.000068, 264, 5461, 301384.5, 324561, 495095, 592737, 830891, 830891, 2
40.001093, 9.999929, 262, 4242, 302637.1, 324599, 508233, 615738, 690878, 690878, 0
50.00114, 10.000047, 266, 4160, 293541.0, 324506, 500941, 598793, 635931, 635931, 3
60.001127, 9.999987, 266, 4282, 299784.4, 324512, 523931, 618515, 1027088, 1027088, 4
64.008164, 4.007037, 36, 4926, 287113.9, 280495, 514782, 688083, 1027088, 1027088, 0
