elapsed, window, n, min, mean, median, 95th, 99th, 99_9th, max, errors
10.000454, 10.000454, 5, 3190444, 4509877.8, 3671250, 8513064, 8513064, 8513064, 8513064, 0
20.00146, 10.001006, 163, 7638, 764436.9, 403316, 1372017, 10640011, 10716050, 10716050, 2
30.001556, 10.000096, 175, 4152, 455844.8, 403200, 902473, 1050662, 1164979, 1164979, 1
40.001429, 9.999873, 171, 4246, 453829.0, 403214, 893326, 1063683, 1146646, 1146646, 3
50.001465, 10.000036, 183, 4332, 428299.5, 402293, 795513, 1012516, 1083372, 1083372, 4
60.001621, 10.000156, 180, 8097, 430956.5, 402029, 786188, 1078546, 1260025, 1260025, 3
64.009488, 4.007867, 24, 8097, 472215.0, 403384, 927129, 1260025, 1465765, 1465765, 0
