elapsed, window, n, min, mean, median, 95th, 99th, 99_9th, max, errors
10.000637, 10.000637, 17, 328607, 3932068.6, 2790953, 8284950, 9613778, 9613778, 9613778, 0
20.001632, 10.000995, 171, 4917, 596737.1, 329535, 1427448, 4364633, 9613778, 9613778, 1
30.001621, 9.999989, 207, 4942, 383093.7, 328486, 727820, 855375, 869981, 869981, 3
40.001622, 10.000001, 220, 4633, 351109.2, 324661, 662318, 831175, 949783, 949783, 3
50.001638, 10.000016, 209, 79661, 377127.5, 328663, 645865, 817744, 908244, 908244, 1
60.001681, 10.000043, 219, 8195, 358099.2, 324797, 718103, 863640, 1000468, 1000468, 3
64.008652, 4.006971, 32, 8195, 361898.8, 324632, 741775, 863640, 1000468, 1000468, 0
