elapsed, window, n, min, mean, median, 95th, 99th, 99_9th, max, errors
10.001095, 10.001095, 17, 80985, 2726875.9, 1688735, 8150442, 9669641, 9669641, 9669641, 0
20.001091, 9.999996, 169, 4093, 659830.3, 401442, 1219620, 7093049, 10106621, 10106621, 1
30.001088, 9.999997, 179, 4457, 442995.3, 401429, 875135, 1138994, 1188129, 1188129, 1
40.001137, 10.000049, 173, 8818, 464679.7, 401932, 896019, 1065585, 1388078, 1388078, 1
50.001115, 9.999978, 173, 18379, 457544.8, 402027, 828228, 1206060, 1340943, 1340943, 1
60.001104, 9.999989, 175, 3999, 455043.4, 402062, 937012, 991550, 1708865, 1708865, 1
64.009185, 4.008081, 28, 74280, 449134.1, 402087, 891172, 966465, 980905, 980905, 0
