elapsed, window, n, min, mean, median, 95th, 99th, 99_9th, max, errors
10.000923, 10.000923, 26, 14260, 2662904.8, 2466961, 5842499, 9066335, 9066335, 9066335, 0
20.001778, 10.000855, 194, 4308, 457833.1, 324812, 959083, 3925415, 4332802, 4332802, 1
30.001803, 10.000025, 261, 4247, 299712.6, 324604, 521157, 644137, 692189, 692189, 3
40.00182, 10.000017, 265, 4419, 301455.2, 324714, 494855, 614389, 716545, 716545, 2
50.001967, 10.000147, 254, 4841, 313641.7, 324750, 523830, 716297, 853005, 853005, 2
60.001775, 9.999808, 267, 4265, 296303.6, 324419, 506338, 654003, 936745, 936745, 3
64.008828, 4.007053, 34, 4332, 304551.6, 324645, 531199, 664393, 936745, 936745, 0
