elapsed, window, n, min, mean, median, 95th, 99th, 99_9th, max, errors
10.000423, 10.000423, 76, 4420, 946918.5, 365519, 3509245, 4260985, 6575372, 6575372, 4
20.001174, 10.000751, 225, 4522, 345883.0, 250646, 861288, 2225233, 2409130, 2409130, 3
30.001168, 9.999994, 278, 4478, 288772.7, 249208, 643849, 790637, 1091224, 1091224, 2
40.001168, 10.0, 279, 4596, 277646.9, 247824, 643918, 790961, 1069205, 1069205, 5
50.001166, 9.999998, 276, 4538, 285202.4, 248443, 645800, 932671, 1069898, 1069898, 3
60.001159, 9.999993, 283, 4532, 275460.9, 232580, 673419, 847470, 999893, 999893, 6
64.009205, 4.008046, 35, 4551, 271337.4, 221212, 672611, 785095, 860764, 860764, 0
