elapsed, window, n, min, mean, median, 95th, 99th, 99_9th, max, errors
10.000969, 10.000969, 60, 4371, 1303132.9, 664462, 4065496, 5192567, 6540166, 6540166, 1
20.001975, 10.001006, 264, 4418, 316177.0, 251611, 796669, 1314233, 1720415, 1720415, 3
30.00196, 9.999985, 277, 4580, 288975.6, 251611, 649764, 853604, 1217503, 1217503, 5
40.001948, 9.999988, 268, 4566, 296696.8, 248191, 717735, 898604, 1215658, 1215658, 3
50.002007, 10.000059, 274, 4500, 286940.8, 247943, 674590, 817745, 1356053, 1356053, 1
60.001948, 9.999941, 271, 4516, 297352.4, 261677, 674746, 826812, 922192, 922192, 2
64.012995, 4.011047, 40, 4493, 297188.4, 249053, 719530, 864437, 922192, 922192, 0
