elapsed, window, n, min, mean, median, 95th, 99th, 99_9th, max, errors
10.000575, 10.000575, 23, 4048, 2811679.5, 2630634, 8697120, 9930802, 9930802, 9930802, 0
20.001588, 10.001013, 178, 3916, 637743.2, 326225, 2074890, 6899585, 12072694, 12072694, 4
30.001554, 9.999966, 336, 3941, 232762.3, 187331, 507419, 683091, 826238, 826238, 5
40.001542, 9.999988, 320, 4048, 246387.9, 189623, 519639, 806949, 825775, 825775, 4
50.001554, 10.000012, 339, 4072, 229655.5, 185533, 509815, 677284, 815881, 815881, 3
60.001541, 9.999987, 342, 4017, 230065.5, 186556, 503600, 649593, 670145, 670145, 5
64.008597, 4.007056, 40, 4082, 232259.1, 186689, 505395, 650626, 669747, 669747, 0
