elapsed, window, n, min, mean, median, 95th, 99th, 99_9th, max, errors
10.00064, 10.00064, 11, 24478, 4603095.0, 4046517, 8783789, 9868960, 9868960, 9868960, 0
20.001641, 10.001001, 203, 3961, 540914.7, 186257, 2648793, 7818054, 10292659, 10292659, 3
30.001635, 9.999994, 326, 3941, 239710.7, 185751, 527453, 686357, 830874, 830874, 4
40.001653, 10.000018, 327, 3912, 244087.8, 193381, 516596, 701640, 954341, 954341, 2
50.001644, 9.999991, 348, 3865, 224956.6, 184704, 529289, 701640, 961648, 961648, 4
60.001637, 9.999993, 323, 3903, 245931.0, 201691, 532379, 686220, 808646, 808646, 6
64.008674, 4.007037, 32, 4040, 261484.3, 318284, 517797, 686220, 808646, 808646, 1
