elapsed, window, n, min, mean, median, 95th, 99th, 99_9th, max, errors
10.000208, 10.000208, 13, 4574, 2044752.6, 2521266, 3766850, 6059482, 6059482, 6059482, 0
20.001256, 10.001048, 208, 3927, 606350.7, 190127, 2137646, 9644115, 10418127, 10418127, 2
30.001224, 9.999968, 338, 3844, 233260.6, 186276, 505862, 665488, 806285, 806285, 4
40.00399, 10.002766, 309, 3924, 253751.1, 190397, 524201, 659978, 1120222, 1120222, 6
50.0012, 9.99721, 332, 3817, 236462.5, 187732, 508437, 682523, 829113, 829113, 2
60.001244, 10.000044, 320, 3996, 243298.3, 187832, 504822, 666115, 822791, 822791, 7
64.008255, 4.007011, 39, 4181, 251009.7, 189053, 511773, 665983, 809667, 809667, 0
