elapsed, window, n, min, mean, median, 95th, 99th, 99_9th, max, errors
10.00037, 10.00037, 0, 0, 0, 0, 0, 0, 0, 0, 1
20.00118, 10.00081, 244, 3821, 634498.5, 184718, 1230256, 12803071, 12818267, 12818267, 5
30.001177, 9.999997, 379, 3861, 201085.1, 181338, 510342, 705859, 955047, 955047, 11
40.00144, 10.000263, 362, 3873, 217954.7, 182910, 559897, 723059, 1045981, 1045981, 4
50.001229, 9.999789, 382, 3818, 206708.8, 181689, 558462, 703091, 938606, 938606, 4
60.001172, 9.999943, 402, 3826, 195893.0, 131870, 559992, 726371, 812688, 812688, 4
64.008192, 4.00702, 50, 3893, 195174.8, 131712, 558154, 712028, 746373, 746373, 1
