elapsed, window, n, min, mean, median, 95th, 99th, 99_9th, max, errors
10.000911, 10.000911, 35, 3550, 1946220.9, 1453757, 5604182, 6955723, 6955723, 6955723, 0
20.001914, 10.001003, 164, 3578, 540011.6, 314121, 2244674, 3864747, 7172652, 7172652, 2
30.002002, 10.000088, 248, 3526, 321343.5, 313091, 758200, 897892, 1007422, 1007422, 3
40.00191, 9.999908, 253, 3663, 313182.7, 278860, 864330, 1033931, 1560460, 1560460, 2
50.001886, 9.999976, 260, 3739, 304586.0, 277499, 831350, 1067950, 1243876, 1243876, 3
60.001901, 10.000015, 230, 3774, 345307.7, 313187, 796973, 1038230, 1241663, 1241663, 2
64.008931, 4.00703, 35, 3774, 344358.4, 313309, 796973, 933619, 1183640, 1183640, 0
