elapsed, window, n, min, mean, median, 95th, 99th, 99_9th, max, errors
10.000741, 10.000741, 14, 16629, 2827419.8, 2416175, 4825014, 5936022, 5936022, 5936022, 0
20.001774, 10.001033, 271, 3950, 409029.6, 213991, 709520, 6031440, 7738778, 7738778, 2
30.001801, 10.000027, 324, 3893, 243402.2, 243591, 516822, 676035, 792038, 792038, 2
40.001726, 9.999925, 357, 4018, 222148.0, 188372, 482390, 665047, 790928, 790928, 4
50.001735, 10.000009, 331, 4166, 235353.8, 229165, 515947, 610849, 716597, 716597, 4
60.001801, 10.000066, 343, 4069, 230356.9, 194307, 503698, 588134, 760678, 760678, 6
64.009765, 4.007964, 44, 4069, 219050.0, 190834, 492987, 562255, 689874, 689874, 1
