elapsed, window, n, min, mean, median, 95th, 99th, 99_9th, max, errors
10.000357, 10.000357, 23, 3830, 2627271.3, 1219534, 7128237, 8594729, 8594729, 8594729, 1
20.001325, 10.000968, 174, 3739, 543875.2, 313731, 2331762, 4213367, 6929552, 6929552, 0
30.001311, 9.999986, 240, 3802, 330504.3, 289938, 869939, 1008688, 1146369, 1146369, 2
40.001335, 10.000024, 236, 3864, 332082.7, 313640, 800994, 1077168, 1148325, 1148325, 2
50.00135, 10.000015, 246, 3691, 322986.4, 313596, 834080, 1085776, 1390897, 1390897, 5
60.001342, 9.999992, 232, 3752, 336880.3, 313730, 815959, 1073470, 1249682, 1249682, 2
64.009393, 4.008051, 32, 3752, 327916.2, 282577, 842244, 1007787, 1075056, 1075056, 0
