elapsed, window, n, min, mean, median, 95th, 99th, 99_9th, max, errors
10.000325, 10.000325, 0, 0, 0, 0, 0, 0, 0, 0, 0
20.001252, 10.000927, 213, 3853, 653904.5, 206849, 1151579, 12785850, 12973189, 12973189, 6
30.001384, 10.000132, 343, 3792, 228679.9, 210857, 583275, 802829, 888562, 888562, 6
40.001539, 10.000155, 367, 3884, 213740.4, 201219, 571487, 727214, 837157, 837157, 6
50.001277, 9.999738, 348, 3689, 220403.4, 189835, 563991, 756617, 960636, 960636, 3
60.001267, 9.99999, 356, 3842, 219094.8, 202293, 582367, 746980, 1050070, 1050070, 4
64.010285, 4.009018, 38, 3845, 229328.5, 238337, 593005, 820460, 975751, 975751, 1
