elapsed, window, n, min, mean, median, 95th, 99th, 99_9th, max, errors
10.001206, 10.001206, 7, 8060, 2327947.6, 2011640, 9336332, 9336332, 9336332, 9336332, 0
20.001107, 9.999901, 246, 3876, 573582.9, 181524, 805229, 12907399, 13197706, 13197706, 2
30.001131, 10.000024, 351, 3809, 224601.5, 232005, 563297, 678602, 846301, 846301, 2
40.001112, 9.999981, 377, 3831, 204487.8, 181878, 533453, 694074, 816132, 816132, 6
50.001132, 10.00002, 355, 3892, 215760.4, 208595, 537053, 605582, 1053706, 1053706, 6
60.00108, 9.999948, 349, 3958, 227759.5, 222881, 544996, 706490, 764214, 764214, 2
64.015146, 4.014066, 47, 3829, 229475.0, 209388, 581782, 708923, 764214, 764214, 0
