elapsed, window, n, min, mean, median, 95th, 99th, 99_9th, max, errors
10.000336, 10.000336, 15, 245911, 3942028.3, 2998209, 8879502, 8880627, 8880627, 8880627, 0
20.001571, 10.001235, 118, 3864, 746581.1, 488278, 2058617, 5734241, 9225105, 9225105, 2
30.001795, 10.000224, 175, 3820, 453768.1, 446728, 995134, 1114307, 1482682, 1482682, 1
40.001621, 9.999826, 173, 3906, 446025.1, 395030, 997213, 1257294, 1341470, 1341470, 4
50.001419, 9.999798, 198, 3773, 407356.1, 387914, 935102, 1100474, 1135321, 1135321, 2
60.001317, 9.999898, 167, 3854, 458406.4, 447455, 995436, 1240163, 1644519, 1644519, 4
64.009385, 4.008068, 23, 3854, 516932.6, 455496, 1002119, 1433972, 1644519, 1644519, 0
