elapsed, window, n, min, mean, median, 95th, 99th, 99_9th, max, errors
10.000293, 10.000293, 0, 0, 0, 0, 0, 0, 0, 0, 0
20.001301, 10.001008, 182, 3285, 853753.2, 336707, 1889669, 11702134, 12406320, 12406320, 0
30.001286, 9.999985, 243, 3314, 325309.1, 326113, 676118, 832320, 968732, 968732, 2
40.001291, 10.000005, 212, 3329, 368502.1, 337072, 823739, 981635, 1017939, 1017939, 4
50.001294, 10.000003, 252, 3359, 317291.7, 324570, 665852, 796787, 847566, 847566, 2
60.001287, 9.999993, 239, 3290, 334414.5, 328159, 680125, 849789, 1135654, 1135654, 1
64.009338, 4.008051, 31, 3175, 344140.1, 335725, 696674, 837404, 987720, 987720, 0
