elapsed, window, n, min, mean, median, 95th, 99th, 99_9th, max, errors
10.00122, 10.00122, 13, 6159, 3991017.0, 4176049, 7597184, 7944655, 7944655, 7944655, 0
20.001316, 10.000096, 174, 3135, 610770.2, 336839, 2496936, 4501042, 10093123, 10093123, 2
30.001318, 10.000002, 255, 3192, 307136.9, 323708, 675427, 868724, 989796, 989796, 6
40.001214, 9.999896, 224, 3193, 342510.6, 337088, 660558, 826065, 1162938, 1162938, 8
50.001217, 10.000003, 234, 3170, 335708.0, 327809, 678476, 836654, 850351, 850351, 1
60.001227, 10.00001, 242, 3303, 335756.8, 328566, 677725, 838610, 993516, 993516, 1
64.008248, 4.007021, 34, 3333, 323832.8, 325636, 677046, 840922, 993516, 993516, 0
