elapsed, window, n, min, mean, median, 95th, 99th, 99_9th, max, errors
10.001272, 10.001272, 50, 4411, 1511682.7, 389448, 7328017, 8133601, 8133601, 8133601, 0
20.001266, 9.999994, 270, 4424, 303219.5, 248379, 828173, 1563982, 1828137, 1828137, 2
30.00122, 9.999954, 266, 4339, 289531.2, 249041, 647808, 820747, 898725, 898725, 5
40.001225, 10.000005, 278, 4293, 281629.5, 247861, 646123, 857762, 1068386, 1068386, 3
50.001328, 10.000103, 287, 4447, 271962.5, 228764, 644041, 855230, 1097444, 1097444, 3
60.001225, 9.999897, 264, 4460, 294334.3, 249173, 649183, 787872, 918550, 918550, 6
64.010263, 4.009038, 34, 4479, 292454.1, 249173, 642647, 787642, 918550, 918550, 1
