elapsed, window, n, min, mean, median, 95th, 99th, 99_9th, max, errors
10.000455, 10.000455, 0, 0, 0, 0, 0, 0, 0, 0, 0
20.001445, 10.00099, 195, 3254, 781875.9, 336511, 1713851, 10902837, 11062366, 11062366, 2
30.001443, 9.999998, 228, 3294, 336826.6, 327780, 675241, 834288, 851025, 851025, 2
40.00144, 9.999997, 230, 3376, 336848.5, 327899, 687815, 985958, 1000127, 1000127, 4
50.001454, 10.000014, 254, 3339, 313718.0, 328686, 674789, 820688, 823658, 823658, 1
60.001448, 9.999994, 233, 3228, 334506.9, 329614, 672387, 864222, 1015294, 1015294, 2
64.00948, 4.008032, 33, 3228, 329956.5, 329614, 663663, 843217, 990600, 990600, 1
