elapsed, window, n, min, mean, median, 95th, 99th, 99_9th, max, errors
10.000726, 10.000726, 24, 3439, 2492624.3, 754004, 6933783, 8303785, 8303785, 8303785, 0
20.001771, 10.001045, 278, 3265, 346282.7, 213800, 1037808, 3465038, 6050121, 6050121, 3
30.001706, 9.999935, 354, 3313, 216289.3, 209744, 468281, 548023, 686413, 686413, 6
40.001672, 9.999966, 348, 3281, 228619.0, 209557, 487730, 676626, 903050, 903050, 2
50.001828, 10.000156, 383, 3259, 207983.0, 209823, 435854, 552602, 638431, 638431, 1
60.001703, 9.999875, 366, 3310, 216100.6, 214061, 461619, 527780, 680115, 680115, 6
64.008696, 4.006993, 42, 3310, 220136.3, 214923, 469686, 527780, 613516, 613516, 0
