elapsed, window, n, min, mean, median, 95th, 99th, 99_9th, max, errors
10.000519, 10.000519, 17, 3999, 3797370.2, 3361943, 7757511, 8821025, 8821025, 8821025, 0
20.001513, 10.000994, 289, 3174, 326922.3, 211914, 1106070, 2356179, 3342512, 3342512, 0
30.001529, 10.000016, 347, 3297, 221843.2, 210656, 465789, 582655, 673224, 673224, 4
40.001509, 9.99998, 361, 3261, 217582.7, 206193, 478123, 564313, 805363, 805363, 7
50.001649, 10.00014, 393, 3329, 201761.4, 195934, 440573, 552257, 660968, 660968, 1
60.001533, 9.999884, 375, 3368, 208224.6, 195861, 463390, 524461, 657946, 657946, 5
64.009641, 4.008108, 49, 3368, 210721.2, 195934, 467934, 562809, 704826, 704826, 1
