elapsed, window, n, min, mean, median, 95th, 99th, 99_9th, max, errors
10.000327, 10.000327, 25, 6172, 2671320.0, 364062, 8536189, 8778922, 8778922, 8778922, 0
20.001335, 10.001008, 271, 3209, 338643.3, 216174, 882821, 3056458, 4128601, 4128601, 1
30.001381, 10.000046, 351, 3189, 223247.2, 214106, 479059, 560017, 641050, 641050, 3
40.001326, 9.999945, 366, 3274, 218103.1, 207308, 477056, 604945, 767185, 767185, 5
50.001325, 9.999999, 378, 3252, 207841.8, 200172, 466230, 574540, 622421, 622421, 4
60.001322, 9.999997, 363, 3249, 216022.8, 213135, 476185, 543528, 660444, 660444, 3
64.008364, 4.007042, 44, 3249, 233659.7, 216532, 490500, 581979, 741810, 741810, 0
