elapsed, window, n, min, mean, median, 95th, 99th, 99_9th, max, errors
10.00065, 10.00065, 11, 4155, 1813947.2, 795542, 4136875, 4880822, 4880822, 4880822, 0
20.001645, 10.000995, 185, 4113, 743710.7, 228818, 4398055, 10657321, 15058534, 15058534, 4
30.001711, 10.000066, 340, 3940, 229169.4, 191587, 509605, 609891, 721640, 721640, 3
40.001636, 9.999925, 323, 4028, 243288.8, 242019, 521595, 597886, 721124, 721124, 3
50.001645, 10.000009, 357, 4040, 221980.1, 211216, 489211, 586057, 689193, 689193, 3
60.001637, 9.999992, 317, 4022, 248277.9, 241656, 536357, 673607, 822162, 822162, 5
64.008666, 4.007029, 40, 4022, 252505.5, 241901, 580573, 731366, 822162, 822162, 0
