elapsed, window, n, min, mean, median, 95th, 99th, 99_9th, max, errors
10.000285, 10.000285, 0, 0, 0, 0, 0, 0, 0, 0, 0
20.001265, 10.00098, 167, 3942, 904414.9, 391562, 3357707, 10142059, 10196531, 10196531, 1
30.001263, 9.999998, 239, 4038, 331507.5, 317458, 817984, 894895, 1129092, 1129092, 1
40.00126, 9.999997, 242, 4067, 327419.9, 258781, 817433, 1138476, 1176854, 1176854, 1
50.001267, 10.000007, 197, 3956, 395916.2, 332021, 889466, 1070244, 1136000, 1136000, 1
60.00126, 9.999993, 212, 4069, 381286.5, 327625, 890505, 1063867, 1145388, 1145388, 1
64.009296, 4.008036, 36, 4084, 357047.8, 322541, 849726, 1000466, 1037843, 1037843, 1
