elapsed, window, n, min, mean, median, 95th, 99th, 99_9th, max, errors
10.001358, 10.001358, 14, 85744, 3777590.7, 1899869, 7539437, 9859372, 9859372, 9859372, 1
20.001326, 9.999968, 188, 4520, 568648.4, 315552, 1674664, 5232573, 11866898, 11866898, 3
30.001348, 10.000022, 252, 4553, 314805.6, 311139, 670818, 779038, 950414, 950414, 2
40.00131, 9.999962, 246, 4602, 320205.1, 273614, 728100, 953735, 1154731, 1154731, 2
50.001352, 10.000042, 258, 4538, 311089.9, 311261, 669825, 898543, 1136188, 1136188, 4
60.001299, 9.999947, 255, 4483, 308429.6, 269213, 679084, 782688, 1214693, 1214693, 2
64.011336, 4.010037, 29, 4483, 319157.6, 267711, 724747, 861924, 947601, 947601, 0
