elapsed, window, n, min, mean, median, 95th, 99th, 99_9th, max, errors
10.000871, 10.000871, 15, 4067, 2508211.0, 371164, 8728485, 8729322, 8729322, 8729322, 2
20.001855, 10.000984, 251, 4109, 385943.7, 188418, 596946, 3467276, 12191483, 12191483, 7
30.001854, 9.999999, 351, 4145, 224806.7, 190195, 486143, 564161, 704595, 704595, 5
40.001872, 10.000018, 340, 4152, 231475.0, 190265, 524765, 619665, 766663, 766663, 3
50.001885, 10.000013, 348, 4103, 224071.8, 189088, 486692, 687561, 812443, 812443, 3
60.001877, 9.999992, 358, 4082, 221707.4, 190306, 511792, 605812, 767871, 767871, 6
64.00891, 4.007033, 46, 4154, 221872.4, 191561, 493119, 594290, 724757, 724757, 0
