elapsed, window, n, min, mean, median, 95th, 99th, 99_9th, max, errors
10.000941, 10.000941, 25, 5906, 2557825.6, 1137268, 7761770, 8143157, 8143157, 8143157, 0
20.001978, 10.001037, 178, 5683, 530116.7, 267001, 1825043, 4271818, 8210280, 8210280, 2
30.001953, 9.999975, 264, 5574, 300264.4, 266876, 644959, 826132, 1033155, 1033155, 2
40.001937, 9.999984, 247, 5691, 311723.6, 265673, 705754, 818847, 905720, 905720, 7
50.001938, 10.000001, 266, 5664, 297682.3, 263386, 674864, 768024, 858421, 858421, 1
60.001946, 10.000008, 240, 5639, 313870.2, 272569, 668366, 785693, 954728, 954728, 6
64.014983, 4.013037, 35, 5687, 336881.7, 316234, 721734, 815556, 954728, 954728, 0
