elapsed, window, n, min, mean, median, 95th, 99th, 99_9th, max, errors
10.000706, 10.000706, 8, 4117, 2592016.4, 1775365, 6393531, 6393531, 6393531, 6393531, 0
20.001701, 10.000995, 176, 4026, 776999.1, 332688, 2857947, 10678162, 11243765, 11243765, 0
30.001694, 9.999993, 201, 3903, 398467.7, 330965, 897272, 1143064, 1307788, 1307788, 0
40.001708, 10.000014, 231, 3948, 342082.3, 325858, 799778, 984597, 1215875, 1215875, 3
50.001723, 10.000015, 205, 4030, 376851.7, 338517, 793398, 898784, 1199941, 1199941, 4
60.001695, 9.999972, 231, 3838, 349735.3, 326824, 795240, 1036619, 1320127, 1320127, 1
64.007723, 4.006028, 25, 4258, 379143.6, 388269, 818678, 1019632, 1320127, 1320127, 1
