elapsed, window, n, min, mean, median, 95th, 99th, 99_9th, max, errors
10.000186, 10.000186, 17, 4110, 1952960.5, 771031, 6724435, 7439370, 7439370, 7439370, 0
20.001184, 10.000998, 195, 3874, 634053.1, 320733, 1130694, 10977082, 11953918, 11953918, 2
30.001231, 10.000047, 226, 3974, 344218.6, 321874, 811766, 1206780, 1279017, 1279017, 3
40.001291, 10.00006, 232, 3963, 336747.8, 320481, 719792, 1035459, 1211426, 1211426, 3
50.001189, 9.999898, 227, 3995, 346697.2, 325244, 819092, 1130801, 1264136, 1264136, 2
60.001295, 10.000106, 220, 4087, 366465.9, 323489, 886234, 1024359, 1344689, 1344689, 1
64.011211, 4.009916, 32, 3973, 356242.3, 323489, 812883, 1024359, 1339342, 1339342, 0
