elapsed, window, n, min, mean, median, 95th, 99th, 99_9th, max, errors
10.000356, 10.000356, 26, 3992, 2644358.7, 1291407, 7561750, 8162984, 8162984, 8162984, 1
20.001357, 10.001001, 193, 3973, 479088.9, 309816, 1656319, 2930337, 5689955, 5689955, 2
30.001454, 10.000097, 249, 3938, 319208.8, 307617, 706087, 900198, 1108769, 1108769, 0
40.001623, 10.000169, 244, 3936, 323517.0, 268037, 745842, 998678, 1190622, 1190622, 3
50.001418, 9.999795, 246, 3911, 323477.2, 312314, 770449, 1058469, 1113652, 1113652, 4
60.001561, 10.000143, 253, 3939, 307262.3, 264259, 673308, 901594, 1140512, 1140512, 10
64.009388, 4.007827, 33, 4079, 307037.4, 264647, 679693, 836065, 1058663, 1058663, 0
