elapsed, window, n, min, mean, median, 95th, 99th, 99_9th, max, errors
10.000667, 10.000667, 75, 4308, 1016111.4, 362089, 5188214, 6675715, 7285765, 7285765, 0
20.001668, 10.001001, 276, 4256, 290112.3, 247922, 754969, 956305, 1339506, 1339506, 4
30.001642, 9.999974, 277, 4329, 281187.0, 249437, 641388, 785729, 989127, 989127, 6
40.001647, 10.000005, 270, 4370, 293872.3, 252602, 646734, 853720, 1141528, 1141528, 4
50.001672, 10.000025, 278, 4370, 274002.9, 248253, 608098, 854971, 1352383, 1352383, 7
60.001653, 9.999981, 280, 4368, 283614.2, 251510, 642569, 854790, 1037159, 1037159, 2
64.009718, 4.008065, 34, 4368, 289917.7, 253837, 642569, 818621, 858724, 858724, 0
