elapsed, window, n, min, mean, median, 95th, 99th, 99_9th, max, errors
10.000884, 10.000884, 73, 8231, 1073860.5, 508802, 3127404, 4912798, 5027942, 5027942, 0
20.001887, 10.001003, 250, 4837, 318627.5, 249278, 793956, 1706743, 2106021, 2106021, 1
30.001862, 9.999975, 300, 4719, 265914.2, 223652, 645437, 789050, 1007284, 1007284, 5
40.001861, 9.999999, 263, 4897, 285413.0, 248910, 682063, 856099, 887350, 887350, 6
50.001864, 10.000003, 261, 4774, 293845.3, 282741, 607050, 718156, 1070462, 1070462, 7
60.001859, 9.999995, 272, 4886, 287216.7, 248452, 646087, 889585, 1313903, 1313903, 2
64.008902, 4.007043, 38, 4926, 296589.9, 279668, 646452, 793346, 1313903, 1313903, 0
