elapsed, window, n, min, mean, median, 95th, 99th, 99_9th, max, errors
10.000975, 10.000975, 28, 3822, 1839010.5, 1131450, 5594683, 7042585, 7042585, 7042585, 0
20.002018, 10.001043, 222, 4082, 481457.6, 210777, 681385, 5438062, 9079131, 9079131, 2
30.001979, 9.999961, 326, 4018, 237228.0, 189068, 527028, 681275, 833302, 833302, 3
40.001961, 9.999982, 340, 3962, 231983.7, 185616, 543088, 682690, 989707, 989707, 6
50.001963, 10.000002, 313, 3935, 251215.9, 197500, 521731, 811050, 840331, 840331, 5
60.001954, 9.999991, 306, 4061, 255801.1, 197607, 546901, 676807, 966280, 966280, 5
64.013, 4.011046, 38, 4088, 265040.3, 206314, 524954, 700403, 966280, 966280, 1
