elapsed, window, n, min, mean, median, 95th, 99th, 99_9th, max, errors
10.000462, 10.000462, 20, 4081, 2522142.5, 2428305, 5887035, 6045046, 6045046, 6045046, 0
20.001427, 10.000965, 225, 3984, 468157.1, 202584, 1753443, 5566934, 8236661, 8236661, 3
30.001449, 10.000022, 361, 4051, 221147.2, 188157, 507656, 645086, 664280, 664280, 4
40.001421, 9.999972, 300, 4041, 254516.7, 207409, 525319, 704314, 991252, 991252, 5
50.00146, 10.000039, 349, 3980, 233092.5, 187636, 528103, 686651, 991252, 991252, 1
60.002426, 10.000966, 335, 3911, 235329.5, 191790, 506412, 661587, 804265, 804265, 5
64.009505, 4.007079, 42, 3911, 235427.3, 188080, 509097, 652914, 804265, 804265, 2
