elapsed, window, n, min, mean, median, 95th, 99th, 99_9th, max, errors
10.001109, 10.001109, 31, 4612, 1776734.1, 1142020, 4311332, 4888086, 4888086, 4888086, 1
20.001097, 9.999988, 239, 4015, 394800.0, 192949, 952307, 4472668, 5178502, 5178502, 2
30.001091, 9.999994, 345, 3840, 227326.9, 184869, 507215, 650128, 804542, 804542, 4
40.001089, 9.999998, 341, 3744, 228798.3, 186165, 491687, 657219, 960017, 960017, 5
50.001107, 10.000018, 316, 3937, 247473.7, 188340, 508471, 751378, 816465, 816465, 4
60.001094, 9.999987, 320, 3900, 249713.9, 201760, 514795, 681461, 802206, 802206, 2
64.009145, 4.008051, 43, 3900, 254650.1, 189491, 525294, 792967, 952476, 952476, 0
