elapsed, window, n, min, mean, median, 95th, 99th, 99_9th, max, errors
10.001085, 10.001085, 0, 0, 0, 0, 0, 0, 0, 0, 0
20.001075, 9.99999, 228, 3921, 681052.9, 193981, 1563095, 12691938, 12693266, 12693266, 3
30.001067, 9.999992, 366, 3888, 215960.7, 210978, 527725, 660677, 987195, 987195, 5
40.001153, 10.000086, 336, 3912, 231688.3, 237572, 566698, 708181, 909390, 909390, 5
50.004093, 10.00294, 358, 3946, 217544.0, 185414, 582757, 726033, 945584, 945584, 10
60.001051, 9.996958, 349, 3784, 219143.2, 237228, 566069, 748949, 1042013, 1042013, 4
64.009136, 4.008085, 33, 3784, 247807.7, 243233, 585040, 751288, 833812, 833812, 0
