elapsed, window, n, min, mean, median, 95th, 99th, 99_9th, max, errors
10.001248, 10.001248, 11, 3694, 1549303.5, 626575, 3395799, 4025159, 4025159, 4025159, 0
20.001225, 9.999977, 240, 3854, 584736.7, 159206, 1466747, 10942221, 12894585, 12894585, 5
30.001181, 9.999956, 336, 3808, 217107.9, 183902, 565494, 731730, 825223, 825223, 9
40.001221, 10.00004, 374, 3850, 214594.0, 165029, 587579, 733205, 950569, 950569, 3
50.001183, 9.999962, 357, 3816, 213510.8, 156364, 570381, 717036, 995821, 995821, 6
60.00117, 9.999987, 355, 3686, 228219.2, 239422, 567803, 758069, 1128310, 1128310, 2
64.011206, 4.010036, 44, 3686, 237961.3, 240494, 587572, 743110, 1128310, 1128310, 0
