elapsed, window, n, min, mean, median, 95th, 99th, 99_9th, max, errors
10.001007, 10.001007, 41, 3803, 1404486.7, 417097, 4742420, 6615054, 6615054, 6615054, 0
20.002009, 10.001002, 188, 3688, 499599.8, 314943, 1206338, 3986239, 8552218, 8552218, 3
30.001994, 9.999985, 227, 3576, 340948.3, 313462, 868873, 1177297, 1624377, 1624377, 4
40.001998, 10.000004, 233, 3712, 332111.8, 313972, 770690, 939065, 1076178, 1076178, 1
50.00204, 10.000042, 252, 3681, 321343.7, 281391, 795881, 1073126, 1180236, 1180236, 2
60.002, 9.99996, 244, 3798, 319967.5, 313722, 702220, 937026, 1216340, 1216340, 3
64.009044, 4.007044, 35, 3798, 315420.8, 283786, 830155, 1142700, 1216340, 1216340, 1
