elapsed, window, n, min, mean, median, 95th, 99th, 99_9th, max, errors
10.000595, 10.000595, 32, 3388, 1545100.7, 438994, 4104937, 4773165, 4773165, 4773165, 1
20.001573, 10.000978, 184, 3565, 556604.1, 313196, 2026062, 5775859, 9156682, 9156682, 5
30.001568, 9.999995, 248, 3469, 318467.3, 312960, 766501, 938060, 1106411, 1106411, 3
40.001559, 9.999991, 252, 3614, 309233.0, 279136, 761206, 931636, 1243500, 1243500, 3
50.001618, 10.000059, 254, 3482, 321838.5, 312841, 863368, 1070752, 1314040, 1314040, 1
60.00156, 9.999942, 233, 3604, 336918.6, 312987, 827064, 1141295, 1172537, 1172537, 2
64.010607, 4.009047, 35, 3604, 318491.9, 282789, 762327, 1006993, 1172537, 1172537, 0
