elapsed, window, n, min, mean, median, 95th, 99th, 99_9th, max, errors
10.001298, 10.001298, 19, 3678, 3348148.4, 2049781, 9547285, 9549515, 9549515, 9549515, 1
20.001183, 9.999885, 140, 3678, 806017.8, 486591, 2622433, 9547285, 9549515, 9549515, 2
30.001154, 9.999971, 173, 3716, 439773.0, 449162, 1002741, 1176766, 1242002, 1242002, 4
40.001275, 10.000121, 165, 3653, 481930.3, 457383, 932378, 1074541, 1179563, 1179563, 1
50.001235, 9.99996, 178, 3791, 436130.2, 384349, 934302, 1247713, 1867309, 1867309, 4
60.001187, 9.999952, 184, 3822, 429952.8, 384305, 968961, 1176932, 1698942, 1698942, 2
64.009199, 4.008012, 24, 3842, 452001.7, 383304, 1105237, 1486930, 1698942, 1698942, 2
