elapsed, window, n, min, mean, median, 95th, 99th, 99_9th, max, errors
10.001141, 10.001141, 21, 4042, 2952094.8, 3086714, 7655519, 8902035, 8902035, 8902035, 0
20.001127, 9.999986, 265, 4016, 364358.2, 248097, 958113, 3482458, 7223279, 7223279, 2
30.001147, 10.00002, 341, 4060, 230943.3, 220423, 462500, 593952, 669833, 669833, 5
40.001122, 9.999975, 331, 4018, 237788.6, 214145, 521481, 659985, 726054, 726054, 4
50.001137, 10.000015, 319, 4025, 249510.8, 248418, 525354, 659686, 704932, 704932, 4
60.001122, 9.999985, 363, 4042, 219225.8, 193981, 439439, 607906, 872933, 872933, 3
64.008185, 4.007063, 46, 4048, 213329.0, 190372, 439219, 583378, 692782, 692782, 1
