elapsed, window, n, min, mean, median, 95th, 99th, 99_9th, max, errors
10.000516, 10.000516, 0, 0, 0, 0, 0, 0, 0, 0, 0
20.001291, 10.000775, 216, 3820, 729905.5, 236676, 1640777, 13200439, 14686276, 14686276, 1
30.001267, 9.999976, 364, 3877, 222421.8, 237924, 502859, 724516, 1170329, 1170329, 1
40.001324, 10.000057, 365, 3806, 211792.9, 225698, 500965, 677559, 934293, 934293, 1
50.001279, 9.999955, 350, 3916, 224756.8, 207302, 586157, 711584, 820229, 820229, 4
60.001283, 10.000004, 333, 3878, 231650.2, 211871, 580035, 800441, 829213, 829213, 2
64.010374, 4.009091, 40, 3878, 234611.3, 205061, 597429, 794824, 829213, 829213, 1
