elapsed, window, n, min, mean, median, 95th, 99th, 99_9th, max, errors
10.000322, 10.000322, 18, 4368, 3521939.6, 551856, 8863392, 9023469, 9023469, 9023469, 0
20.001299, 10.000977, 203, 3381, 461769.2, 329901, 942703, 2669568, 12542523, 12542523, 2
30.001306, 10.000007, 230, 3387, 339934.6, 337062, 669865, 851291, 992370, 992370, 3
40.001317, 10.000011, 222, 3359, 359016.4, 337472, 691388, 839318, 961952, 961952, 5
50.00134, 10.000023, 226, 3419, 345012.8, 337362, 691978, 846534, 868012, 868012, 3
60.001308, 9.999968, 241, 3203, 326822.0, 328456, 672600, 824447, 835927, 835927, 2
64.008345, 4.007037, 34, 3203, 334326.1, 331592, 672395, 809227, 824447, 824447, 0
