elapsed, window, n, min, mean, median, 95th, 99th, 99_9th, max, errors
10.001089, 10.001089, 16, 4270, 4553278.9, 1296641, 9093031, 9338749, 9338749, 9338749, 0
20.001079, 9.99999, 201, 3206, 416549.0, 327665, 1303361, 2031860, 3332484, 3332484, 5
30.001083, 10.000004, 232, 3275, 340600.9, 328412, 676385, 859141, 1007761, 1007761, 1
40.001044, 9.999961, 259, 3176, 308004.7, 327646, 657483, 846923, 1006828, 1006828, 3
50.001036, 9.999992, 227, 3149, 345635.7, 328233, 680136, 829724, 840934, 840934, 1
60.001047, 10.000011, 236, 3203, 341590.5, 328510, 821215, 976315, 1000201, 1000201, 1
64.009067, 4.00802, 31, 3309, 335025.6, 328529, 678800, 856557, 1000201, 1000201, 0
