elapsed, window, n, min, mean, median, 95th, 99th, 99_9th, max, errors
10.001092, 10.001092, 6, 3458, 6126432.7, 7787833, 9919555, 9919555, 9919555, 9919555, 0
20.001213, 10.000121, 204, 3324, 640271.2, 337160, 1144110, 10059662, 10892427, 10892427, 0
30.001128, 9.999915, 228, 3316, 351011.6, 336994, 800038, 855629, 1035335, 1035335, 2
40.001094, 9.999966, 234, 3358, 336778.4, 333917, 672011, 826775, 851955, 851955, 2
50.001099, 10.000005, 236, 3364, 336709.0, 337031, 681341, 837053, 1015059, 1015059, 3
60.001102, 10.000003, 237, 3395, 325671.1, 329365, 653776, 825697, 979065, 979065, 6
64.010126, 4.009024, 29, 3395, 337664.9, 337056, 653776, 692891, 979065, 979065, 1
