elapsed, window, n, min, mean, median, 95th, 99th, 99_9th, max, errors
10.000863, 10.000863, 60, 4288, 1295083.6, 364084, 7075490, 7290201, 7604091, 7604091, 1
20.001811, 10.000948, 254, 4405, 319350.9, 227035, 750875, 1681314, 2718119, 2718119, 6
30.001855, 10.000044, 289, 4376, 271394.3, 245159, 646405, 787774, 1139791, 1139791, 5
40.001823, 9.999968, 282, 4266, 278452.8, 248437, 645198, 788187, 996657, 996657, 2
50.001859, 10.000036, 291, 4431, 272459.8, 220464, 641275, 786820, 857236, 857236, 6
60.001839, 9.99998, 279, 4329, 277785.2, 248283, 641435, 859539, 1001228, 1001228, 5
64.011867, 4.010028, 28, 4329, 306886.5, 256928, 715579, 968745, 1029459, 1029459, 0
