elapsed, window, n, min, mean, median, 95th, 99th, 99_9th, max, errors
10.000803, 10.000803, 35, 3262, 2107365.0, 847546, 7475110, 8857817, 8857817, 8857817, 0
20.001814, 10.001011, 284, 3234, 304954.1, 204277, 815648, 2829997, 4468947, 4468947, 6
30.001799, 9.999985, 352, 3191, 219634.3, 204812, 464280, 583133, 695638, 695638, 5
40.001799, 10.0, 374, 3207, 213605.1, 205339, 467772, 607070, 768383, 768383, 3
50.001809, 10.00001, 336, 3260, 228395.1, 211067, 489643, 652043, 714318, 714318, 3
60.00187, 10.000061, 365, 3345, 217756.0, 210303, 454964, 579415, 662206, 662206, 3
64.012856, 4.010986, 37, 3345, 218481.3, 207885, 453777, 604215, 772242, 772242, 0
