elapsed, window, n, min, mean, median, 95th, 99th, 99_9th, max, errors
10.000366, 10.000366, 30, 3728, 2386187.3, 1892680, 6886738, 7597087, 7597087, 7597087, 0
20.001389, 10.001023, 313, 3294, 291960.6, 202819, 878678, 2495714, 5823440, 5823440, 5
30.00137, 9.999981, 389, 3284, 206481.4, 200436, 427793, 539679, 615014, 615014, 2
40.001448, 10.000078, 370, 3306, 215001.1, 200889, 461423, 574922, 674273, 674273, 3
50.001503, 10.000055, 366, 3312, 217213.6, 204173, 446512, 538220, 652781, 652781, 2
60.001418, 9.999915, 351, 3329, 223732.1, 204377, 466977, 592400, 673296, 673296, 4
64.009463, 4.008045, 44, 3381, 235267.1, 211758, 491263, 592400, 673296, 673296, 0
