elapsed, window, n, min, mean, median, 95th, 99th, 99_9th, max, errors
10.001268, 10.001268, 31, 4508, 2309015.6, 1704187, 7394894, 7607240, 7607240, 7607240, 1
20.001024, 9.999756, 324, 3422, 276818.5, 193644, 633401, 2258633, 4125862, 4125862, 4
30.00201, 10.000986, 365, 3279, 211360.6, 199803, 471133, 565289, 679324, 679324, 3
40.002269, 10.000259, 382, 3125, 208995.2, 204912, 456116, 545813, 781400, 781400, 3
50.001148, 9.998879, 383, 3284, 207362.5, 198732, 450806, 579337, 781400, 781400, 2
60.001014, 9.999866, 367, 3249, 213083.6, 203460, 455422, 532796, 672918, 672918, 3
64.011039, 4.010025, 46, 3249, 220647.0, 204774, 464727, 542323, 672918, 672918, 0
