elapsed, window, n, min, mean, median, 95th, 99th, 99_9th, max, errors
10.00112, 10.00112, 21, 4225, 2523894.0, 1909036, 5805831, 6518676, 6518676, 6518676, 0
20.001143, 10.000023, 279, 4030, 372640.5, 188173, 790010, 5044568, 6047514, 6047514, 5
30.001071, 9.999928, 339, 4125, 237902.2, 226585, 517142, 594338, 728639, 728639, 1
40.001076, 10.000005, 330, 4117, 235074.9, 222613, 510858, 617555, 763336, 763336, 6
50.001099, 10.000023, 356, 4108, 218192.0, 186047, 484273, 680067, 830674, 830674, 5
60.001076, 9.999977, 353, 4009, 221703.0, 211541, 509547, 586580, 761110, 761110, 6
64.008116, 4.00704, 45, 4077, 230664.9, 241917, 516000, 614365, 761110, 761110, 0
