elapsed, window, n, min, mean, median, 95th, 99th, 99_9th, max, errors
10.000737, 10.000737, 23, 3980, 2226303.2, 180368, 7190463, 8969448, 8969448, 8969448, 0
20.001715, 10.000978, 195, 3911, 539523.9, 335657, 1117871, 4985435, 10096646, 10096646, 0
30.00172, 10.000005, 230, 3895, 349033.6, 326511, 810259, 977386, 1217394, 1217394, 2
40.00172, 10.0, 222, 3881, 346364.0, 325092, 757454, 1037543, 1166512, 1166512, 3
50.001766, 10.000046, 219, 4050, 357896.0, 326335, 816798, 1070283, 1142264, 1142264, 4
60.001707, 9.999941, 209, 3986, 376329.6, 333310, 857086, 1177401, 1402111, 1402111, 3
64.007794, 4.006087, 27, 4085, 400538.0, 396559, 958128, 1141995, 1313675, 1313675, 0
