elapsed, window, n, min, mean, median, 95th, 99th, 99_9th, max, errors
10.000425, 10.000425, 19, 3970, 1749581.6, 463189, 5034187, 7193997, 7193997, 7193997, 0
20.001416, 10.000991, 178, 3912, 692490.0, 327083, 1440343, 11802622, 12133859, 12133859, 4
30.001458, 10.000042, 240, 3853, 327288.7, 319142, 840022, 1045296, 1072947, 1072947, 3
40.001526, 10.000068, 224, 3919, 356089.4, 321023, 839321, 1161907, 1368220, 1368220, 1
50.001467, 9.999941, 209, 4070, 374335.7, 334918, 834839, 1117531, 1460013, 1460013, 4
60.001436, 9.999969, 222, 3858, 353768.9, 331132, 898652, 1159370, 1326281, 1326281, 3
64.018494, 4.017058, 26, 3858, 371787.6, 333534, 975623, 1163787, 1230606, 1230606, 0
