elapsed, window, n, min, mean, median, 95th, 99th, 99_9th, max, errors
10.00086, 10.00086, 13, 4167, 2469741.0, 2630230, 4533010, 6300429, 6300429, 6300429, 0
20.0021, 10.00124, 208, 3876, 595866.0, 322274, 1130677, 8671952, 10803055, 10803055, 4
30.001853, 9.999753, 233, 3896, 340516.8, 322251, 792566, 1038779, 1142421, 1142421, 2
40.001958, 10.000105, 221, 3962, 368210.5, 328241, 860329, 1133530, 1289099, 1289099, 1
50.001867, 9.999909, 211, 3962, 363444.0, 329694, 789680, 994850, 1470408, 1470408, 3
60.001841, 9.999974, 220, 3986, 351763.1, 327747, 821548, 1271809, 1325904, 1325904, 4
64.009869, 4.008028, 31, 3960, 371505.7, 355439, 885180, 1131714, 1308328, 1308328, 0
