elapsed, window, n, min, mean, median, 95th, 99th, 99_9th, max, errors
10.001, 10.001, 19, 87733, 3384545.2, 2071475, 8914835, 9093775, 9093775, 9093775, 1
20.002013, 10.001013, 235, 3828, 384673.8, 315034, 727545, 1802027, 8270273, 8270273, 2
30.001994, 9.999981, 259, 3781, 305998.1, 266558, 695582, 871297, 1080813, 1080813, 2
40.002004, 10.00001, 218, 3900, 356122.9, 342557, 770695, 927088, 1181209, 1181209, 2
50.001983, 9.999979, 259, 3788, 299662.0, 261090, 728180, 879988, 1176619, 1176619, 7
60.002071, 10.000088, 257, 3843, 303294.6, 256333, 672623, 819787, 954189, 954189, 4
64.011004, 4.008933, 34, 3843, 324849.6, 268135, 700061, 956463, 1307746, 1307746, 0
