elapsed, window, n, min, mean, median, 95th, 99th, 99_9th, max, errors
10.000639, 10.000639, 23, 4504, 2755273.5, 1850986, 7156050, 7156992, 7156992, 7156992, 1
20.001661, 10.001022, 246, 4519, 383520.4, 317343, 764104, 2923425, 3707652, 3707652, 2
30.001636, 9.999975, 251, 4504, 313351.1, 265880, 676761, 930428, 989707, 989707, 3
40.001657, 10.000021, 261, 4428, 292288.0, 260878, 645037, 729187, 817958, 817958, 7
50.001691, 10.000034, 268, 4508, 297967.3, 263659, 646648, 766805, 930923, 930923, 3
60.001642, 9.999951, 241, 4548, 321471.6, 311952, 719514, 875101, 1001086, 1001086, 5
64.007705, 4.006063, 36, 4548, 329063.8, 315652, 772727, 878746, 1001086, 1001086, 0
