elapsed, window, n, min, mean, median, 95th, 99th, 99_9th, max, errors
10.000572, 10.000572, 16, 8522, 3709568.9, 2757972, 8509928, 8984483, 8984483, 8984483, 0
20.001615, 10.001043, 257, 5577, 408654.0, 265090, 782321, 1879340, 10561473, 10561473, 2
30.001576, 9.999961, 244, 5575, 310098.3, 306740, 658225, 886893, 1189617, 1189617, 5
40.001588, 10.000012, 251, 5709, 317335.3, 306712, 723502, 900439, 1125666, 1125666, 3
50.001569, 9.999981, 252, 5662, 304901.9, 269236, 645401, 895277, 1067851, 1067851, 5
60.00159, 10.000021, 258, 5613, 309331.0, 266642, 721565, 791962, 938538, 938538, 4
64.009614, 4.008024, 32, 5613, 308558.9, 306653, 643577, 772789, 938538, 938538, 1
