elapsed, window, n, min, mean, median, 95th, 99th, 99_9th, max, errors
10.000386, 10.000386, 13, 48537, 3323362.6, 3254084, 7188729, 7274292, 7274292, 7274292, 0
20.001322, 10.000936, 273, 4091, 406885.2, 240308, 1148637, 4727677, 10919266, 10919266, 2
30.001323, 10.000001, 318, 4122, 247382.6, 217196, 567318, 687371, 764604, 764604, 7
40.001319, 9.999996, 338, 4039, 238331.1, 244074, 519628, 659340, 764604, 764604, 0
50.001318, 9.999999, 339, 4039, 232908.2, 244260, 493044, 602539, 693634, 693634, 1
60.001317, 9.999999, 345, 4071, 225788.8, 190352, 502945, 637588, 694946, 694946, 3
64.015346, 4.014029, 40, 4126, 227656.5, 187848, 495320, 652669, 823459, 823459, 0
