elapsed, window, n, min, mean, median, 95th, 99th, 99_9th, max, errors
10.000683, 10.000683, 36, 216695, 2048477.2, 885156, 6760259, 6831672, 6831672, 6831672, 1
20.001676, 10.000993, 127, 4483, 633505.5, 574218, 1143034, 1317417, 1530825, 1530825, 0
30.001672, 9.999996, 124, 35408, 645358.6, 636791, 1133705, 1350892, 1381425, 1381425, 0
40.00197, 10.000298, 133, 66129, 596831.0, 555647, 1075038, 1239286, 1274780, 1274780, 2
50.001702, 9.999732, 122, 36004, 661999.3, 638503, 1154165, 1455934, 1699843, 1699843, 0
60.001674, 9.999972, 122, 180940, 643739.2, 633638, 1144429, 1382049, 1426918, 1426918, 2
64.008723, 4.007049, 20, 5353, 642353.4, 615356, 1038591, 1258582, 1426918, 1426918, 0
