elapsed, window, n, min, mean, median, 95th, 99th, 99_9th, max, errors
10.000875, 10.000875, 38, 99671, 1884035.4, 787324, 6695674, 7957032, 7957032, 7957032, 1
20.001846, 10.000971, 119, 35891, 650767.3, 615727, 1175835, 1273751, 1390647, 1390647, 1
30.001829, 9.999983, 127, 98799, 637691.6, 608269, 1145245, 1291958, 1441289, 1441289, 0
40.001873, 10.000044, 111, 98799, 700489.9, 674231, 1097565, 1428767, 1538503, 1538503, 0
50.001839, 9.999966, 123, 73076, 649896.3, 668540, 1078540, 1324063, 1359324, 1359324, 0
60.001833, 9.999994, 124, 101647, 653982.2, 645466, 1130728, 1503157, 1514223, 1514223, 1
64.009858, 4.008025, 25, 36052, 606920.9, 571155, 1000049, 1351766, 1514223, 1514223, 0
