elapsed, window, n, min, mean, median, 95th, 99th, 99_9th, max, errors
10.000621, 10.000621, 6, 3165185, 4669538.5, 4555519, 7611400, 7611400, 7611400, 7611400, 0
20.001662, 10.001041, 113, 4289, 1180789.9, 544032, 4928792, 11724180, 11882766, 11882766, 0
30.00162, 9.999958, 129, 165615, 606239.2, 538957, 1005405, 1282569, 1286515, 1286515, 0
40.001614, 9.999994, 135, 8605, 578560.5, 547496, 987441, 1138046, 1288928, 1288928, 2
50.001703, 10.000089, 139, 49937, 576249.3, 542988, 990022, 1122536, 1125211, 1125211, 3
60.001623, 9.99992, 129, 24402, 609501.4, 645894, 1009327, 1166080, 1277921, 1277921, 0
64.012636, 4.011013, 21, 24402, 644127.1, 662293, 1009327, 1124702, 1150037, 1150037, 0
