elapsed, window, n, min, mean, median, 95th, 99th, 99_9th, max, errors
10.000739, 10.000739, 5, 1284110, 6920989.4, 7930961, 9209767, 9209767, 9209767, 9209767, 0
20.00173, 10.000991, 98, 185746, 1241604.5, 604633, 3726663, 11912578, 11923998, 11923998, 0
30.001699, 9.999969, 138, 50195, 582983.6, 556007, 1001559, 1201373, 1207395, 1207395, 1
40.001892, 10.000193, 130, 161963, 614525.2, 642468, 1003757, 1176310, 1322623, 1322623, 0
50.001745, 9.999853, 136, 25247, 577250.3, 534963, 990860, 1154217, 1160651, 1160651, 2
60.001705, 9.99996, 132, 45212, 599560.9, 589757, 998600, 1144143, 1311412, 1311412, 0
64.012732, 4.011027, 23, 45212, 610235.3, 656912, 1049479, 1160621, 1311412, 1311412, 0
