elapsed, window, n, min, mean, median, 95th, 99th, 99_9th, max, errors
10.000863, 10.000863, 5, 870854, 6921818.0, 7486665, 9480081, 9480081, 9480081, 9480081, 0
20.001785, 10.000922, 103, 67358, 1343065.9, 649477, 9285554, 12159771, 12443845, 12443845, 2
30.001896, 10.000111, 145, 25205, 545114.6, 512726, 855410, 1006428, 1146051, 1146051, 1
40.001803, 9.999907, 126, 65183, 623621.6, 646208, 998963, 1288045, 1305463, 1305463, 1
50.001825, 10.000022, 131, 77425, 609892.5, 570103, 996586, 1148801, 1442098, 1442098, 1
60.001893, 10.000068, 130, 66535, 614575.2, 648121, 1011786, 1171961, 1289809, 1289809, 2
64.010837, 4.008944, 22, 66535, 615250.2, 638875, 988980, 1171961, 1289809, 1289809, 0
