elapsed, window, n, min, mean, median, 95th, 99th, 99_9th, max, errors
10.000486, 10.000486, 5, 194643, 6216922.4, 7689871, 8762427, 8762427, 8762427, 8762427, 1
20.001333, 10.000847, 112, 109241, 1057872.5, 614082, 3218828, 11641081, 11841596, 11841596, 0
30.001325, 9.999992, 127, 109234, 620565.7, 605322, 1013259, 1115413, 1213002, 1213002, 0
40.001317, 9.999992, 134, 159369, 601601.7, 598572, 1026039, 1148601, 1242338, 1242338, 1
50.001298, 9.999981, 130, 171802, 613572.5, 602321, 962983, 1071785, 1089243, 1089243, 0
60.001304, 10.000006, 136, 4313, 583626.3, 569929, 947790, 1083598, 1123888, 1123888, 1
64.008369, 4.007065, 20, 4313, 603443.4, 590991, 962884, 1122466, 1123888, 1123888, 0
