elapsed, window, n, min, mean, median, 95th, 99th, 99_9th, max, errors
10.00028, 10.00028, 0, 0, 0, 0, 0, 0, 0, 0, 0
20.001279, 10.000999, 101, 83582, 1481354.5, 614206, 12686417, 12928957, 13118726, 13118726, 0
30.001275, 9.999996, 128, 82173, 612369.8, 599766, 1060181, 1347613, 1359921, 1359921, 2
40.001271, 9.999996, 138, 28019, 585834.4, 580420, 1054499, 1169675, 1336646, 1336646, 0
50.00128, 10.000009, 127, 46548, 625528.5, 598039, 1083853, 1333233, 1376506, 1376506, 0
60.001269, 9.999989, 147, 4125, 546701.9, 503466, 1048096, 1424809, 1546606, 1546606, 0
64.0093, 4.008031, 17, 24427, 578325.2, 499054, 1080972, 1424809, 1546606, 1546606, 1
