elapsed, window, n, min, mean, median, 95th, 99th, 99_9th, max, errors
10.000738, 10.000738, 0, 0, 0, 0, 0, 0, 0, 0, 0
20.001708, 10.00097, 96, 48344, 1636217.6, 610529, 12675545, 13199719, 13418294, 13418294, 1
30.001802, 10.000094, 121, 139321, 665970.0, 636938, 1155970, 1301787, 1450126, 1450126, 0
40.001711, 9.999909, 127, 43339, 624509.0, 591488, 1192510, 1393991, 1459871, 1459871, 2
50.001768, 10.000057, 126, 68509, 625769.5, 600131, 1148932, 1306670, 1454861, 1454861, 1
60.00172, 9.999952, 138, 44947, 569619.7, 572108, 978781, 1085157, 1176920, 1176920, 1
64.013771, 4.012051, 20, 23503, 594216.8, 588807, 996063, 1323643, 1526454, 1526454, 0
