elapsed, window, n, min, mean, median, 95th, 99th, 99_9th, max, errors
10.000988, 10.000988, 10, 7250, 4593122.5, 2657535, 8700408, 8700408, 8700408, 8700408, 0
20.001956, 10.000968, 90, 3894, 1240615.4, 830666, 4530426, 9066114, 10001030, 10001030, 0
30.001946, 9.99999, 100, 3827, 796336.3, 752425, 1523208, 1829489, 1992545, 1992545, 3
40.001963, 10.000017, 108, 6461, 739762.1, 696916, 1377276, 1688898, 1829489, 1829489, 0
50.001984, 10.000021, 115, 3785, 681486.9, 691977, 1303091, 1523848, 1548423, 1548423, 0
60.001981, 9.999997, 124, 3834, 643762.5, 619172, 1241555, 1452431, 1548423, 1548423, 1
64.010034, 4.008053, 19, 3834, 654703.8, 619172, 1241555, 1556034, 1686832, 1686832, 0
