elapsed, window, n, min, mean, median, 95th, 99th, 99_9th, max, errors
10.000387, 10.000387, 6, 245141, 3863594.3, 1563539, 7123709, 7123709, 7123709, 7123709, 0
20.001383, 10.000996, 82, 3998, 1589102.6, 730374, 10987145, 12677731, 12749122, 12749122, 1
30.00136, 9.999977, 109, 3852, 736630.1, 729558, 1346081, 1623693, 1829767, 1829767, 0
40.001469, 10.000109, 114, 4017, 696891.8, 692996, 1314377, 1556374, 1560970, 1560970, 1
50.001371, 9.999902, 104, 4017, 767438.6, 769309, 1311428, 1454915, 1729346, 1729346, 0
60.001486, 10.000115, 117, 3915, 696301.8, 628264, 1316505, 1759965, 1828477, 1828477, 0
64.009417, 4.007931, 17, 3915, 707352.8, 692796, 1380852, 1759965, 1828477, 1828477, 0
