elapsed, window, n, min, mean, median, 95th, 99th, 99_9th, max, errors
10.000248, 10.000248, 0, 0, 0, 0, 0, 0, 0, 0, 0
20.00127, 10.001022, 102, 62847, 1539307.7, 579267, 13014789, 13252259, 13257914, 13257914, 0
30.001249, 9.999979, 132, 100476, 611974.8, 581089, 1052228, 1351155, 1388959, 1388959, 0
40.001269, 10.00002, 141, 29527, 547696.9, 510998, 1031857, 1281921, 1352702, 1352702, 0
50.001254, 9.999985, 130, 66519, 624581.0, 590758, 1129811, 1197924, 1232788, 1232788, 1
60.001268, 10.000014, 125, 43904, 630132.9, 599499, 1089744, 1495639, 1519008, 1519008, 1
64.009291, 4.008023, 17, 43904, 657899.9, 603941, 1161924, 1300437, 1495639, 1495639, 0
