elapsed, window, n, min, mean, median, 95th, 99th, 99_9th, max, errors
10.000685, 10.000685, 8, 140349, 6745009.3, 8474264, 9433217, 9433217, 9433217, 9433217, 0
20.001451, 10.000766, 52, 317631, 1917985.3, 1245346, 4446953, 12135550, 12168364, 12168364, 0
30.001692, 10.000241, 73, 276514, 1109335.0, 1071364, 1691215, 1864534, 2069845, 2069845, 1
40.001703, 10.000011, 76, 142875, 1042123.6, 1005456, 1724266, 1827270, 2100911, 2100911, 0
50.00159, 9.999887, 65, 521479, 1211148.2, 1173572, 1966115, 2134383, 2282508, 2282508, 1
60.001485, 9.999895, 71, 280683, 1097416.9, 1071618, 1758876, 1829307, 1935512, 1935512, 0
64.009507, 4.008022, 15, 383289, 1168247.9, 1106088, 1768729, 1829307, 1935512, 1935512, 0
