elapsed, window, n, min, mean, median, 95th, 99th, 99_9th, max, errors
10.000211, 10.000211, 35, 212195, 2212980.6, 839422, 7027521, 8773969, 8773969, 8773969, 0
20.001234, 10.001023, 126, 36608, 621678.2, 599959, 1032751, 1442026, 1485555, 1485555, 1
30.001219, 9.999985, 121, 67126, 670675.8, 644798, 1243823, 1485555, 1535905, 1535905, 0
40.001214, 9.999995, 121, 68197, 663926.4, 671485, 1144133, 1535905, 1596574, 1596574, 1
50.001265, 10.000051, 127, 66319, 626215.7, 606713, 1068979, 1117345, 1334679, 1334679, 1
60.001211, 9.999946, 125, 99139, 644404.1, 641195, 1034471, 1332179, 1424017, 1424017, 1
64.009243, 4.008032, 20, 99139, 635656.9, 638050, 1093194, 1332179, 1424017, 1424017, 0
