elapsed, window, n, min, mean, median, 95th, 99th, 99_9th, max, errors
10.001135, 10.001135, 0, 0, 0, 0, 0, 0, 0, 0, 0
20.001239, 10.000104, 90, 165455, 1668952.6, 851552, 9905031, 10231539, 10509757, 10509757, 0
30.001125, 9.999886, 92, 161685, 876218.9, 842581, 1325131, 1353747, 1494700, 1494700, 0
40.001124, 9.999999, 95, 319843, 833386.5, 827661, 1211308, 1322381, 1325131, 1325131, 0
50.001146, 10.000022, 92, 161797, 863010.6, 850930, 1311429, 1357286, 1522005, 1522005, 1
60.001126, 9.99998, 97, 169552, 829970.0, 824933, 1174893, 1356563, 1392920, 1392920, 0
64.009155, 4.008029, 18, 341921, 858165.5, 838408, 1170846, 1293821, 1326363, 1326363, 0
