elapsed, window, n, min, mean, median, 95th, 99th, 99_9th, max, errors
10.001211, 10.001211, 5, 9622846, 9792976.0, 9792743, 9962989, 9962989, 9962989, 9962989, 0
20.001991, 10.00078, 91, 163232, 1615080.9, 833061, 9792743, 10140628, 11010426, 11010426, 1
30.001984, 9.999993, 94, 162589, 834248.5, 830557, 1189768, 1460009, 1489426, 1489426, 1
40.002211, 10.000227, 98, 162589, 821470.7, 820851, 1192654, 1344788, 1481906, 1481906, 0
50.002017, 9.999806, 94, 169063, 823724.5, 832268, 1200192, 1342524, 1528422, 1528422, 1
60.001966, 9.999949, 87, 165957, 883267.2, 858914, 1229706, 1326083, 1380367, 1380367, 2
64.019038, 4.017072, 19, 165957, 898260.2, 976264, 1176258, 1380367, 1472252, 1472252, 0
