elapsed, window, n, min, mean, median, 95th, 99th, 99_9th, max, errors
10.001025, 10.001025, 0, 0, 0, 0, 0, 0, 0, 0, 1
20.001261, 10.000236, 90, 166218, 1590287.3, 848525, 9898749, 10963559, 11290560, 11290560, 0
30.001054, 9.999793, 90, 328082, 891408.4, 847165, 1316247, 1340630, 1348955, 1348955, 0
40.001017, 9.999963, 98, 169551, 813882.8, 830513, 1193395, 1335162, 1338230, 1338230, 0
50.001023, 10.000006, 96, 324109, 831458.1, 830920, 1325740, 1473857, 1503305, 1503305, 0
60.001076, 10.000053, 98, 327920, 811477.2, 828499, 1177706, 1323206, 1368832, 1368832, 1
64.010075, 4.008999, 16, 330778, 821695.1, 820307, 1163343, 1321501, 1330414, 1330414, 0
