elapsed, window, n, min, mean, median, 95th, 99th, 99_9th, max, errors
10.000909, 10.000909, 0, 0, 0, 0, 0, 0, 0, 0, 0
20.001908, 10.000999, 141, 125734, 923637.8, 540363, 1532115, 10644837, 10762835, 10762835, 0
30.001898, 9.99999, 152, 136814, 533197.2, 525282, 815538, 936642, 1177523, 1177523, 0
40.001963, 10.000065, 154, 3387, 516938.5, 512439, 865734, 929814, 974343, 974343, 1
50.001905, 9.999942, 144, 76738, 555079.5, 541058, 844630, 894771, 1012932, 1012932, 0
60.001952, 10.000047, 150, 79192, 530828.7, 522916, 811692, 973898, 1040569, 1040569, 1
64.011957, 4.010005, 22, 79192, 539516.2, 524898, 832837, 973898, 993640, 993640, 0
