elapsed, window, n, min, mean, median, 95th, 99th, 99_9th, max, errors
10.000361, 10.000361, 0, 0, 0, 0, 0, 0, 0, 0, 0
20.001608, 10.001247, 121, 87567, 1074471.4, 611976, 2461731, 10369821, 11428809, 11428809, 1
30.001609, 10.000001, 154, 121438, 521842.0, 529935, 795010, 864007, 990734, 990734, 1
40.001624, 10.000015, 147, 141065, 542623.9, 526061, 838595, 1006845, 1013144, 1013144, 2
50.001447, 9.999823, 144, 127064, 554933.0, 536822, 907430, 1013144, 1018043, 1018043, 0
60.001354, 9.999907, 151, 123606, 531605.9, 528700, 836332, 924797, 960895, 960895, 1
64.010403, 4.009049, 23, 129255, 553547.0, 528700, 873788, 952838, 960895, 960895, 0
