elapsed, window, n, min, mean, median, 95th, 99th, 99_9th, max, errors
10.000386, 10.000386, 0, 0, 0, 0, 0, 0, 0, 0, 0
20.003822, 10.003436, 138, 71581, 1032585.9, 525678, 2991646, 10422472, 10671460, 10671460, 0
30.001391, 9.997569, 146, 3451, 556038.0, 537143, 906743, 1029602, 1054817, 1054817, 0
40.00139, 9.999999, 147, 147539, 537896.7, 517623, 830488, 936550, 1021914, 1021914, 0
50.001379, 9.999989, 145, 122757, 553080.0, 567857, 881380, 939875, 953360, 953360, 0
60.001375, 9.999996, 143, 3537, 560428.8, 543254, 847646, 963536, 996880, 996880, 0
64.012455, 4.01108, 23, 3537, 571595.7, 579735, 886237, 963536, 996880, 996880, 0
