elapsed, window, n, min, mean, median, 95th, 99th, 99_9th, max, errors
10.000549, 10.000549, 0, 0, 0, 0, 0, 0, 0, 0, 0
20.001253, 10.000704, 87, 89860, 1799950.7, 824700, 11404528, 11892912, 12733387, 12733387, 0
30.00125, 9.999997, 96, 83614, 831475.8, 839642, 1300616, 1423872, 1535223, 1535223, 1
40.001427, 10.000177, 100, 181931, 806231.4, 806554, 1176831, 1220335, 1573932, 1573932, 0
50.0013, 9.999873, 100, 156170, 801599.9, 776327, 1406166, 1537810, 1607054, 1607054, 1
60.001264, 9.999964, 105, 181348, 774008.2, 797383, 1188199, 1397608, 1483064, 1483064, 0
64.009325, 4.008061, 17, 179527, 798745.2, 827197, 1207576, 1397608, 1471776, 1471776, 0
