elapsed, window, n, min, mean, median, 95th, 99th, 99_9th, max, errors
10.001029, 10.001029, 0, 0, 0, 0, 0, 0, 0, 0, 0
20.002225, 10.001196, 91, 10654, 1605971.3, 774241, 10794224, 12031676, 12306794, 12306794, 1
30.000988, 9.998763, 100, 166419, 771790.2, 774583, 1269559, 1448367, 1485658, 1485658, 1
40.002014, 10.001026, 101, 261632, 800001.7, 770857, 1269559, 1330274, 1333876, 1333876, 0
50.001975, 9.999961, 93, 234788, 823577.0, 829096, 1259098, 1438325, 1458246, 1458246, 2
60.002, 10.000025, 103, 166735, 786382.9, 792715, 1204546, 1369544, 1387075, 1387075, 0
64.009074, 4.007074, 20, 265121, 786563.4, 792715, 1249241, 1369544, 1387075, 1387075, 0
