elapsed, window, n, min, mean, median, 95th, 99th, 99_9th, max, errors
10.000882, 10.000882, 7, 1828989, 6074198.9, 6299393, 9083331, 9083331, 9083331, 9083331, 1
20.001873, 10.000991, 119, 74734, 954332.8, 572188, 2619070, 11766674, 11767654, 11767654, 0
30.001871, 9.999998, 145, 74028, 553582.4, 546200, 960821, 1126542, 1178856, 1178856, 1
40.001852, 9.999981, 146, 77503, 537825.6, 515228, 895265, 1102737, 1194227, 1194227, 2
50.001857, 10.000005, 137, 74121, 582672.6, 580185, 889774, 956110, 969478, 969478, 0
60.001848, 9.999991, 141, 77621, 560542.4, 548284, 850599, 1086604, 1175849, 1175849, 2
64.008993, 4.007145, 20, 4394, 580522.9, 556567, 998580, 1175849, 1183411, 1183411, 0
