elapsed, window, n, min, mean, median, 95th, 99th, 99_9th, max, errors
10.000972, 10.000972, 0, 0, 0, 0, 0, 0, 0, 0, 1
20.001957, 10.000985, 86, 90001, 1332753.3, 812976, 3793844, 10699019, 11709073, 11709073, 2
30.002091, 10.000134, 104, 182229, 777643.7, 761639, 1172255, 1411300, 1551750, 1551750, 1
40.000964, 9.998873, 94, 261851, 816845.5, 845438, 1249418, 1612403, 1656313, 1656313, 1
50.00196, 10.000996, 99, 167566, 800885.2, 761947, 1254557, 1393657, 1424938, 1424938, 2
60.001975, 10.000015, 99, 6652, 789956.9, 787636, 1209474, 1464136, 1516940, 1516940, 0
64.013051, 4.011076, 18, 263598, 809431.0, 787636, 1195106, 1392710, 1400907, 1400907, 0
