elapsed, window, n, min, mean, median, 95th, 99th, 99_9th, max, errors
10.000245, 10.000245, 0, 0, 0, 0, 0, 0, 0, 0, 0
20.001247, 10.001002, 87, 255729, 1541701.8, 925352, 10058455, 10700668, 11337633, 11337633, 1
30.001239, 9.999992, 87, 180882, 916367.7, 962632, 1458926, 1542119, 1669330, 1669330, 2
40.00124, 10.000001, 85, 180882, 937142.1, 902571, 1459706, 1644286, 1950911, 1950911, 0
50.001249, 10.000009, 86, 227320, 910650.0, 894032, 1644967, 1981365, 2061278, 2061278, 1
60.001243, 9.999994, 84, 225500, 918676.8, 891656, 1526529, 1710332, 1719963, 1719963, 2
64.008272, 4.007029, 18, 225500, 869202.1, 820530, 1531718, 1719963, 1813445, 1813445, 0
