elapsed, window, n, min, mean, median, 95th, 99th, 99_9th, max, errors
10.000713, 10.000713, 0, 0, 0, 0, 0, 0, 0, 0, 0
20.001691, 10.000978, 83, 153542, 1633901.7, 888270, 11286061, 11470892, 11758788, 11758788, 0
30.001642, 9.999951, 85, 180030, 914823.8, 894633, 1456129, 1755344, 2150023, 2150023, 0
40.001682, 10.00004, 86, 79569, 949746.1, 960022, 1459733, 1763378, 1837771, 1837771, 0
50.001644, 9.999962, 82, 77785, 946553.9, 993130, 1553211, 1693450, 1900993, 1900993, 0
60.001606, 9.999962, 87, 78017, 917053.6, 887698, 1666042, 2090524, 2224701, 2224701, 1
64.008673, 4.007067, 18, 78017, 911144.4, 888768, 1558137, 2090524, 2224701, 2224701, 0
