elapsed, window, n, min, mean, median, 95th, 99th, 99_9th, max, errors
10.000587, 10.000587, 0, 0, 0, 0, 0, 0, 0, 0, 0
20.001586, 10.000999, 114, 4238, 1228198.0, 620460, 4366119, 11737731, 12003417, 12003417, 2
30.001573, 9.999987, 137, 179527, 583776.3, 552951, 956465, 1122528, 1199897, 1199897, 0
40.001585, 10.000012, 136, 109341, 593387.5, 596030, 956794, 1108003, 1220528, 1220528, 1
50.001725, 10.00014, 133, 158106, 602856.8, 598506, 938515, 1133594, 1220528, 1220528, 1
60.001577, 9.999852, 132, 172423, 591086.1, 579644, 898420, 996931, 1030999, 1030999, 2
64.011619, 4.010042, 21, 172423, 603576.5, 600816, 925099, 1030999, 1071435, 1071435, 0
