elapsed, window, n, min, mean, median, 95th, 99th, 99_9th, max, errors
10.000578, 10.000578, 0, 0, 0, 0, 0, 0, 0, 0, 0
20.001598, 10.00102, 81, 179969, 1802430.7, 1038753, 10098989, 10318677, 10946036, 10946036, 1
30.001605, 10.000007, 87, 153059, 944726.8, 969338, 1544664, 1675811, 1803647, 1803647, 0
40.001599, 9.999994, 82, 158241, 922686.8, 854731, 1559759, 1661029, 1761303, 1761303, 2
50.001574, 9.999975, 89, 183936, 876999.7, 848518, 1490391, 1737817, 1804769, 1804769, 1
60.001548, 9.999974, 86, 4022, 949816.5, 919660, 1605645, 1797617, 1852390, 1852390, 0
64.008589, 4.007041, 15, 4022, 960889.9, 958454, 1484875, 1852390, 2239298, 2239298, 0
