elapsed, window, n, min, mean, median, 95th, 99th, 99_9th, max, errors
10.000528, 10.000528, 83, 4530, 945852.3, 361153, 4227370, 6534402, 7294792, 7294792, 0
20.001454, 10.000926, 254, 4428, 307356.5, 279780, 672297, 789235, 961088, 961088, 3
30.001437, 9.999983, 262, 4428, 298383.3, 276913, 673288, 798504, 1213848, 1213848, 3
40.001392, 9.999955, 256, 4391, 295506.9, 250241, 608103, 794318, 1030190, 1030190, 5
50.001381, 9.999989, 273, 4345, 287758.9, 256010, 675976, 920230, 958425, 958425, 6
60.001374, 9.999993, 257, 4477, 303127.0, 277084, 607740, 785748, 1106109, 1106109, 2
64.008441, 4.007067, 34, 4477, 317716.1, 290973, 641514, 819510, 1106109, 1106109, 0
