elapsed, window, n, min, mean, median, 95th, 99th, 99_9th, max, errors
10.000455, 10.000455, 82, 5249, 915630.3, 360372, 4122074, 4711744, 6607890, 6607890, 2
20.001435, 10.00098, 271, 4743, 285230.6, 253999, 642162, 787883, 965851, 965851, 4
30.001417, 9.999982, 257, 4791, 308357.7, 279686, 641790, 789434, 1218000, 1218000, 5
40.001427, 10.00001, 270, 4814, 285097.5, 255563, 635168, 784367, 1068299, 1068299, 4
50.001434, 10.000007, 261, 4833, 297679.8, 259655, 643075, 816415, 1000771, 1000771, 3
60.00152, 10.000086, 260, 4832, 307286.1, 255255, 646956, 796481, 1183305, 1183305, 4
64.010461, 4.008941, 42, 4832, 305396.3, 255255, 648297, 858782, 1183305, 1183305, 1
