elapsed, window, n, min, mean, median, 95th, 99th, 99_9th, max, errors
10.001155, 10.001155, 17, 4094, 3311572.8, 3063021, 7476504, 9928120, 9928120, 9928120, 0
20.001134, 9.999979, 208, 4172, 546711.6, 287507, 1972418, 8697525, 9928120, 9928120, 1
30.001149, 10.000015, 287, 4099, 277641.1, 247524, 534164, 673231, 822478, 822478, 0
40.001129, 9.99998, 292, 4103, 270874.8, 254716, 541616, 686374, 836662, 836662, 3
50.001146, 10.000017, 295, 4045, 260633.9, 195474, 517323, 809199, 824040, 824040, 3
60.001138, 9.999992, 313, 3847, 257592.1, 209753, 515157, 649846, 811414, 811414, 1
64.00915, 4.008012, 44, 4167, 251941.9, 204930, 509953, 644428, 662094, 662094, 0
