elapsed, window, n, min, mean, median, 95th, 99th, 99_9th, max, errors
10.00058, 10.00058, 9, 757767, 3985829.7, 4286213, 7499968, 7499968, 7499968, 7499968, 1
20.001576, 10.000996, 175, 4062, 675286.3, 322898, 2433445, 7088831, 11113264, 11113264, 0
30.001626, 10.00005, 299, 4082, 259278.9, 212102, 538754, 668295, 826438, 826438, 2
40.001594, 9.999968, 295, 4100, 275188.4, 207140, 645015, 674406, 974888, 974888, 4
50.001575, 9.999981, 293, 4050, 267531.2, 206805, 514071, 681732, 808051, 808051, 4
60.001569, 9.999994, 296, 4085, 269072.1, 298529, 535028, 667684, 819528, 819528, 3
64.007609, 4.00604, 44, 4085, 257877.8, 224881, 506589, 666083, 819528, 819528, 0
