elapsed, window, n, min, mean, median, 95th, 99th, 99_9th, max, errors
10.000287, 10.000287, 17, 6180, 2943559.9, 2943579, 5426019, 5427374, 5427374, 5427374, 1
20.001288, 10.001001, 191, 3980, 549616.7, 300126, 2054575, 5666479, 6703923, 6703923, 1
30.001286, 9.999998, 307, 3908, 256021.1, 203785, 505890, 646826, 959735, 959735, 3
40.001376, 10.00009, 279, 4058, 283589.2, 301092, 646144, 668153, 818219, 818219, 4
50.001287, 9.999911, 300, 4089, 269138.2, 231345, 637159, 698364, 819498, 819498, 0
60.001284, 9.999997, 290, 4068, 270891.2, 229054, 634256, 679133, 1120340, 1120340, 2
64.011308, 4.010024, 34, 4068, 277422.3, 199593, 635875, 667427, 822596, 822596, 1
