elapsed, window, n, min, mean, median, 95th, 99th, 99_9th, max, errors
10.001156, 10.001156, 35, 4019, 1692069.7, 1097778, 4303133, 4769118, 4769118, 4769118, 0
20.001262, 10.000106, 190, 3576, 503836.2, 366020, 1525855, 3760943, 8253089, 8253089, 2
30.001141, 9.999879, 238, 3766, 333882.5, 314560, 696367, 920106, 1065395, 1065395, 4
40.001149, 10.000008, 242, 3796, 331202.3, 309390, 761981, 993423, 1235496, 1235496, 1
50.001156, 10.000007, 228, 3774, 334804.4, 309841, 721925, 975079, 1172746, 1172746, 4
60.001241, 10.000085, 239, 3851, 341177.5, 309569, 761741, 1060489, 1336761, 1336761, 2
64.008183, 4.006942, 33, 3851, 339630.7, 309431, 727448, 931633, 1336761, 1336761, 0
