elapsed, window, n, min, mean, median, 95th, 99th, 99_9th, max, errors
10.000318, 10.000318, 7, 3904, 2956802.4, 632101, 8408484, 8408484, 8408484, 8408484, 0
20.001206, 10.000888, 210, 3968, 657399.4, 246810, 1608332, 12554014, 13002606, 13002606, 0
30.001187, 9.999981, 326, 3783, 244023.4, 243493, 571054, 659129, 823630, 823630, 2
40.001183, 9.999996, 329, 3761, 241434.7, 243098, 565475, 818231, 1003366, 1003366, 2
50.001333, 10.00015, 322, 3851, 242300.9, 242200, 570139, 753898, 832440, 832440, 6
60.00119, 9.999857, 314, 3843, 247062.0, 242069, 569360, 734230, 908445, 908445, 4
64.013655, 4.012465, 35, 3843, 259237.9, 245854, 599410, 820064, 906386, 906386, 1
