elapsed, window, n, min, mean, median, 95th, 99th, 99_9th, max, errors
10.000447, 10.000447, 0, 0, 0, 0, 0, 0, 0, 0, 0
20.001453, 10.001006, 198, 3897, 769623.6, 259154, 1174998, 12884779, 12972326, 12972326, 4
30.00145, 9.999997, 329, 3971, 240650.1, 241146, 571015, 802454, 975339, 975339, 3
40.001515, 10.000065, 322, 3858, 240778.9, 240207, 546358, 723138, 976419, 976419, 3
50.001448, 9.999933, 317, 3870, 250051.0, 258472, 513105, 660510, 717384, 717384, 8
60.001438, 9.99999, 332, 3927, 239594.1, 242789, 515180, 670717, 711587, 711587, 3
64.012635, 4.011197, 45, 3927, 231302.2, 242789, 498907, 588695, 609250, 609250, 1
