elapsed, window, n, min, mean, median, 95th, 99th, 99_9th, max, errors
10.001146, 10.001146, 22, 4272, 2885119.1, 2215943, 7547354, 8816188, 8816188, 8816188, 0
20.00197, 10.000824, 206, 4031, 552726.3, 248353, 2314345, 7547354, 10518617, 10518617, 1
30.001939, 9.999969, 314, 4162, 249606.4, 237841, 490311, 666432, 776340, 776340, 3
40.002062, 10.000123, 321, 4047, 246987.6, 245300, 464721, 607968, 766478, 766478, 2
50.001122, 9.99906, 326, 4198, 247237.6, 239143, 506461, 603679, 918818, 918818, 1
60.000962, 9.99984, 329, 3964, 238123.1, 234757, 499224, 614830, 685730, 685730, 3
64.008974, 4.008012, 40, 3964, 240651.6, 234926, 505884, 593459, 671730, 671730, 0
