elapsed, window, n, min, mean, median, 95th, 99th, 99_9th, max, errors
10.000582, 10.000582, 6, 4056, 1777369.7, 15991, 9811632, 9811632, 9811632, 9811632, 0
20.001582, 10.001, 207, 3850, 752791.6, 258109, 2855178, 11054696, 11335491, 11335491, 2
30.001576, 9.999994, 335, 3817, 233811.5, 237249, 564307, 791361, 1029293, 1029293, 7
40.001576, 10.0, 325, 3807, 248978.4, 240466, 578395, 724876, 819749, 819749, 0
50.001582, 10.000006, 326, 3941, 238546.9, 240805, 528348, 670008, 817038, 817038, 2
60.001578, 9.999996, 316, 3935, 252103.1, 238947, 558328, 724184, 821812, 821812, 1
64.009623, 4.008045, 49, 3838, 248134.3, 237087, 558486, 724184, 821812, 821812, 0
