elapsed, window, n, min, mean, median, 95th, 99th, 99_9th, max, errors
10.000536, 10.000536, 15, 227652, 4422512.5, 5864011, 7520900, 9872461, 9872461, 9872461, 0
20.001743, 10.001207, 140, 3813, 715379.2, 453750, 1960661, 5433842, 9872461, 9872461, 4
30.001525, 9.999782, 155, 3721, 513531.7, 452030, 1073007, 1488660, 1554814, 1554814, 4
40.001498, 9.999973, 178, 3782, 426336.6, 382949, 934350, 1037832, 1311280, 1311280, 3
50.001559, 10.000061, 172, 3667, 458275.7, 383714, 1105204, 1243798, 1380451, 1380451, 2
60.001509, 9.99995, 169, 3743, 468539.2, 451069, 939429, 1177768, 1312053, 1312053, 2
64.010641, 4.009132, 26, 3743, 474318.4, 421410, 1004382, 1214117, 1279944, 1279944, 1
