elapsed, window, n, min, mean, median, 95th, 99th, 99_9th, max, errors
10.000629, 10.000629, 41, 3752, 1602506.7, 645041, 5393183, 7525218, 7525218, 7525218, 2
20.001509, 10.00088, 161, 3768, 464989.2, 384890, 1403350, 1927748, 2011315, 2011315, 4
30.001582, 10.000073, 241, 3625, 330447.2, 309104, 829607, 998744, 1057763, 1057763, 2
40.001509, 9.999927, 249, 3554, 319163.0, 309001, 791627, 1236008, 1238730, 1238730, 3
50.001514, 10.000005, 220, 3712, 359008.5, 313450, 760225, 1068001, 1448589, 1448589, 1
60.001505, 9.999991, 223, 3711, 355845.5, 313417, 835493, 932171, 1065428, 1065428, 2
64.008549, 4.007044, 30, 3711, 383410.7, 314954, 856390, 932171, 1002484, 1002484, 0
