elapsed, window, n, min, mean, median, 95th, 99th, 99_9th, max, errors
10.001091, 10.001091, 7, 3477, 6739224.4, 8879455, 9985738, 9985738, 9985738, 9985738, 0
20.001096, 10.000005, 191, 3401, 713257.9, 337795, 1498558, 10312470, 10695623, 10695623, 3
30.001116, 10.00002, 230, 3326, 336807.5, 332398, 666364, 842311, 1009487, 1009487, 4
40.001428, 10.000312, 209, 3309, 377952.0, 337878, 824114, 853416, 1187258, 1187258, 4
50.001086, 9.999658, 237, 3457, 331155.3, 326222, 661717, 831915, 983891, 983891, 3
60.001092, 10.000006, 231, 3286, 351035.1, 334104, 680465, 839633, 855080, 855080, 3
64.011123, 4.010031, 32, 3447, 355679.6, 339101, 680465, 830539, 855080, 855080, 0
