elapsed, window, n, min, mean, median, 95th, 99th, 99_9th, max, errors
10.000686, 10.000686, 14, 3474, 4745156.7, 3927980, 9514383, 9653898, 9653898, 9653898, 0
20.001684, 10.000998, 200, 3281, 667310.6, 336926, 1449454, 9514383, 10706618, 10706618, 1
30.001705, 10.000021, 242, 3317, 326288.3, 325353, 679829, 833151, 1019988, 1019988, 5
40.001688, 9.999983, 209, 3270, 368263.0, 338198, 689038, 850301, 1178518, 1178518, 3
50.001688, 10.0, 219, 3326, 361052.0, 336764, 798184, 991423, 1143777, 1143777, 2
60.001706, 10.000018, 223, 3358, 358948.9, 337474, 679256, 854455, 994978, 994978, 2
64.00772, 4.006014, 32, 3358, 350371.4, 331028, 669966, 818293, 985185, 985185, 0
