elapsed, window, n, min, mean, median, 95th, 99th, 99_9th, max, errors
10.000583, 10.000583, 13, 932957, 5963068.5, 8322331, 9556017, 9621621, 9621621, 9621621, 0
20.00166, 10.001077, 202, 3361, 550234.1, 341690, 1155655, 9555112, 9621621, 9621621, 1
30.001632, 9.999972, 231, 3313, 341179.8, 327674, 682746, 999840, 1027379, 1027379, 2
40.001577, 9.999945, 220, 3300, 363750.3, 339966, 678012, 867463, 1003784, 1003784, 2
50.001587, 10.00001, 215, 3372, 357986.2, 331076, 678019, 836388, 999761, 999761, 2
60.001578, 9.999991, 229, 3403, 347124.5, 336842, 666435, 824199, 849262, 849262, 1
64.008621, 4.007043, 35, 3403, 345021.1, 332763, 665935, 824199, 960324, 960324, 1
