elapsed, window, n, min, mean, median, 95th, 99th, 99_9th, max, errors
10.000482, 10.000482, 70, 4160, 1106081.5, 314146, 5500313, 5518415, 6180685, 6180685, 1
20.001473, 10.000991, 223, 4407, 336884.2, 257620, 795385, 1782933, 2064441, 2064441, 6
30.001477, 10.000004, 266, 4278, 290582.3, 257620, 617311, 830337, 937561, 937561, 7
40.001544, 10.000067, 263, 4321, 299967.6, 273549, 646044, 818917, 1214712, 1214712, 1
50.001521, 9.999977, 260, 4181, 308121.4, 256148, 687692, 824986, 933206, 933206, 1
60.001521, 10.0, 268, 4367, 294676.4, 252413, 641458, 722946, 936202, 936202, 5
64.008553, 4.007032, 33, 4345, 301956.5, 263690, 639428, 722946, 790544, 790544, 0
