elapsed, window, n, min, mean, median, 95th, 99th, 99_9th, max, errors
10.000828, 10.000828, 20, 75934, 3479306.9, 2679193, 7009002, 9338113, 9338113, 9338113, 0
20.00167, 10.000842, 296, 3328, 295552.7, 222648, 557499, 1753845, 4082513, 4082513, 5
30.001641, 9.999971, 330, 3512, 240513.3, 238842, 467588, 584574, 754990, 754990, 1
40.001646, 10.000005, 341, 3334, 233289.7, 222430, 445188, 580051, 825872, 825872, 0
50.001665, 10.000019, 331, 3411, 237736.6, 215608, 465168, 593620, 637996, 637996, 4
60.001674, 10.000009, 329, 3366, 239921.4, 240154, 448463, 540196, 766348, 766348, 3
64.009679, 4.008005, 43, 3366, 243350.2, 240727, 460924, 540196, 766348, 766348, 0
