elapsed, window, n, min, mean, median, 95th, 99th, 99_9th, max, errors
10.000471, 10.000471, 27, 7512, 2952751.9, 1016801, 9499138, 9499421, 9499421, 9499421, 0
20.001651, 10.00118, 281, 3343, 293403.9, 240751, 811543, 1443448, 1562668, 1562668, 3
30.001501, 9.99985, 332, 3398, 237860.3, 224452, 460149, 509185, 527072, 527072, 4
40.0015, 9.999999, 323, 3406, 243075.9, 241866, 458400, 578591, 656030, 656030, 2
50.001458, 9.999958, 320, 3524, 245857.4, 224773, 458715, 581401, 786753, 786753, 4
60.001466, 10.000008, 326, 3320, 243016.6, 238394, 454096, 581001, 732415, 732415, 2
64.011516, 4.01005, 40, 3320, 253132.7, 258354, 463902, 637074, 732415, 732415, 0
