elapsed, window, n, min, mean, median, 95th, 99th, 99_9th, max, errors
10.000309, 10.000309, 20, 3397, 3287416.9, 1732191, 7718749, 8728829, 8728829, 8728829, 0
20.001266, 10.000957, 295, 3241, 313616.8, 219178, 681552, 1545651, 8645308, 8645308, 1
30.001292, 10.000026, 325, 3353, 243056.1, 240379, 468702, 647652, 676315, 676315, 6
40.001325, 10.000033, 320, 3402, 247619.8, 226186, 493677, 576246, 735025, 735025, 2
50.001281, 9.999956, 325, 3378, 241905.6, 227006, 467263, 591680, 646520, 646520, 3
60.001262, 9.999981, 337, 3210, 233458.4, 218148, 470192, 590150, 728127, 728127, 5
64.010329, 4.009067, 47, 3210, 231546.7, 217075, 455972, 570554, 609534, 609534, 0
