elapsed, window, n, min, mean, median, 95th, 99th, 99_9th, max, errors
10.000797, 10.000797, 27, 5829, 2617813.5, 2422677, 7727579, 7801476, 7801476, 7801476, 0
20.001818, 10.001021, 225, 3964, 412822.3, 320250, 956842, 2989678, 4251371, 4251371, 2
30.001797, 9.999979, 260, 3900, 302237.2, 268692, 667343, 781393, 963320, 963320, 5
40.001789, 9.999992, 243, 3921, 323380.8, 315026, 674160, 781775, 905375, 905375, 2
50.001801, 10.000012, 239, 3856, 331766.9, 317940, 703164, 830398, 851714, 851714, 4
60.001816, 10.000015, 252, 3844, 312604.1, 265458, 696163, 822651, 1052860, 1052860, 4
64.009864, 4.008048, 30, 3844, 320016.0, 270501, 676015, 822651, 1052860, 1052860, 1
