elapsed, window, n, min, mean, median, 95th, 99th, 99_9th, max, errors
10.000797, 10.000797, 17, 4810, 3474346.0, 3336018, 6501568, 6503513, 6503513, 6503513, 0
20.001668, 10.000871, 219, 4663, 480001.1, 317541, 754829, 5336660, 6530485, 6530485, 4
30.001688, 10.00002, 234, 4625, 329446.1, 314928, 647006, 905756, 1121857, 1121857, 4
40.00193, 10.000242, 251, 4631, 319802.5, 267991, 691579, 851433, 1044906, 1044906, 3
50.001667, 9.999737, 255, 4553, 319211.1, 313060, 700993, 805092, 863856, 863856, 0
60.001681, 10.000014, 250, 4495, 318949.7, 316100, 673874, 826579, 881830, 881830, 3
64.01574, 4.014059, 32, 4649, 330299.2, 315898, 673874, 848130, 881830, 881830, 0
