elapsed, window, n, min, mean, median, 95th, 99th, 99_9th, max, errors
10.001071, 10.001071, 27, 5533, 2373068.3, 1472266, 6218908, 9195530, 9195530, 9195530, 0
20.001099, 10.000028, 231, 5663, 450567.5, 315749, 904815, 4676354, 9195530, 9195530, 5
30.001119, 10.00002, 238, 5762, 331976.5, 317240, 700601, 893775, 1054741, 1054741, 4
40.001084, 9.999965, 227, 5795, 348987.5, 316841, 769216, 983185, 1128028, 1128028, 4
50.001053, 9.999969, 238, 5696, 333237.9, 313782, 676061, 874809, 918555, 918555, 4
60.001042, 9.999989, 240, 5560, 327370.7, 301128, 696145, 874555, 1052772, 1052772, 2
64.013068, 4.012026, 37, 5560, 322283.7, 311728, 659259, 830688, 1052772, 1052772, 1
