elapsed, window, n, min, mean, median, 95th, 99th, 99_9th, max, errors
10.001073, 10.001073, 13, 82771, 3626852.2, 3398464, 8071311, 8071717, 8071717, 8071717, 0
20.001044, 9.999971, 158, 3973, 645619.7, 361605, 2525380, 5359914, 6059185, 6059185, 3
30.001034, 9.99999, 185, 4052, 424663.8, 359582, 984729, 1318667, 1585968, 1585968, 3
40.001038, 10.000004, 201, 3888, 390035.0, 357818, 876636, 1133739, 1245244, 1245244, 4
50.00104, 10.000002, 204, 3827, 380197.9, 364730, 890528, 1063507, 1079614, 1079614, 4
60.001034, 9.999994, 202, 4067, 394770.5, 355873, 884611, 1321138, 1513849, 1513849, 1
64.009079, 4.008045, 23, 4067, 405525.3, 354201, 1050585, 1321138, 1546607, 1546607, 1
