elapsed, window, n, min, mean, median, 95th, 99th, 99_9th, max, errors
10.000811, 10.000811, 19, 12501, 3333356.7, 2073940, 7875706, 9803558, 9803558, 9803558, 0
20.001785, 10.000974, 207, 4303, 529979.3, 248437, 1590306, 5751794, 9803558, 9803558, 5
30.001824, 10.000039, 333, 3961, 233120.3, 217955, 482221, 607370, 719783, 719783, 5
40.00179, 9.999966, 317, 4056, 248310.5, 247733, 495468, 597421, 684997, 684997, 3
50.001789, 9.999999, 326, 3984, 242435.3, 238643, 525165, 671953, 691399, 691399, 1
60.001816, 10.000027, 323, 4147, 246127.6, 236432, 499090, 681094, 783905, 783905, 4
64.008814, 4.006998, 38, 4147, 242303.4, 237542, 501484, 580419, 684173, 684173, 0
