elapsed, window, n, min, mean, median, 95th, 99th, 99_9th, max, errors
10.000589, 10.000589, 12, 4002, 3254177.3, 1681555, 7398105, 8291740, 8291740, 8291740, 1
20.001598, 10.001009, 163, 3901, 689315.7, 367166, 2207288, 5566959, 10290100, 10290100, 1
30.001582, 9.999984, 180, 3901, 434850.5, 380749, 1007204, 1314601, 1782097, 1782097, 3
40.001582, 10.0, 187, 3898, 419364.4, 390993, 968881, 1193427, 1310620, 1310620, 3
50.001586, 10.000004, 187, 4011, 417737.4, 359272, 902047, 1282512, 1457355, 1457355, 4
60.001576, 9.99999, 183, 3866, 422964.0, 360459, 985148, 1282512, 1403928, 1403928, 4
64.008607, 4.007031, 32, 3956, 417059.5, 358743, 924288, 1131466, 1338756, 1338756, 0
