elapsed, window, n, min, mean, median, 95th, 99th, 99_9th, max, errors
10.001026, 10.001026, 21, 4375, 3078920.3, 2236111, 8996950, 9076682, 9076682, 9076682, 0
20.000948, 9.999922, 170, 3991, 532656.4, 393414, 1354028, 3681958, 4209487, 4209487, 4
30.001948, 10.001, 189, 4025, 413618.9, 403982, 931086, 1112823, 1231427, 1231427, 2
40.001964, 10.000016, 181, 4041, 443567.0, 388203, 922611, 1129357, 1296651, 1296651, 2
50.001949, 9.999985, 178, 3926, 438935.9, 401375, 1044622, 1144391, 1296651, 1296651, 5
60.002026, 10.000077, 198, 3937, 396438.9, 368361, 876306, 985283, 1085432, 1085432, 1
64.009031, 4.007005, 23, 3937, 438670.9, 381917, 910023, 1283496, 1582797, 1582797, 0
