elapsed, window, n, min, mean, median, 95th, 99th, 99_9th, max, errors
10.000726, 10.000726, 30, 3999, 2287668.6, 1184112, 7569708, 7922961, 7922961, 7922961, 2
20.00178, 10.001054, 222, 4108, 451632.5, 244055, 1952243, 4068236, 7922961, 7922961, 2
30.001778, 9.999998, 316, 4110, 244858.4, 243418, 515883, 590144, 778868, 778868, 5
40.001762, 9.999984, 332, 3977, 243064.2, 222090, 512457, 683953, 850186, 850186, 4
50.001775, 10.000013, 333, 3977, 238834.9, 224678, 506783, 680512, 843818, 843818, 2
60.001752, 9.999977, 309, 4111, 250619.9, 244316, 515598, 655661, 715818, 715818, 2
64.009786, 4.008034, 39, 4111, 264062.8, 247804, 546234, 714528, 753252, 753252, 0
