elapsed, window, n, min, mean, median, 95th, 99th, 99_9th, max, errors
10.000813, 10.000813, 23, 594305, 2972652.8, 1349183, 8010443, 8271290, 8271290, 8271290, 1
20.001785, 10.000972, 85, 369348, 945678.2, 925716, 1406611, 1500662, 1654694, 1654694, 2
30.001788, 10.000003, 81, 451704, 995223.7, 989799, 1468882, 1589334, 1591036, 1591036, 0
40.001784, 9.999996, 86, 377577, 906032.6, 925181, 1309770, 1495768, 1529579, 1529579, 0
50.001789, 10.000005, 82, 341407, 971526.9, 956242, 1401921, 1629110, 1853226, 1853226, 1
60.001793, 10.000004, 83, 371614, 949590.9, 954074, 1316641, 1505958, 1679339, 1679339, 1
64.008856, 4.007063, 17, 459698, 970258.4, 954074, 1316641, 1505958, 1679339, 1679339, 0
