elapsed, window, n, min, mean, median, 95th, 99th, 99_9th, max, errors
10.00113, 10.00113, 23, 600100, 3301697.3, 1717236, 7723793, 8112926, 8112926, 8112926, 0
20.000971, 9.999841, 85, 450646, 945826.7, 902485, 1403496, 1529078, 1552413, 1552413, 0
30.002076, 10.001105, 80, 303608, 969835.5, 956738, 1552413, 1650518, 1675518, 1675518, 1
40.001246, 9.99917, 85, 303081, 920716.6, 922559, 1351976, 1617172, 1715405, 1715405, 2
50.000969, 9.999723, 86, 393969, 950795.5, 926645, 1363171, 1715405, 1784320, 1784320, 1
60.001986, 10.001017, 82, 365318, 928743.2, 927333, 1403503, 1642510, 1713406, 1713406, 1
64.018053, 4.016067, 17, 394830, 954131.1, 925197, 1411908, 1469993, 1713406, 1713406, 0
