elapsed, window, n, min, mean, median, 95th, 99th, 99_9th, max, errors
10.001143, 10.001143, 5, 236061, 3722571.4, 1622478, 7945191, 7945191, 7945191, 7945191, 0
20.001175, 10.000032, 62, 489548, 2222560.7, 1024879, 12132954, 12407060, 12811028, 12811028, 0
30.001139, 9.999964, 81, 507880, 935197.8, 872581, 1301293, 1466292, 1471193, 1471193, 3
40.001156, 10.000017, 85, 522409, 924199.1, 853342, 1475738, 1540129, 1666094, 1666094, 0
50.001178, 10.000022, 84, 222853, 979758.0, 1010565, 1464227, 1536020, 1537403, 1537403, 0
60.001138, 9.99996, 85, 216252, 926020.8, 889647, 1337184, 1493690, 1501720, 1501720, 1
64.009176, 4.008038, 17, 216252, 947025.2, 1006247, 1215631, 1340929, 1361550, 1361550, 0
