elapsed, window, n, min, mean, median, 95th, 99th, 99_9th, max, errors
10.001051, 10.001051, 0, 0, 0, 0, 0, 0, 0, 0, 0
20.001017, 9.999966, 60, 525087, 2269152.0, 1038247, 11834107, 12430593, 12577792, 12577792, 1
30.002055, 10.001038, 81, 205329, 972992.1, 993897, 1360952, 1496803, 1506682, 1506682, 1
40.001008, 9.998953, 85, 284836, 950957.4, 968434, 1362954, 1538214, 1633139, 1633139, 1
50.00201, 10.001002, 86, 221801, 913199.2, 890758, 1220565, 1364958, 1632165, 1632165, 1
60.002027, 10.000017, 87, 220984, 911425.4, 878154, 1338189, 1649226, 1654851, 1654851, 0
64.011068, 4.009041, 17, 220984, 932615.3, 918013, 1353174, 1490619, 1654851, 1654851, 0
