elapsed, window, n, min, mean, median, 95th, 99th, 99_9th, max, errors
10.000314, 10.000314, 0, 0, 0, 0, 0, 0, 0, 0, 0
20.001348, 10.001034, 58, 492611, 2662620.5, 1030738, 12236848, 13504816, 13526111, 13526111, 1
30.001322, 9.999974, 84, 225813, 956771.6, 985383, 1367979, 1520755, 1646206, 1646206, 1
40.001314, 9.999992, 87, 205003, 894016.4, 871467, 1218883, 1532137, 1646206, 1646206, 0
50.001308, 9.999994, 85, 507086, 977210.3, 910840, 1357155, 1499367, 1639279, 1639279, 0
60.001328, 10.00002, 83, 492919, 943189.1, 933452, 1370771, 1468786, 1509453, 1509453, 1
64.008353, 4.007025, 17, 492919, 923754.6, 878416, 1370771, 1468786, 1534370, 1534370, 0
