elapsed, window, n, min, mean, median, 95th, 99th, 99_9th, max, errors
10.000747, 10.000747, 0, 0, 0, 0, 0, 0, 0, 0, 0
20.001761, 10.001014, 58, 352620, 2655346.2, 1013593, 12408002, 12408096, 12409343, 12409343, 1
30.00176, 9.999999, 90, 363951, 897979.3, 843472, 1450556, 1701142, 1760037, 1760037, 1
40.001739, 9.999979, 83, 423187, 927078.5, 935736, 1393290, 1489786, 1507608, 1507608, 1
50.00176, 10.000021, 88, 403735, 923981.1, 884621, 1491326, 1631240, 1651990, 1651990, 0
60.001787, 10.000027, 89, 383872, 890700.1, 882480, 1351297, 1466240, 1547704, 1547704, 0
64.009814, 4.008027, 18, 383872, 887148.7, 867971, 1326097, 1420403, 1466240, 1466240, 0
