elapsed, window, n, min, mean, median, 95th, 99th, 99_9th, max, errors
10.001093, 10.001093, 0, 0, 0, 0, 0, 0, 0, 0, 0
20.001089, 9.999996, 57, 440673, 2697430.7, 1051441, 13371554, 13575281, 13575665, 13575665, 1
30.001078, 9.999989, 84, 379342, 963677.8, 936278, 1439110, 1636180, 1637260, 1637260, 2
40.001082, 10.000004, 85, 415708, 903156.8, 917336, 1313405, 1546552, 1625337, 1625337, 0
50.001109, 10.000027, 88, 328354, 907784.7, 900515, 1355188, 1415174, 1547037, 1547037, 2
60.001083, 9.999974, 83, 411927, 956083.2, 906893, 1633646, 1732555, 1867891, 1867891, 1
64.010132, 4.009049, 15, 411927, 961130.1, 912568, 1508632, 1654208, 1732555, 1732555, 1
