elapsed, window, n, min, mean, median, 95th, 99th, 99_9th, max, errors
10.001177, 10.001177, 0, 0, 0, 0, 0, 0, 0, 0, 0
20.00146, 10.000283, 63, 439186, 2456236.6, 902368, 13218464, 13353455, 13606778, 13606778, 2
30.00246, 10.001, 82, 359550, 947064.7, 925131, 1408181, 1552828, 1554889, 1554889, 1
40.000977, 9.998517, 84, 346772, 955761.4, 935579, 1413971, 1544198, 1559216, 1559216, 1
50.001983, 10.001006, 86, 327277, 953247.4, 947486, 1371140, 1557096, 1557645, 1557645, 0
60.001969, 9.999986, 79, 372168, 965649.9, 908717, 1489184, 1703086, 1872039, 1872039, 3
64.008008, 4.006039, 14, 616610, 976371.1, 907056, 1548520, 1639774, 1703086, 1703086, 0
