elapsed, window, n, min, mean, median, 95th, 99th, 99_9th, max, errors
10.000926, 10.000926, 0, 0, 0, 0, 0, 0, 0, 0, 0
20.001944, 10.001018, 50, 485265, 2923328.3, 1415013, 12792077, 13571444, 13571444, 13571444, 1
30.00194, 9.999996, 70, 493346, 1153998.0, 1109988, 1800220, 1952177, 2267092, 2267092, 1
40.001891, 9.999951, 71, 349122, 1131534.3, 1110406, 1737449, 2026627, 2232079, 2232079, 1
50.001935, 10.000044, 75, 349159, 1014292.1, 1036826, 1556773, 1768989, 1781389, 1781389, 2
60.001937, 10.000002, 75, 349327, 1103672.2, 1109859, 1792533, 1939683, 2656141, 2656141, 0
64.015998, 4.014061, 13, 357539, 1159474.0, 1111458, 1792533, 1939683, 2656141, 2656141, 0
