elapsed, window, n, min, mean, median, 95th, 99th, 99_9th, max, errors
10.001051, 10.001051, 0, 0, 0, 0, 0, 0, 0, 0, 0
20.001077, 10.000026, 61, 351641, 2232949.3, 1001892, 11926441, 13183248, 13613251, 13613251, 2
30.001022, 9.999945, 85, 345529, 942982.5, 953062, 1253721, 1377105, 1451731, 1451731, 0
40.001054, 10.000032, 85, 319449, 906332.9, 893718, 1265027, 1416347, 1431656, 1431656, 3
50.00102, 9.999966, 85, 424495, 923296.1, 941251, 1246444, 1361934, 1364348, 1364348, 0
60.002017, 10.000997, 91, 171809, 870856.7, 894685, 1227751, 1293239, 1344996, 1344996, 1
64.009074, 4.007057, 15, 171809, 870897.7, 880155, 1215496, 1379670, 1418129, 1418129, 1
