elapsed, window, n, min, mean, median, 95th, 99th, 99_9th, max, errors
10.000842, 10.000842, 0, 0, 0, 0, 0, 0, 0, 0, 1
20.001835, 10.000993, 52, 338821, 2842618.6, 1143184, 13068005, 13071305, 13596293, 13596293, 0
30.001827, 9.999992, 68, 338882, 1112311.6, 1017518, 1890002, 2118434, 2562207, 2562207, 0
40.001881, 10.000054, 75, 369817, 1094758.1, 1048665, 1809152, 1977179, 1979460, 1979460, 0
50.001843, 9.999962, 66, 483881, 1182595.5, 1224711, 1704244, 1793345, 1882801, 1882801, 1
60.001835, 9.999992, 66, 341112, 1212150.2, 1212676, 1871869, 1913386, 2293559, 2293559, 1
64.008937, 4.007102, 15, 341112, 1192288.4, 1190073, 1795708, 1912450, 2293559, 2293559, 0
