elapsed, window, n, min, mean, median, 95th, 99th, 99_9th, max, errors
10.000873, 10.000873, 0, 0, 0, 0, 0, 0, 0, 0, 0
20.001859, 10.000986, 40, 970749, 3551387.3, 1578107, 13581578, 13653798, 13653798, 13653798, 0
30.001845, 9.999986, 51, 760978, 1544583.4, 1523986, 2002517, 2350028, 2414932, 2414932, 1
40.001874, 10.000029, 52, 596916, 1471224.0, 1423791, 2071586, 2175008, 2488591, 2488591, 0
50.001871, 9.999997, 52, 731295, 1554765.4, 1563150, 2141761, 2348902, 2417571, 2417571, 0
60.001965, 10.000094, 50, 624709, 1549583.5, 1603466, 2247191, 2381005, 2382397, 2382397, 2
64.008984, 4.007019, 13, 624709, 1560990.1, 1622642, 2245716, 2382397, 2382397, 2382397, 0
