elapsed, window, n, min, mean, median, 95th, 99th, 99_9th, max, errors
10.000568, 10.000568, 0, 0, 0, 0, 0, 0, 0, 0, 0
20.001572, 10.001004, 58, 649675, 2684098.6, 1273842, 11670401, 12069824, 12095567, 12095567, 0
30.001564, 9.999992, 64, 802926, 1261952.7, 1252148, 1736756, 1947962, 1950708, 1950708, 0
40.00155, 9.999986, 63, 768554, 1236027.3, 1246786, 1721471, 1773866, 1917599, 1917599, 0
50.001678, 10.000128, 68, 488785, 1233519.6, 1252359, 1598629, 1762111, 1922161, 1922161, 0
60.001567, 9.999889, 59, 594389, 1321673.6, 1284175, 1758003, 1771256, 1782101, 1782101, 0
64.008679, 4.007112, 16, 752437, 1307801.7, 1283274, 1727525, 1764870, 1771256, 1771256, 0
