elapsed, window, n, min, mean, median, 95th, 99th, 99_9th, max, errors
10.000965, 10.000965, 0, 0, 0, 0, 0, 0, 0, 0, 0
20.001946, 10.000981, 50, 487194, 2902140.9, 1421328, 11825763, 12154429, 12154429, 12154429, 0
30.001939, 9.999993, 66, 487204, 1215420.3, 1261127, 1605682, 1763959, 1773157, 1773157, 0
40.001942, 10.000003, 70, 644948, 1183398.8, 1230880, 1582191, 1752269, 1757278, 1757278, 0
50.001953, 10.000011, 65, 646176, 1186513.1, 1146358, 1593188, 1735851, 1793738, 1793738, 1
60.001938, 9.999985, 63, 669577, 1256126.4, 1249694, 1767801, 1896178, 1910304, 1910304, 0
64.014995, 4.013057, 14, 669577, 1266803.0, 1254135, 1769746, 1896178, 1910304, 1910304, 0
