elapsed, window, n, min, mean, median, 95th, 99th, 99_9th, max, errors
10.000944, 10.000944, 27, 442567, 2810530.3, 1064841, 7565816, 8686250, 8686250, 8686250, 0
20.002005, 10.001061, 88, 216946, 923662.5, 893849, 1437700, 1705363, 1780260, 1780260, 1
30.001991, 9.999986, 84, 344811, 892604.6, 872566, 1382234, 1484250, 1565499, 1565499, 1
40.001932, 9.999941, 82, 336526, 984787.1, 959888, 1482684, 1662879, 1700711, 1700711, 1
50.001949, 10.000017, 82, 391836, 970361.8, 948540, 1466249, 1626705, 1629400, 1629400, 0
60.001938, 9.999989, 77, 401629, 995358.9, 996169, 1427901, 1491146, 1493777, 1493777, 1
64.008023, 4.006085, 16, 401629, 1004980.8, 1038271, 1427901, 1493777, 1699829, 1699829, 1
