elapsed, window, n, min, mean, median, 95th, 99th, 99_9th, max, errors
10.000691, 10.000691, 0, 0, 0, 0, 0, 0, 0, 0, 0
20.001714, 10.001023, 55, 647038, 2607311.3, 1230986, 12096464, 12327873, 12401836, 12401836, 1
30.001712, 9.999998, 65, 601934, 1208778.1, 1235264, 1593468, 1764150, 1774107, 1774107, 1
40.001666, 9.999954, 64, 647958, 1226039.9, 1245644, 1603510, 1621935, 1712982, 1712982, 1
50.00167, 10.000004, 65, 594438, 1189149.8, 1240358, 1577072, 1594271, 1621696, 1621696, 0
60.001687, 10.000017, 67, 594264, 1226304.7, 1248645, 1605878, 1774317, 1940092, 1940092, 0
64.008798, 4.007111, 15, 752689, 1255982.7, 1260624, 1725831, 1774317, 1776048, 1776048, 0
