elapsed, window, n, min, mean, median, 95th, 99th, 99_9th, max, errors
10.000527, 10.000527, 0, 0, 0, 0, 0, 0, 0, 0, 0
20.001525, 10.000998, 74, 511864, 1941177.7, 899728, 10781641, 12412312, 12575345, 12575345, 1
30.001511, 9.999986, 86, 472687, 916398.0, 885345, 1234881, 1287288, 1386459, 1386459, 1
40.001519, 10.000008, 87, 272271, 902752.6, 895315, 1187889, 1226328, 1370077, 1370077, 1
50.001516, 9.999997, 89, 397688, 917351.4, 941525, 1213486, 1272096, 1372072, 1372072, 1
60.001515, 9.999999, 88, 412328, 911478.1, 929329, 1188800, 1391663, 1404424, 1404424, 0
64.013571, 4.012056, 17, 521754, 918497.3, 923177, 1188800, 1240185, 1404424, 1404424, 0
