elapsed, window, n, min, mean, median, 95th, 99th, 99_9th, max, errors
10.000688, 10.000688, 0, 0, 0, 0, 0, 0, 0, 0, 0
20.001681, 10.000993, 69, 417911, 2103606.6, 1018296, 11722437, 12387329, 12387398, 12387398, 1
30.001652, 9.999971, 84, 417911, 935100.3, 926720, 1240187, 1345746, 1419011, 1419011, 0
40.00165, 9.999998, 86, 407661, 930029.1, 936030, 1259864, 1354872, 1470200, 1470200, 3
50.001655, 10.000005, 84, 527035, 925886.7, 913528, 1220806, 1325943, 1361831, 1361831, 0
60.001676, 10.000021, 88, 566494, 909298.6, 890848, 1231053, 1279428, 1361831, 1361831, 0
64.0077, 4.006024, 17, 535723, 901977.1, 886693, 1157806, 1279428, 1480685, 1480685, 0
