elapsed, window, n, min, mean, median, 95th, 99th, 99_9th, max, errors
10.000694, 10.000694, 5, 269351, 5368440.0, 8120516, 9227778, 9227778, 9227778, 9227778, 0
20.001415, 10.000721, 69, 594176, 1838000.7, 948550, 11441850, 11593005, 11593242, 11593242, 3
30.001435, 10.00002, 86, 472045, 913245.9, 893863, 1274922, 1363925, 1384078, 1384078, 1
40.001674, 10.000239, 87, 525265, 912513.3, 894636, 1164428, 1320983, 1427995, 1427995, 1
50.001549, 9.999875, 88, 488999, 906964.0, 910876, 1189138, 1229025, 1237200, 1237200, 1
60.001438, 9.999889, 87, 406534, 906293.1, 909430, 1191935, 1256619, 1260165, 1260165, 1
64.009478, 4.00804, 19, 528922, 923064.8, 937043, 1212061, 1260165, 1390936, 1390936, 0
