elapsed, window, n, min, mean, median, 95th, 99th, 99_9th, max, errors
10.001057, 10.001057, 0, 0, 0, 0, 0, 0, 0, 0, 0
20.001071, 10.000014, 67, 572824, 2042668.1, 1036794, 11766635, 12115123, 12413296, 12413296, 1
30.001051, 9.99998, 88, 420464, 911191.9, 932156, 1184948, 1249933, 1467542, 1467542, 1
40.001101, 10.00005, 89, 173164, 883802.3, 875768, 1243420, 1403400, 1423198, 1423198, 0
50.001075, 9.999974, 92, 431093, 900172.3, 916647, 1269389, 1423249, 1774518, 1774518, 0
60.001053, 9.999978, 88, 309751, 885994.0, 914724, 1260020, 1341490, 1393622, 1393622, 0
64.015139, 4.014086, 16, 385666, 904929.8, 914724, 1260020, 1340182, 1425552, 1425552, 0
