elapsed, window, n, min, mean, median, 95th, 99th, 99_9th, max, errors
10.000828, 10.000828, 0, 0, 0, 0, 0, 0, 0, 0, 0
20.001694, 10.000866, 57, 524296, 2246725.9, 1360578, 10822603, 11586275, 11841777, 11841777, 0
30.001684, 9.99999, 62, 496689, 1241761.5, 1214751, 1768100, 2070014, 2215656, 2215656, 0
40.001682, 9.999998, 68, 498890, 1198029.1, 1151739, 1727156, 2052945, 2309364, 2309364, 1
50.001827, 10.000145, 59, 500635, 1314828.4, 1362976, 1840509, 1988868, 2472661, 2472661, 0
60.00168, 9.999853, 62, 500839, 1271329.8, 1182150, 1945938, 2160140, 2196541, 2196541, 1
64.009749, 4.008069, 14, 500839, 1228550.3, 1149203, 1925871, 2048989, 2160140, 2160140, 1
