elapsed, window, n, min, mean, median, 95th, 99th, 99_9th, max, errors
10.000217, 10.000217, 0, 0, 0, 0, 0, 0, 0, 0, 0
20.001256, 10.001039, 53, 637583, 2544006.8, 1156368, 12935222, 13164256, 13164320, 13164320, 2
30.001323, 10.000067, 74, 564028, 1111421.5, 1102274, 1573690, 1650385, 1788941, 1788941, 1
40.001233, 9.99991, 66, 481570, 1142906.5, 1163189, 1561696, 1707264, 1802107, 1802107, 0
50.001223, 9.99999, 71, 409499, 1127575.0, 1118664, 1699641, 1797333, 1805838, 1805838, 1
60.00132, 10.000097, 74, 405917, 1084726.9, 1082289, 1490836, 1648700, 1694404, 1694404, 1
64.008301, 4.006981, 15, 486716, 1098263.9, 1114603, 1458466, 1469652, 1490836, 1490836, 1
