elapsed, window, n, min, mean, median, 95th, 99th, 99_9th, max, errors
10.000874, 10.000874, 0, 0, 0, 0, 0, 0, 0, 0, 0
20.001846, 10.000972, 54, 589455, 2679580.8, 1425861, 11527164, 12038867, 12364315, 12364315, 0
30.001875, 10.000029, 60, 564541, 1314040.8, 1298394, 1937726, 1997886, 2241028, 2241028, 1
40.001874, 9.999999, 65, 599435, 1227324.0, 1146877, 2007352, 2200863, 2500266, 2500266, 0
50.001873, 9.999999, 63, 412251, 1249468.4, 1223737, 1899169, 2065819, 2198189, 2198189, 0
60.001897, 10.000024, 62, 587177, 1278050.4, 1290079, 1999858, 2113063, 2184137, 2184137, 1
64.012898, 4.011001, 15, 587177, 1285085.5, 1290079, 1929085, 1999858, 2113063, 2113063, 0
