elapsed, window, n, min, mean, median, 95th, 99th, 99_9th, max, errors
10.00056, 10.00056, 0, 0, 0, 0, 0, 0, 0, 0, 0
20.001551, 10.000991, 52, 578310, 2621920.3, 1399867, 10526100, 11253663, 11492153, 11492153, 1
30.001546, 9.999995, 60, 502994, 1340128.4, 1339095, 1970122, 2089867, 2300343, 2300343, 1
40.001589, 10.000043, 57, 502994, 1336828.1, 1348216, 1876232, 1970122, 2335921, 2335921, 1
50.001549, 9.99996, 62, 577121, 1296440.6, 1271061, 1839057, 2012247, 2411096, 2411096, 0
60.001598, 10.000049, 58, 429184, 1299777.6, 1278859, 1940413, 2216077, 2217096, 2217096, 3
64.009591, 4.007993, 13, 674794, 1339706.2, 1370859, 1940413, 2217096, 2217096, 2217096, 0
