elapsed, window, n, min, mean, median, 95th, 99th, 99_9th, max, errors
10.000511, 10.000511, 0, 0, 0, 0, 0, 0, 0, 0, 0
20.001497, 10.000986, 73, 171807, 2062719.7, 920783, 11769771, 12502311, 12877047, 12877047, 0
30.001501, 10.000004, 87, 310297, 896012.3, 892613, 1257167, 1384888, 1448535, 1448535, 1
40.00155, 10.000049, 92, 415485, 885772.2, 883714, 1285113, 1414157, 1579603, 1579603, 0
50.00148, 9.99993, 90, 412978, 885998.8, 876133, 1178913, 1364034, 1442529, 1442529, 0
60.001482, 10.000002, 93, 413223, 860723.1, 840774, 1157306, 1339709, 1442968, 1442968, 0
64.009518, 4.008036, 18, 420973, 873322.7, 871587, 1157306, 1281158, 1331445, 1331445, 0
