elapsed, window, n, min, mean, median, 95th, 99th, 99_9th, max, errors
10.000601, 10.000601, 0, 0, 0, 0, 0, 0, 0, 0, 0
20.001585, 10.000984, 59, 475159, 2280177.5, 1077124, 11738770, 12061916, 12814943, 12814943, 0
30.001621, 10.000036, 69, 558924, 1132612.6, 1143141, 1600760, 1654633, 1810921, 1810921, 1
40.001573, 9.999952, 70, 399089, 1165211.1, 1197298, 1606697, 1658129, 1711080, 1711080, 1
50.001578, 10.000005, 69, 454362, 1137527.2, 1160572, 1581750, 1687939, 1807209, 1807209, 0
60.001578, 10.0, 69, 630859, 1134658.4, 1110508, 1615443, 1904127, 1912412, 1912412, 0
64.008652, 4.007074, 16, 479237, 1085875.0, 1078653, 1499327, 1537149, 1568624, 1568624, 0
