elapsed, window, n, min, mean, median, 95th, 99th, 99_9th, max, errors
10.000488, 10.000488, 0, 0, 0, 0, 0, 0, 0, 0, 0
20.001544, 10.001056, 57, 744908, 2644109.0, 1231907, 11774994, 11775069, 12154929, 12154929, 2
30.001504, 9.99996, 69, 453386, 1156472.0, 1155873, 1645305, 1736538, 1878634, 1878634, 0
40.001489, 9.999985, 75, 483511, 1089414.9, 1082862, 1557104, 1677440, 1708987, 1708987, 1
50.001502, 10.000013, 67, 628488, 1165956.2, 1155885, 1634470, 1812097, 1815534, 1815534, 0
60.00148, 9.999978, 69, 445106, 1148323.9, 1141666, 1639141, 1709816, 1755431, 1755431, 1
64.008552, 4.007072, 15, 445106, 1103456.6, 1087043, 1582990, 1692477, 1709816, 1709816, 0
