elapsed, window, n, min, mean, median, 95th, 99th, 99_9th, max, errors
10.000334, 10.000334, 956, 4564, 79183.4, 75976, 150132, 201664, 294233, 296418, 81
20.001263, 10.000929, 1005, 4382, 77932.2, 77415, 149651, 152904, 163933, 196028, 57
30.001318, 10.000055, 992, 4280, 77119.2, 68571, 150523, 155528, 213814, 285645, 58
40.001246, 9.999928, 974, 4155, 77373.3, 71876, 150935, 162628, 232602, 244902, 86
50.001247, 10.000001, 996, 4331, 77197.4, 72971, 149906, 152759, 181044, 203895, 73
60.001328, 10.000081, 995, 4281, 77263.2, 74313, 149848, 154214, 216043, 224388, 77
64.010326, 4.008998, 104, 4378, 78053.2, 75971, 150145, 154214, 190141, 224388, 7
