elapsed, window, n, min, mean, median, 95th, 99th, 99_9th, max, errors
10.000918, 10.000918, 987, 4788, 77049.0, 72973, 150214, 152621, 210658, 219677, 71
20.001916, 10.000998, 983, 4599, 77843.5, 73433, 150960, 158957, 218624, 235138, 69
30.001917, 10.000001, 977, 4428, 76513.2, 73594, 150140, 152302, 154175, 161262, 82
40.00191, 9.999993, 995, 4464, 77699.9, 76485, 150620, 153537, 221493, 236952, 71
50.00192, 10.00001, 997, 4335, 77455.9, 76675, 149966, 152723, 165537, 173191, 57
60.001965, 10.000045, 992, 4521, 77327.9, 72866, 150065, 153626, 168345, 173254, 73
64.009965, 4.008, 112, 4521, 78159.9, 72986, 150145, 153931, 168345, 173254, 0
