elapsed, window, n, min, mean, median, 95th, 99th, 99_9th, max, errors
10.000675, 10.000675, 1013, 4071, 75051.8, 74743, 150534, 206680, 250062, 264040, 71
20.001678, 10.001003, 1024, 4025, 74791.2, 75766, 150052, 152831, 188474, 212521, 73
30.001669, 9.999991, 1037, 4089, 74177.9, 75500, 149402, 151374, 154496, 162162, 62
40.001669, 10.0, 1018, 4120, 75905.1, 74175, 150284, 156633, 262067, 263746, 59
50.001673, 10.000004, 1022, 4190, 74943.1, 76111, 149157, 152149, 204624, 210400, 67
60.001667, 9.999994, 1038, 4080, 74487.1, 75273, 149086, 151758, 155220, 175011, 47
64.011756, 4.010089, 116, 4080, 75098.0, 76136, 149376, 151813, 155220, 175011, 7
