elapsed, window, n, min, mean, median, 95th, 99th, 99_9th, max, errors
10.000473, 10.000473, 38, 226263, 2001753.3, 885607, 6944246, 7353377, 7353377, 7353377, 0
20.001461, 10.000988, 125, 6509, 638605.5, 607752, 1104758, 1564710, 1595087, 1595087, 0
30.001501, 10.00004, 125, 67171, 629606.8, 639059, 1067313, 1208891, 1218099, 1218099, 2
40.001506, 10.000005, 128, 148541, 626271.0, 610197, 1060690, 1179259, 1202236, 1202236, 0
50.001508, 10.000002, 131, 35326, 626978.1, 605951, 1036768, 1211919, 1462150, 1462150, 0
60.00145, 9.999942, 127, 70975, 609272.5, 606778, 1001642, 1107653, 1163898, 1163898, 1
64.010516, 4.009066, 16, 99997, 627823.9, 638235, 1029902, 1163898, 1209838, 1209838, 2
