elapsed, window, n, min, mean, median, 95th, 99th, 99_9th, max, errors
10.001084, 10.001084, 34, 245398, 2252849.6, 781295, 7223669, 7861492, 7861492, 7861492, 0
20.0011, 10.000016, 123, 102928, 665300.5, 638060, 1122875, 1291778, 1450092, 1450092, 0
30.001082, 9.999982, 124, 37994, 639351.6, 604133, 1131327, 1247717, 1287398, 1287398, 0
40.00108, 9.999998, 121, 69308, 653947.7, 641226, 1139642, 1241551, 1317204, 1317204, 1
50.001088, 10.000008, 119, 100707, 658686.3, 607460, 1207698, 1289490, 1422396, 1422396, 2
60.00108, 9.999992, 121, 4915, 643557.1, 608860, 1144135, 1284934, 1359987, 1359987, 2
64.012119, 4.011039, 22, 7748, 663774.4, 667294, 1132402, 1278300, 1359987, 1359987, 0
