elapsed, window, n, min, mean, median, 95th, 99th, 99_9th, max, errors
10.000893, 10.000893, 0, 0, 0, 0, 0, 0, 0, 0, 0
20.001909, 10.001016, 95, 4238, 1321434.8, 649132, 5150390, 12503140, 12681507, 12681507, 0
30.001934, 10.000025, 131, 168119, 601392.1, 554275, 1007648, 1146970, 1152176, 1152176, 2
40.002013, 10.000079, 128, 3925, 600475.3, 652374, 981577, 1126647, 1306178, 1306178, 3
50.001904, 9.999891, 132, 163878, 616703.3, 548817, 1010059, 1151259, 1289311, 1289311, 0
60.001884, 9.99998, 138, 46315, 599438.0, 644632, 983744, 1150157, 1151023, 1151023, 0
64.009911, 4.008027, 24, 68790, 575899.6, 567236, 870885, 998890, 1145514, 1145514, 0
