elapsed, window, n, min, mean, median, 95th, 99th, 99_9th, max, errors
10.000304, 10.000304, 5, 5752452, 6343734.6, 6239817, 7245901, 7245901, 7245901, 7245901, 0
20.001445, 10.001141, 98, 4315, 1276476.5, 663741, 5430586, 11936672, 12343685, 12343685, 1
30.001296, 9.999851, 131, 25548, 594213.5, 643331, 984283, 1119852, 1127088, 1127088, 1
40.001385, 10.000089, 129, 68406, 617839.6, 638042, 989399, 1284339, 1303315, 1303315, 1
50.001342, 9.999957, 126, 48976, 620224.9, 646853, 987261, 1136291, 1153937, 1153937, 2
60.001434, 10.000092, 132, 181390, 618484.8, 639424, 990452, 1145107, 1303282, 1303282, 1
64.008388, 4.006954, 19, 182656, 613836.5, 544298, 995032, 1145107, 1303282, 1303282, 0
