elapsed, window, n, min, mean, median, 95th, 99th, 99_9th, max, errors
10.00092, 10.00092, 0, 0, 0, 0, 0, 0, 0, 0, 0
20.001829, 10.000909, 106, 46329, 1255044.1, 559635, 6489774, 12589289, 12616707, 12616707, 3
30.001794, 9.999965, 131, 46329, 613047.5, 660350, 1008675, 1033056, 1145108, 1145108, 0
40.001842, 10.000048, 135, 30086, 587472.4, 556410, 991606, 1158216, 1158976, 1158976, 1
50.001881, 10.000039, 127, 165009, 621320.8, 647047, 1004370, 1146244, 1158386, 1158386, 1
60.001806, 9.999925, 135, 5271, 586935.7, 573633, 959966, 1158573, 1212149, 1212149, 0
64.011845, 4.010039, 20, 5271, 602369.9, 644063, 979523, 1158573, 1185131, 1185131, 0
