elapsed, window, n, min, mean, median, 95th, 99th, 99_9th, max, errors
10.000796, 10.000796, 0, 0, 0, 0, 0, 0, 0, 0, 0
20.001888, 10.001092, 92, 92944, 1698371.9, 649687, 12753311, 13016353, 13147434, 13147434, 0
30.001841, 9.999953, 128, 23764, 629447.6, 605879, 1056912, 1203228, 1530870, 1530870, 0
40.001787, 9.999946, 142, 64051, 570669.7, 569085, 1045872, 1205146, 1228842, 1228842, 1
50.001796, 10.000009, 145, 4146, 549686.2, 527778, 1018463, 1172262, 1310111, 1310111, 2
60.001791, 9.999995, 135, 4146, 567727.7, 542612, 1034143, 1156753, 1521329, 1521329, 1
64.010822, 4.009031, 23, 23534, 606852.5, 586317, 1084851, 1244259, 1521329, 1521329, 0
