elapsed, window, n, min, mean, median, 95th, 99th, 99_9th, max, errors
10.000946, 10.000946, 5, 895852, 6803235.6, 7849987, 8872234, 8872234, 8872234, 8872234, 0
20.001839, 10.000893, 108, 159175, 1143124.8, 609256, 4262055, 12357154, 12485772, 12485772, 0
30.001741, 9.999902, 132, 159344, 602233.6, 599146, 934677, 1020831, 1102796, 1102796, 0
40.00174, 9.999999, 136, 161158, 589150.8, 576768, 944051, 1011632, 1029522, 1029522, 0
50.001745, 10.000005, 141, 158982, 565534.6, 537072, 911799, 1095777, 1111178, 1111178, 1
60.001739, 9.999994, 134, 167353, 594505.3, 576608, 935815, 1108288, 1164947, 1164947, 0
64.008791, 4.007052, 23, 167353, 592668.3, 576608, 1015866, 1108288, 1112810, 1112810, 0
