elapsed, window, n, min, mean, median, 95th, 99th, 99_9th, max, errors
10.001176, 10.001176, 6, 1766476, 5501471.0, 4003442, 8960425, 8960425, 8960425, 8960425, 0
20.001187, 10.000011, 77, 147189, 1605285.3, 829644, 6871416, 11740458, 12492638, 12492638, 1
30.001214, 10.000027, 114, 3772, 687067.5, 693197, 1215619, 1455122, 1520076, 1520076, 1
40.001178, 9.999964, 99, 141514, 787919.6, 764159, 1450166, 1715873, 1753131, 1753131, 2
50.001215, 10.000037, 107, 142928, 778309.0, 728278, 1480968, 1625227, 1631139, 1631139, 0
60.001246, 10.000031, 116, 3784, 684580.5, 628817, 1366084, 1864242, 1871827, 1871827, 1
64.01022, 4.008974, 23, 3784, 668100.6, 626347, 1306520, 1412689, 1864242, 1864242, 0
