elapsed, window, n, min, mean, median, 95th, 99th, 99_9th, max, errors
10.000327, 10.000327, 0, 0, 0, 0, 0, 0, 0, 0, 0
20.00137, 10.001043, 95, 30413, 1597830.6, 620525, 12682883, 13141001, 13150548, 13150548, 0
30.001308, 9.999938, 136, 30413, 588707.0, 548557, 1134300, 1292045, 1298740, 1298740, 0
40.001304, 9.999996, 137, 24427, 592695.6, 598879, 1010353, 1210626, 1213353, 1213353, 0
50.001343, 10.000039, 131, 98728, 610168.6, 582995, 1026966, 1351727, 1373438, 1373438, 0
60.001266, 9.999923, 131, 44913, 610607.8, 585012, 1056358, 1316143, 1334906, 1334906, 0
64.008302, 4.007036, 24, 64336, 630895.3, 585012, 1182244, 1316143, 1334906, 1334906, 0
