elapsed, window, n, min, mean, median, 95th, 99th, 99_9th, max, errors
10.000688, 10.000688, 0, 0, 0, 0, 0, 0, 0, 0, 0
20.001668, 10.00098, 53, 281811, 2743832.2, 1311375, 12351622, 12688838, 12951182, 12951182, 0
30.001649, 9.999981, 67, 3885, 1219789.6, 1242325, 1861220, 2103565, 2208162, 2208162, 0
40.001656, 10.000007, 69, 384328, 1114173.1, 1109888, 1757802, 1891502, 1902340, 1902340, 3
50.00164, 9.999984, 69, 244942, 1183620.1, 1207052, 1693082, 1862411, 1933094, 1933094, 0
60.001667, 10.000027, 72, 383729, 1123097.5, 1108761, 1554806, 1623428, 1790233, 1790233, 1
64.008687, 4.00702, 15, 383729, 1089658.8, 1068099, 1583954, 1622813, 1623428, 1623428, 0
