elapsed, window, n, min, mean, median, 95th, 99th, 99_9th, max, errors
10.001078, 10.001078, 8, 1865931, 6184011.3, 6866502, 8401133, 8401133, 8401133, 8401133, 0
20.001854, 10.000776, 82, 7856, 1138097.6, 793909, 4057154, 4370292, 11899638, 11899638, 2
30.001607, 9.999753, 104, 4543, 768685.2, 729081, 1439920, 1786156, 1794299, 1794299, 0
40.001612, 10.000005, 110, 4107, 723034.4, 695625, 1547291, 1792394, 1859831, 1859831, 0
50.001612, 10.0, 110, 4065, 706703.3, 689967, 1275720, 1484328, 1487060, 1487060, 1
60.001631, 10.000019, 103, 4455, 776408.2, 697756, 1481182, 1712318, 1793858, 1793858, 0
64.015717, 4.014086, 19, 141838, 821969.7, 697756, 1616485, 1754626, 1793858, 1793858, 0
