elapsed, window, n, min, mean, median, 95th, 99th, 99_9th, max, errors
10.000812, 10.000812, 0, 0, 0, 0, 0, 0, 0, 0, 0
20.001442, 10.00063, 106, 23932, 1361986.8, 572116, 12629226, 12724224, 12807125, 12807125, 2
30.001479, 10.000037, 117, 43972, 671513.7, 656524, 1209067, 1395116, 1418287, 1418287, 0
40.001475, 9.999996, 135, 28926, 588926.3, 579272, 1095297, 1395116, 1433607, 1433607, 2
50.001494, 10.000019, 126, 7772, 622291.3, 621064, 1141418, 1300929, 1321745, 1321745, 0
60.001421, 9.999927, 134, 143639, 611278.5, 564077, 1139790, 1374873, 1522884, 1522884, 0
64.00946, 4.008039, 18, 152769, 618639.7, 580354, 1121900, 1284983, 1374873, 1374873, 0
