elapsed, window, n, min, mean, median, 95th, 99th, 99_9th, max, errors
10.001032, 10.001032, 0, 0, 0, 0, 0, 0, 0, 0, 0
20.001021, 9.999989, 89, 3469, 1761229.5, 834009, 11024949, 11541786, 11737462, 11737462, 0
30.002036, 10.001015, 98, 169202, 801881.4, 824094, 1296556, 1338103, 1346343, 1346343, 0
40.001012, 9.998976, 97, 181086, 820673.1, 828323, 1181666, 1345960, 1475244, 1475244, 0
50.002065, 10.001053, 93, 331500, 868697.0, 854086, 1332740, 1528803, 1641210, 1641210, 0
60.001011, 9.998946, 100, 163928, 799731.5, 829263, 1186420, 1350595, 1472722, 1472722, 0
64.01805, 4.017039, 18, 163928, 791733.8, 834733, 1166272, 1314864, 1350595, 1350595, 0
