elapsed, window, n, min, mean, median, 95th, 99th, 99_9th, max, errors
10.001099, 10.001099, 0, 0, 0, 0, 0, 0, 0, 0, 0
20.001102, 10.000003, 87, 328507, 1733158.1, 845498, 10692339, 11130075, 11378148, 11378148, 0
30.001094, 9.999992, 92, 323499, 876491.4, 840250, 1292081, 1333065, 1461715, 1461715, 0
40.001094, 10.0, 93, 324255, 849064.3, 831390, 1303518, 1449246, 1473270, 1473270, 2
50.001147, 10.000053, 94, 165995, 814003.1, 814655, 1303811, 1364168, 1486067, 1486067, 1
60.001106, 9.999959, 96, 168361, 844886.1, 839608, 1205411, 1368315, 1375137, 1375137, 1
64.011139, 4.010033, 18, 168361, 847299.4, 829967, 1205411, 1325760, 1362419, 1362419, 0
