elapsed, window, n, min, mean, median, 95th, 99th, 99_9th, max, errors
10.000941, 10.000941, 28, 39203, 2862324.6, 1353820, 7820131, 8991355, 8991355, 8991355, 0
20.001933, 10.000992, 120, 38892, 675676.7, 642695, 1315660, 1498903, 1528559, 1528559, 0
30.001923, 9.99999, 126, 4633, 633902.6, 628915, 1094216, 1239977, 1276014, 1276014, 1
40.001929, 10.000006, 119, 67073, 661428.1, 669096, 1100693, 1389831, 1456201, 1456201, 1
50.001983, 10.000054, 122, 39450, 640527.2, 610114, 995722, 1311316, 1347311, 1347311, 1
60.002096, 10.000113, 124, 132094, 657329.4, 634701, 1132100, 1429362, 1670186, 1670186, 1
64.007977, 4.005881, 20, 132094, 670499.3, 663224, 1179679, 1429362, 1670186, 1670186, 0
