elapsed, window, n, min, mean, median, 95th, 99th, 99_9th, max, errors
10.000536, 10.000536, 0, 0, 0, 0, 0, 0, 0, 0, 1
20.00152, 10.000984, 86, 166572, 1666671.6, 864482, 10711076, 10852162, 10873944, 10873944, 0
30.001524, 10.000004, 97, 166373, 815930.5, 824690, 1305056, 1333267, 1482717, 1482717, 0
40.001512, 9.999988, 97, 320102, 822860.4, 828739, 1323732, 1349876, 1490153, 1490153, 0
50.001518, 10.000006, 92, 179437, 865347.7, 830125, 1348723, 1510644, 1548465, 1548465, 1
60.001528, 10.00001, 98, 165588, 807014.1, 819681, 1299520, 1476997, 1477149, 1477149, 0
64.008546, 4.007018, 17, 324169, 838964.0, 828158, 1328779, 1344568, 1477149, 1477149, 0
