elapsed, window, n, min, mean, median, 95th, 99th, 99_9th, max, errors
10.000618, 10.000618, 0, 0, 0, 0, 0, 0, 0, 0, 1
20.001625, 10.001007, 117, 211404, 1027959.8, 591189, 2942220, 10332981, 11255050, 11255050, 1
30.001621, 9.999996, 146, 85325, 551523.4, 548265, 809871, 914502, 1040991, 1040991, 1
40.00169, 10.000069, 148, 135881, 549515.0, 526810, 899180, 981546, 1162378, 1162378, 0
50.001618, 9.999928, 152, 80199, 520313.6, 502462, 816885, 910759, 1098739, 1098739, 0
60.001628, 10.00001, 146, 80935, 526596.2, 526648, 815669, 902065, 1046198, 1046198, 3
64.010679, 4.009051, 24, 80935, 537307.2, 542853, 834521, 986543, 1023109, 1023109, 0
