elapsed, window, n, min, mean, median, 95th, 99th, 99_9th, max, errors
10.000563, 10.000563, 0, 0, 0, 0, 0, 0, 0, 0, 0
20.001565, 10.001002, 119, 201708, 1177412.8, 598676, 4025872, 11434224, 11437104, 11437104, 0
30.001629, 10.000064, 144, 3826, 559368.1, 550861, 863773, 978504, 1017242, 1017242, 1
40.001558, 9.999929, 142, 156033, 549384.9, 538168, 871419, 1019147, 1096065, 1096065, 1
50.001567, 10.000009, 150, 72080, 537935.0, 535867, 852864, 904968, 993283, 993283, 1
60.001557, 9.99999, 132, 213960, 581798.4, 562762, 858944, 1019194, 1044019, 1044019, 4
64.009638, 4.008081, 25, 205724, 565510.4, 545009, 851227, 1003304, 1044019, 1044019, 0
