elapsed, window, n, min, mean, median, 95th, 99th, 99_9th, max, errors
10.000495, 10.000495, 0, 0, 0, 0, 0, 0, 0, 0, 0
20.001547, 10.001052, 126, 3518, 1150229.1, 564668, 5439310, 11418224, 11553255, 11553255, 1
30.001488, 9.999941, 143, 3518, 548964.4, 525103, 899858, 1046372, 1109097, 1109097, 1
40.001488, 10.0, 139, 3571, 572942.2, 590102, 862861, 1024583, 1132349, 1132349, 0
50.001573, 10.000085, 141, 3394, 559124.3, 569097, 862636, 929284, 1177719, 1177719, 1
60.001488, 9.999915, 144, 70007, 560578.3, 572999, 857149, 919159, 1177719, 1177719, 2
64.010536, 4.009048, 20, 157603, 576553.2, 579928, 897457, 963569, 982050, 982050, 0
