elapsed, window, n, min, mean, median, 95th, 99th, 99_9th, max, errors
10.000385, 10.000385, 0, 0, 0, 0, 0, 0, 0, 0, 0
20.001358, 10.000973, 84, 94329, 1635780.5, 884700, 11092243, 11549259, 11812198, 11812198, 1
30.001347, 9.999989, 102, 165858, 787289.1, 770730, 1262886, 1315797, 1466887, 1466887, 1
40.001353, 10.000006, 109, 84876, 737737.9, 674270, 1220253, 1415309, 1536637, 1536637, 0
50.001351, 9.999998, 102, 85161, 771034.6, 796416, 1183687, 1232221, 1312029, 1312029, 0
60.0014, 10.000049, 95, 166409, 822170.6, 823014, 1260753, 1410370, 1493104, 1493104, 0
64.012431, 4.011031, 22, 170161, 849207.8, 865649, 1341806, 1410370, 1493104, 1493104, 0
