elapsed, window, n, min, mean, median, 95th, 99th, 99_9th, max, errors
10.000483, 10.000483, 0, 0, 0, 0, 0, 0, 0, 0, 0
20.001487, 10.001004, 82, 345109, 1691390.2, 838485, 11224403, 12060683, 12122734, 12122734, 1
30.00148, 9.999993, 101, 88357, 786324.7, 746242, 1286846, 1436376, 1624427, 1624427, 0
40.001488, 10.000008, 97, 187653, 830294.4, 828222, 1315281, 1482132, 1584914, 1584914, 1
50.001576, 10.000088, 95, 168285, 831978.1, 825859, 1309788, 1433845, 1452233, 1452233, 1
60.001481, 9.999905, 98, 182432, 790264.6, 764287, 1296896, 1434992, 1459778, 1459778, 1
64.009538, 4.008057, 18, 182432, 835348.8, 814930, 1296896, 1369651, 1434992, 1434992, 0
