elapsed, window, n, min, mean, median, 95th, 99th, 99_9th, max, errors
10.000819, 10.000819, 6, 5132380, 7453842.3, 7842615, 8415132, 8415132, 8415132, 8415132, 0
20.001798, 10.000979, 78, 226555, 1412753.7, 928096, 3694305, 10663441, 11890139, 11890139, 1
30.001793, 9.999995, 85, 4470, 938470.1, 890278, 1561997, 1697868, 1810780, 1810780, 1
40.001822, 10.000029, 84, 181569, 945904.1, 888869, 1613186, 1697534, 1703642, 1703642, 1
50.001826, 10.000004, 89, 77778, 877923.6, 820692, 1414781, 1623605, 1697534, 1697534, 2
60.001793, 9.999967, 88, 153934, 913306.3, 902526, 1435184, 1860080, 1914237, 1914237, 0
64.008823, 4.00703, 16, 153963, 923005.7, 899659, 1457547, 1562942, 1914237, 1914237, 0
