elapsed, window, n, min, mean, median, 95th, 99th, 99_9th, max, errors
10.000598, 10.000598, 7, 532350, 7974642.6, 9060347, 9966254, 9966254, 9966254, 9966254, 0
20.00188, 10.001282, 87, 182523, 1339926.5, 801234, 3745785, 11121355, 12005640, 12005640, 1
30.001729, 9.999849, 99, 85755, 806607.4, 829969, 1234693, 1443136, 1499656, 1499656, 3
40.001856, 10.000127, 97, 265721, 807809.7, 765306, 1241692, 1459372, 1479924, 1479924, 1
50.001613, 9.999757, 96, 182870, 839825.4, 808765, 1389096, 1535616, 1589599, 1589599, 1
60.00161, 9.999997, 98, 345808, 803549.2, 795288, 1254594, 1378492, 1487887, 1487887, 1
64.007656, 4.006046, 18, 167873, 813763.6, 765518, 1346284, 1487887, 1587339, 1587339, 0
