elapsed, window, n, min, mean, median, 95th, 99th, 99_9th, max, errors
10.000947, 10.000947, 0, 0, 0, 0, 0, 0, 0, 0, 0
20.001917, 10.00097, 79, 4186, 1917567.5, 969151, 10699159, 11009509, 11236824, 11236824, 1
30.001899, 9.999982, 80, 253608, 986185.8, 930717, 1573040, 1938101, 2053780, 2053780, 1
40.001914, 10.000015, 84, 152037, 951829.8, 902170, 1783800, 1875137, 1998337, 1998337, 1
50.001896, 9.999982, 81, 322492, 946240.2, 899425, 1616579, 1819204, 1828845, 1828845, 1
60.001899, 10.000003, 82, 229342, 954522.1, 925274, 1602049, 1753839, 1884495, 1884495, 2
64.013958, 4.012059, 16, 229342, 948507.9, 906424, 1538068, 1968422, 2290426, 2290426, 0
