elapsed, window, n, min, mean, median, 95th, 99th, 99_9th, max, errors
10.000759, 10.000759, 5, 1277030, 5115216.2, 6217131, 7648056, 7648056, 7648056, 7648056, 1
20.001543, 10.000784, 79, 152291, 1508487.9, 900401, 5458364, 10437949, 10838776, 10838776, 2
30.001521, 9.999978, 91, 81388, 874946.0, 894783, 1357522, 1868357, 1868476, 1868476, 1
40.001523, 10.000002, 86, 159055, 923625.1, 882983, 1424598, 1867511, 1871957, 1871957, 0
50.001645, 10.000122, 91, 152390, 876739.0, 826848, 1414454, 1523749, 1688211, 1688211, 0
60.001523, 9.999878, 92, 77946, 860742.3, 883385, 1375303, 1652219, 1657393, 1657393, 1
64.007575, 4.006052, 20, 77946, 856106.3, 821528, 1461916, 1657393, 1831908, 1831908, 0
