elapsed, window, n, min, mean, median, 95th, 99th, 99_9th, max, errors
10.000533, 10.000533, 0, 0, 0, 0, 0, 0, 0, 0, 0
20.001504, 10.000971, 122, 107820, 1061804.6, 566770, 2517298, 11939132, 12016177, 12016177, 0
30.001502, 9.999998, 142, 107972, 559165.6, 565876, 880238, 986376, 994011, 994011, 0
40.001512, 10.00001, 143, 108340, 558203.3, 540833, 904149, 979020, 1059571, 1059571, 1
50.001517, 10.000005, 137, 79585, 577549.3, 589336, 914453, 1007680, 1071936, 1071936, 1
60.001509, 9.999992, 130, 75802, 597544.4, 598383, 878741, 1077294, 1184396, 1184396, 2
64.010564, 4.009055, 25, 5615, 584066.3, 579542, 944276, 1077294, 1184396, 1184396, 0
