elapsed, window, n, min, mean, median, 95th, 99th, 99_9th, max, errors
10.001123, 10.001123, 6, 2553780, 6415109.8, 5806271, 9003649, 9003649, 9003649, 9003649, 0
20.001111, 9.999988, 113, 169751, 1047957.0, 609052, 2872316, 11752819, 11934177, 11934177, 1
30.001106, 9.999995, 134, 185676, 588679.5, 589326, 868446, 1010404, 1043462, 1043462, 2
40.001113, 10.000007, 132, 82013, 603493.0, 613101, 987057, 1177644, 1216048, 1216048, 1
50.001109, 9.999996, 133, 85302, 585293.4, 608499, 940831, 1113945, 1246664, 1246664, 3
60.001197, 10.000088, 138, 113789, 573333.2, 570153, 850195, 1078847, 1186092, 1186092, 3
64.008151, 4.006954, 21, 113789, 590380.5, 575380, 863569, 999801, 1186092, 1186092, 0
