elapsed, window, n, min, mean, median, 95th, 99th, 99_9th, max, errors
10.000842, 10.000842, 1771, 4121, 38918.0, 12410, 147763, 236104, 251969, 300812, 325
20.001917, 10.001075, 1678, 4243, 40804.8, 12476, 154137, 239386, 299842, 304033, 349
30.001838, 9.999921, 1745, 3949, 38241.5, 12202, 158665, 242885, 310000, 359949, 369
40.001835, 9.999997, 1672, 4139, 40383.3, 13460, 140918, 229531, 259604, 393615, 322
50.0019, 10.000065, 1644, 4083, 40706.8, 11897, 156133, 249436, 262401, 310989, 322
60.001884, 9.999984, 1689, 3946, 38880.3, 12903, 151780, 221602, 268974, 400213, 368
64.009888, 4.008004, 208, 3946, 39570.8, 12222, 162763, 230353, 340118, 400213, 36
