elapsed, window, n, min, mean, median, 95th, 99th, 99_9th, max, errors
10.000405, 10.000405, 1645, 4163, 40306.6, 12096, 169193, 227853, 254622, 260340, 363
20.0014, 10.000995, 1734, 4055, 39839.5, 11248, 182581, 243507, 278219, 361285, 334
30.001396, 9.999996, 1663, 4055, 39492.7, 11526, 166634, 234574, 267369, 400529, 352
40.001401, 10.000005, 1672, 4101, 41257.8, 11837, 148077, 224572, 328983, 427786, 334
50.001399, 9.999998, 1600, 4117, 44456.5, 11258, 200331, 255051, 287324, 328983, 280
60.001401, 10.000002, 1682, 4130, 41544.8, 11628, 152068, 249348, 300181, 312123, 327
64.009446, 4.008045, 221, 4130, 39900.0, 11630, 147838, 252427, 312107, 312123, 63
