elapsed, window, n, min, mean, median, 95th, 99th, 99_9th, max, errors
10.000985, 10.000985, 1817, 4174, 36748.9, 12190, 155923, 201995, 270162, 315893, 338
20.002004, 10.001019, 1859, 3995, 38126.1, 12572, 155842, 205554, 295529, 307945, 331
30.00208, 10.000076, 1831, 4044, 36478.2, 12418, 145937, 191070, 300519, 326627, 346
40.00096, 9.99888, 1824, 4107, 39069.2, 12535, 149697, 209971, 243805, 371422, 302
50.002025, 10.001065, 1810, 4100, 38214.9, 12867, 164836, 194869, 228998, 374820, 344
60.002062, 10.000037, 1809, 4173, 39325.7, 12658, 157395, 229337, 260301, 397363, 322
64.009061, 4.006999, 184, 4232, 40303.2, 12476, 170476, 236189, 279603, 397363, 38
