elapsed, window, n, min, mean, median, 95th, 99th, 99_9th, max, errors
10.001137, 10.001137, 38, 218474, 1843083.6, 1253747, 4949594, 7541800, 7541800, 7541800, 1
20.001156, 10.000019, 122, 248668, 652189.2, 611239, 1143645, 1350088, 1485362, 1485362, 1
30.001131, 9.999975, 123, 223017, 654541.4, 606861, 1107499, 1247214, 1309217, 1309217, 0
40.001136, 10.000005, 114, 308813, 692445.1, 701796, 1073536, 1188656, 1281085, 1281085, 1
50.001135, 9.999999, 123, 309726, 666637.1, 652387, 1129070, 1334703, 1447240, 1447240, 0
60.001134, 9.999999, 120, 243030, 642864.3, 639707, 1052285, 1277519, 1304630, 1304630, 2
64.009848, 4.008714, 19, 243030, 666409.1, 667667, 1149185, 1277519, 1304630, 1304630, 0
