elapsed, window, n, min, mean, median, 95th, 99th, 99_9th, max, errors
10.000526, 10.000526, 39, 252820, 2005740.2, 1139812, 5793687, 5944738, 5944738, 5944738, 1
20.001639, 10.001113, 122, 265923, 654377.2, 636804, 1127119, 1292586, 1399715, 1399715, 0
30.001521, 9.999882, 126, 243194, 622750.5, 606240, 1068284, 1108210, 1126044, 1126044, 2
40.001521, 10.0, 114, 308805, 697716.6, 666709, 1116502, 1287544, 1532389, 1532389, 1
50.00153, 10.000009, 114, 266237, 682373.8, 673493, 1077474, 1353054, 1359535, 1359535, 3
60.001519, 9.999989, 124, 267580, 643737.7, 598033, 1132140, 1449389, 1521648, 1521648, 0
64.009577, 4.008058, 19, 280472, 688858.4, 650806, 1165283, 1449389, 1521648, 1521648, 0
