elapsed, window, n, min, mean, median, 95th, 99th, 99_9th, max, errors
10.001071, 10.001071, 0, 0, 0, 0, 0, 0, 0, 0, 0
20.001092, 10.000021, 112, 211093, 1174377.9, 639921, 4634421, 10888175, 11825844, 11825844, 1
30.001044, 9.999952, 124, 204767, 625632.3, 643995, 1011757, 1143306, 1155715, 1155715, 1
40.001052, 10.000008, 130, 207831, 614872.4, 640538, 984754, 1166723, 1302379, 1302379, 1
50.001052, 10.0, 132, 225094, 595905.4, 532948, 1005217, 1152136, 1309900, 1309900, 1
60.001049, 9.999997, 134, 217137, 613959.1, 630362, 987428, 1147248, 1309900, 1309900, 0
64.008085, 4.007036, 22, 194199, 589401.0, 545487, 979499, 997986, 1006878, 1006878, 0
