elapsed, window, n, min, mean, median, 95th, 99th, 99_9th, max, errors
10.001096, 10.001096, 0, 0, 0, 0, 0, 0, 0, 0, 0
20.001085, 9.999989, 102, 321392, 1197403.7, 665670, 3543235, 11932764, 12123494, 12123494, 1
30.001091, 10.000006, 133, 180185, 599607.8, 539073, 984509, 1172003, 1455177, 1455177, 0
40.001087, 9.999996, 125, 321184, 643344.6, 648651, 1115351, 1292886, 1306821, 1306821, 0
50.001075, 9.999988, 132, 228555, 582164.8, 521295, 986556, 1159187, 1302396, 1302396, 0
60.001038, 9.999963, 136, 228856, 588770.8, 548017, 976566, 1130454, 1286232, 1286232, 1
64.009094, 4.008056, 20, 228856, 601466.0, 551802, 1001858, 1128125, 1286232, 1286232, 0
