elapsed, window, n, min, mean, median, 95th, 99th, 99_9th, max, errors
10.001098, 10.001098, 5, 1414319, 6376501.2, 7316088, 8889321, 8889321, 8889321, 8889321, 0
20.001099, 10.000001, 102, 325312, 1209788.0, 670015, 4613426, 12080880, 12113446, 12113446, 2
30.001063, 9.999964, 128, 324225, 622602.8, 651037, 1001410, 1135010, 1159265, 1159265, 0
40.00106, 9.999997, 126, 326467, 637413.9, 650651, 1000086, 1153539, 1339981, 1339981, 1
50.001063, 10.000003, 131, 326166, 596958.6, 553787, 992476, 1138548, 1297510, 1297510, 1
60.001057, 9.999994, 118, 324054, 650714.2, 654585, 1138289, 1297864, 1313395, 1313395, 3
64.012101, 4.011044, 20, 324054, 666951.3, 653974, 1153502, 1297864, 1313395, 1313395, 0
