elapsed, window, n, min, mean, median, 95th, 99th, 99_9th, max, errors
10.000689, 10.000689, 0, 0, 0, 0, 0, 0, 0, 0, 0
20.001696, 10.001007, 95, 314077, 1644226.0, 648666, 12728951, 12788060, 13055276, 13055276, 0
30.001708, 10.000012, 125, 160694, 629029.4, 566486, 1116382, 1313079, 1680278, 1680278, 2
40.001652, 9.999944, 125, 322405, 646379.3, 602202, 1119039, 1289082, 1406743, 1406743, 1
50.001665, 10.000013, 126, 297480, 615942.6, 581740, 1070941, 1232844, 1352025, 1352025, 0
60.001668, 10.000003, 136, 154458, 590894.5, 524408, 1135047, 1430381, 1440709, 1440709, 0
64.008691, 4.007023, 23, 237702, 595162.6, 525211, 1115877, 1430381, 1440709, 1440709, 0
