elapsed, window, n, min, mean, median, 95th, 99th, 99_9th, max, errors
10.001187, 10.001187, 0, 0, 0, 0, 0, 0, 0, 0, 0
20.001184, 9.999997, 109, 205766, 1323798.4, 658319, 10162555, 11952125, 12490654, 12490654, 0
30.001242, 10.000058, 135, 170388, 585763.8, 564890, 976038, 1131284, 1144685, 1144685, 1
40.001179, 9.999937, 134, 238886, 601233.7, 620196, 933933, 1111580, 1127861, 1127861, 0
50.001188, 10.000009, 131, 231334, 599606.7, 594135, 921190, 1093693, 1102856, 1102856, 1
60.001302, 10.000114, 127, 249351, 621256.4, 603135, 933870, 1003014, 1011047, 1011047, 1
64.008304, 4.007002, 22, 230849, 620044.3, 612243, 933870, 999876, 1011047, 1011047, 0
