elapsed, window, n, min, mean, median, 95th, 99th, 99_9th, max, errors
10.001017, 10.001017, 0, 0, 0, 0, 0, 0, 0, 0, 0
20.002025, 10.001008, 86, 331910, 1831220.2, 641967, 13075671, 13358708, 13621609, 13621609, 0
30.002011, 9.999986, 131, 328636, 613332.6, 559693, 1074909, 1311847, 1440091, 1440091, 0
40.002011, 10.0, 129, 195972, 620781.5, 579219, 1095877, 1298664, 1366093, 1366093, 1
50.002128, 10.000117, 130, 265727, 602404.2, 571625, 1098122, 1502067, 1613102, 1613102, 0
60.00107, 9.998942, 124, 142165, 640556.3, 588492, 1150179, 1261254, 1392079, 1392079, 0
64.010045, 4.008975, 22, 234709, 630588.6, 563952, 1164234, 1392079, 1406320, 1406320, 0
