elapsed, window, n, min, mean, median, 95th, 99th, 99_9th, max, errors
10.000651, 10.000651, 5, 3034634, 6195189.4, 5591148, 9547783, 9547783, 9547783, 9547783, 1
20.001613, 10.000962, 91, 3663, 1314421.6, 751460, 4701841, 10043310, 11365994, 11365994, 0
30.001602, 9.999989, 100, 309009, 794608.8, 752934, 1371559, 1602504, 1779715, 1779715, 1
40.001618, 10.000016, 105, 246058, 751768.9, 688083, 1361775, 1771995, 1917239, 1917239, 1
50.001608, 9.99999, 103, 320166, 768336.3, 752216, 1341736, 1406192, 1647907, 1647907, 1
60.001602, 9.999994, 112, 140097, 742755.3, 686554, 1405004, 1644770, 1645334, 1645334, 0
64.008682, 4.00708, 18, 140097, 721214.7, 614502, 1364567, 1644770, 1645334, 1645334, 0
