elapsed, window, n, min, mean, median, 95th, 99th, 99_9th, max, errors
10.000738, 10.000738, 9, 2542785, 7345596.2, 7422179, 9973801, 9973801, 9973801, 9973801, 0
20.001759, 10.001021, 70, 410534, 1386300.5, 978217, 3592032, 4785014, 9973801, 9973801, 1
30.002037, 10.000278, 72, 357984, 1129577.1, 1143754, 1702269, 1980266, 2042675, 2042675, 0
40.001751, 9.999714, 60, 388165, 1240932.9, 1179556, 1931325, 2110574, 2282094, 2282094, 1
50.001902, 10.000151, 64, 418394, 1256651.4, 1248957, 1941363, 2041373, 2107339, 2107339, 0
60.001742, 9.99984, 66, 410238, 1186209.9, 1147090, 1862841, 1968134, 2072391, 2072391, 3
64.012832, 4.01109, 15, 410238, 1201432.8, 1176432, 1832394, 1934881, 1968134, 1968134, 1
