elapsed, window, n, min, mean, median, 95th, 99th, 99_9th, max, errors
10.000587, 10.000587, 0, 0, 0, 0, 0, 0, 0, 0, 0
20.001534, 10.000947, 96, 205376, 1633929.6, 606373, 12836338, 13206416, 13305194, 13305194, 0
30.001529, 9.999995, 133, 113173, 606827.0, 559415, 1033114, 1279965, 1352138, 1352138, 3
40.001642, 10.000113, 129, 141886, 590955.0, 564389, 1049033, 1205534, 1343906, 1343906, 3
50.001531, 9.999889, 140, 243491, 579355.9, 515863, 1067581, 1214058, 1584610, 1584610, 1
60.001527, 9.999996, 129, 97677, 604385.5, 566559, 974622, 1333351, 1428832, 1428832, 1
64.010583, 4.009056, 20, 97677, 637855.1, 587195, 1058996, 1333351, 1428832, 1428832, 0
