elapsed, window, n, min, mean, median, 95th, 99th, 99_9th, max, errors
10.000608, 10.000608, 11, 883811, 5425967.0, 6646511, 9004486, 9738588, 9738588, 9738588, 0
20.001533, 10.000925, 88, 320171, 1154091.7, 798936, 2719840, 9738588, 10656105, 10656105, 2
30.001523, 9.99999, 106, 203156, 731986.2, 628003, 1348728, 1691816, 1766626, 1766626, 0
40.001523, 10.0, 97, 305356, 822584.3, 763673, 1383162, 1555801, 1634263, 1634263, 0
50.001549, 10.000026, 101, 3892, 810117.7, 829776, 1353034, 1552228, 1623525, 1623525, 2
60.001512, 9.999963, 104, 314324, 770805.3, 762046, 1347083, 1627560, 1690861, 1690861, 0
64.008558, 4.007046, 16, 314324, 767085.8, 760870, 1415168, 1690861, 1825002, 1825002, 0
