elapsed, window, n, min, mean, median, 95th, 99th, 99_9th, max, errors
10.000833, 10.000833, 10, 806009, 7541746.8, 9331580, 9944572, 9944572, 9944572, 9944572, 0
20.001855, 10.001022, 89, 413207, 1438078.2, 849304, 9331580, 9944572, 9991089, 9991089, 0
30.001921, 10.000066, 92, 326279, 842269.4, 834760, 1329446, 1470773, 1652171, 1652171, 0
40.001884, 9.999963, 95, 420039, 840305.5, 837106, 1175685, 1346927, 1352970, 1352970, 1
50.001876, 9.999992, 96, 418197, 834426.2, 825467, 1317883, 1481768, 1490943, 1490943, 0
60.001847, 9.999971, 95, 419832, 845524.7, 839600, 1175378, 1321320, 1346237, 1346237, 0
64.007871, 4.006024, 19, 413109, 835861.1, 832021, 1156945, 1202084, 1346237, 1346237, 0
