elapsed, window, n, min, mean, median, 95th, 99th, 99_9th, max, errors
10.000272, 10.000272, 12, 1049942, 6027346.8, 7876359, 9000718, 9228600, 9228600, 9228600, 0
20.001281, 10.001009, 97, 419956, 974925.0, 833006, 1432249, 2196828, 9228600, 9228600, 0
30.00127, 9.999989, 98, 326059, 808272.1, 825777, 1165660, 1339227, 1347810, 1347810, 0
40.00127, 10.0, 94, 324688, 839037.0, 837191, 1176809, 1329921, 1342259, 1342259, 2
50.001285, 10.000015, 93, 348746, 865006.6, 840593, 1298607, 1347702, 1473369, 1473369, 1
60.001265, 9.99998, 95, 330678, 825591.4, 820300, 1190245, 1335874, 1517472, 1517472, 1
64.008306, 4.007041, 17, 418650, 864876.9, 832802, 1326619, 1517472, 1529006, 1529006, 0
