elapsed, window, n, min, mean, median, 95th, 99th, 99_9th, max, errors
10.000816, 10.000816, 24, 409389, 3193373.9, 878613, 8376755, 8702476, 8702476, 8702476, 0
20.001767, 10.000951, 123, 154362, 659861.5, 611480, 1097365, 1323163, 2964579, 2964579, 0
30.001821, 10.000054, 126, 289646, 635867.0, 609693, 1072492, 1181282, 1328207, 1328207, 0
40.005977, 10.004156, 121, 223470, 676306.7, 645536, 1187315, 1394765, 1509424, 1509424, 0
50.00184, 9.995863, 123, 103199, 633001.5, 614555, 1075622, 1492233, 1568039, 1568039, 0
60.001763, 9.999923, 126, 250782, 640080.4, 611129, 1060651, 1358838, 1384182, 1384182, 0
64.010838, 4.009075, 20, 250782, 635950.5, 611129, 1035095, 1209160, 1384182, 1384182, 0
