elapsed, window, n, min, mean, median, 95th, 99th, 99_9th, max, errors
10.000739, 10.000739, 9, 676444, 7313632.9, 9131778, 9591840, 9591840, 9591840, 9591840, 1
20.001723, 10.000984, 98, 417260, 1066511.0, 826603, 1337349, 9491523, 9591840, 9591840, 2
30.001709, 9.999986, 89, 343043, 877506.3, 867473, 1299844, 1328840, 1343505, 1343505, 1
40.001709, 10.0, 93, 324702, 838811.9, 824528, 1187119, 1342322, 1350881, 1350881, 2
50.001713, 10.000004, 91, 417384, 875176.6, 837659, 1313579, 1517511, 1626107, 1626107, 0
60.001708, 9.999995, 99, 329296, 825147.9, 833121, 1171517, 1328296, 1391282, 1391282, 0
64.010755, 4.009047, 19, 329296, 815916.3, 821182, 1171517, 1322809, 1391282, 1391282, 0
