elapsed, window, n, min, mean, median, 95th, 99th, 99_9th, max, errors
10.000508, 10.000508, 10, 1280096, 6463271.8, 7598385, 9697698, 9697698, 9697698, 9697698, 1
20.001506, 10.000998, 137, 320650, 688507.9, 579552, 968798, 3008012, 9697698, 9697698, 1
30.001503, 9.999997, 142, 256901, 565075.3, 540062, 868682, 1031259, 1093877, 1093877, 0
40.001504, 10.000001, 140, 331012, 558828.7, 534284, 845754, 992426, 1123380, 1123380, 0
50.001508, 10.000004, 141, 154345, 574234.7, 574434, 869649, 1105561, 1126254, 1126254, 0
60.001507, 9.999999, 149, 295170, 532449.9, 513308, 804511, 857904, 960261, 960261, 0
64.013564, 4.012057, 24, 296062, 551910.6, 531333, 804511, 872921, 960261, 960261, 0
