elapsed, window, n, min, mean, median, 95th, 99th, 99_9th, max, errors
10.000202, 10.000202, 13, 400644, 5655322.9, 8174891, 8829058, 9659257, 9659257, 9659257, 0
20.001302, 10.0011, 139, 257340, 606358.4, 557554, 960419, 1639968, 1939018, 1939018, 1
30.001173, 9.999871, 143, 275104, 563060.8, 548969, 812851, 867720, 928619, 928619, 0
40.00123, 10.000057, 136, 238105, 587187.0, 586839, 872167, 1009997, 1168773, 1168773, 0
50.001209, 9.999979, 148, 332539, 543051.1, 520651, 788787, 923507, 1200392, 1200392, 1
60.001179, 9.99997, 142, 263069, 544487.0, 526110, 811031, 850922, 855636, 855636, 4
64.010278, 4.009099, 23, 263069, 543131.6, 524115, 832226, 855706, 863736, 863736, 0
