elapsed, window, n, min, mean, median, 95th, 99th, 99_9th, max, errors
10.001121, 10.001121, 16, 428841, 4808337.5, 7217248, 8548424, 8596825, 8596825, 8596825, 0
20.001124, 10.000003, 144, 286699, 592068.5, 544297, 907559, 1686778, 1931332, 1931332, 0
30.001152, 10.000028, 143, 315189, 551827.4, 545566, 825972, 1002251, 1017693, 1017693, 1
40.001109, 9.999957, 139, 295559, 565877.0, 544798, 791974, 1052881, 1067437, 1067437, 1
50.001161, 10.000052, 152, 175640, 530464.5, 526082, 839316, 957729, 1013071, 1013071, 0
60.001212, 10.000051, 147, 175640, 540953.8, 524926, 856583, 977781, 1059901, 1059901, 1
64.010203, 4.008991, 20, 198206, 563538.5, 539318, 867127, 965945, 1059901, 1059901, 0
