elapsed, window, n, min, mean, median, 95th, 99th, 99_9th, max, errors
10.001041, 10.001041, 0, 0, 0, 0, 0, 0, 0, 0, 0
20.001028, 9.999987, 79, 87434, 1776240.1, 1034660, 10502564, 11330891, 11331071, 11331071, 0
30.001031, 10.000003, 84, 340924, 931981.9, 959971, 1591899, 1897329, 1938064, 1938064, 0
40.001027, 9.999996, 83, 329210, 949741.2, 885116, 1669230, 2056577, 2200549, 2200549, 2
50.001144, 10.000117, 87, 342758, 914849.2, 908936, 1490127, 1746711, 1990550, 1990550, 2
60.001023, 9.999879, 75, 402336, 1020784.6, 1008883, 1614819, 1751654, 2138827, 2138827, 0
64.011055, 4.010032, 19, 402336, 1029827.3, 1013386, 1652198, 1751654, 1863185, 1863185, 0
