elapsed, window, n, min, mean, median, 95th, 99th, 99_9th, max, errors
10.00107, 10.00107, 0, 0, 0, 0, 0, 0, 0, 0, 0
20.001054, 9.999984, 104, 171578, 1275141.5, 614868, 6121727, 12212778, 12231287, 12231287, 3
30.001054, 10.0, 133, 324437, 604132.7, 579788, 930461, 1048522, 1238018, 1238018, 1
40.001052, 9.999998, 139, 242263, 573099.9, 528922, 927777, 1031250, 1048290, 1048290, 0
50.001056, 10.000004, 128, 253387, 611958.2, 566873, 1021263, 1094980, 1363197, 1363197, 2
60.001049, 9.999993, 138, 235584, 588933.7, 563611, 931587, 1104884, 1111857, 1111857, 0
64.010096, 4.009047, 23, 235584, 609342.0, 579257, 931587, 1104884, 1111857, 1111857, 0
