elapsed, window, n, min, mean, median, 95th, 99th, 99_9th, max, errors
10.001124, 10.001124, 7, 5656889, 8289272.4, 9120896, 9470451, 9470451, 9470451, 9470451, 0
20.00113, 10.000006, 95, 320001, 1298049.7, 903352, 3442634, 9470451, 10952212, 10952212, 1
30.001116, 9.999986, 98, 315561, 788559.1, 747589, 1355202, 1625110, 1677319, 1677319, 0
40.001125, 10.000009, 99, 310564, 803181.4, 754823, 1281620, 1400930, 1478044, 1478044, 1
50.001128, 10.000003, 97, 262745, 795208.1, 749352, 1294762, 1524403, 1714401, 1714401, 2
60.001116, 9.999988, 94, 325220, 839512.7, 799304, 1323685, 1530133, 1700271, 1700271, 1
64.008159, 4.007043, 19, 325220, 846620.8, 815120, 1320600, 1422281, 1700271, 1700271, 0
