elapsed, window, n, min, mean, median, 95th, 99th, 99_9th, max, errors
10.000845, 10.000845, 0, 0, 0, 0, 0, 0, 0, 0, 0
20.001991, 10.001146, 83, 399916, 1693474.3, 830249, 10245501, 10868366, 10897936, 10897936, 0
30.00184, 9.999849, 86, 357594, 922837.9, 905686, 1528041, 1647565, 2027872, 2027872, 1
40.00187, 10.00003, 87, 334770, 912887.7, 925096, 1472307, 1562835, 1742909, 1742909, 0
50.001863, 9.999993, 86, 253908, 928493.3, 862185, 1612167, 1740951, 1907689, 1907689, 1
60.001898, 10.000035, 80, 357781, 977122.7, 971555, 1548252, 1802769, 1869957, 1869957, 2
64.008924, 4.007026, 16, 357781, 1006099.2, 1029467, 1548252, 1704539, 1802769, 1802769, 0
