elapsed, window, n, min, mean, median, 95th, 99th, 99_9th, max, errors
10.000784, 10.000784, 0, 0, 0, 0, 0, 0, 0, 0, 0
20.001742, 10.000958, 115, 157907, 1173846.2, 579615, 5955865, 12038906, 12054174, 12054174, 1
30.001725, 9.999983, 129, 248815, 615999.7, 596273, 964577, 1010144, 1047800, 1047800, 1
40.001831, 10.000106, 137, 158539, 580172.9, 593738, 899105, 1008677, 1169579, 1169579, 1
50.001739, 9.999908, 130, 291327, 593853.8, 585942, 923824, 1117281, 1127577, 1127577, 1
60.001744, 10.000005, 135, 248812, 600971.6, 581180, 940516, 1127577, 1131457, 1131457, 1
64.008789, 4.007045, 21, 249376, 607029.9, 611401, 940516, 1074586, 1131457, 1131457, 0
