elapsed, window, n, min, mean, median, 95th, 99th, 99_9th, max, errors
10.001117, 10.001117, 0, 0, 0, 0, 0, 0, 0, 0, 0
20.001749, 10.000632, 77, 403184, 1920234.6, 1096400, 10754960, 11102691, 11511568, 11511568, 1
30.001707, 9.999958, 86, 152526, 916193.1, 870849, 1571554, 1983526, 1985015, 1985015, 1
40.001822, 10.000115, 81, 401808, 969480.6, 919666, 1584043, 1721855, 2019580, 2019580, 0
50.001752, 9.99993, 91, 343966, 888202.8, 895625, 1341083, 1696048, 2164759, 2164759, 1
60.001786, 10.000034, 86, 401893, 917515.2, 908861, 1528607, 1625367, 1732173, 1732173, 1
64.007793, 4.006007, 15, 403194, 966297.8, 964501, 1465083, 1694193, 2202355, 2202355, 0
