elapsed, window, n, min, mean, median, 95th, 99th, 99_9th, max, errors
10.001085, 10.001085, 5, 2207776, 7451557.8, 8350238, 9778098, 9778098, 9778098, 9778098, 0
20.001095, 10.00001, 96, 319478, 1407019.3, 851232, 9268079, 10504727, 10532505, 10532505, 1
30.00111, 10.000015, 100, 324773, 813662.1, 781623, 1295668, 1398822, 1441499, 1441499, 1
40.001086, 9.999976, 98, 319696, 793694.1, 770807, 1240211, 1395557, 1403738, 1403738, 1
50.001103, 10.000017, 98, 324697, 830967.0, 806123, 1340364, 1586851, 1615570, 1615570, 1
60.001091, 9.999988, 101, 309769, 786022.8, 780867, 1283332, 1478845, 1490357, 1490357, 1
64.009109, 4.008018, 18, 309769, 780295.6, 788893, 1268603, 1445003, 1490357, 1490357, 0
