elapsed, window, n, min, mean, median, 95th, 99th, 99_9th, max, errors
10.000247, 10.000247, 6, 2633621, 6140919.2, 6522905, 9654940, 9654940, 9654940, 9654940, 1
20.001283, 10.001036, 99, 324971, 1248819.4, 817705, 2648327, 10311971, 10633363, 10633363, 0
30.001216, 9.999933, 98, 324708, 803602.4, 821594, 1155395, 1235909, 1390835, 1390835, 2
40.001221, 10.000005, 99, 324574, 784995.2, 802910, 1256815, 1455418, 1556278, 1556278, 0
50.00122, 9.999999, 104, 267338, 778623.2, 738250, 1364293, 1511091, 1556278, 1556278, 1
60.001199, 9.999979, 102, 249365, 789420.0, 801541, 1151620, 1537543, 1546174, 1546174, 1
64.012245, 4.011046, 19, 249365, 761850.7, 743893, 1134116, 1255967, 1433247, 1433247, 0
