elapsed, window, n, min, mean, median, 95th, 99th, 99_9th, max, errors
10.000448, 10.000448, 69, 4717, 1091018.5, 462353, 5162221, 6187885, 6191523, 6191523, 1
20.001421, 10.000973, 270, 4705, 303681.2, 249297, 740125, 1340861, 1927289, 1927289, 2
30.001414, 9.999993, 286, 4775, 271308.6, 221474, 644800, 790902, 1029959, 1029959, 2
40.001421, 10.000007, 293, 4770, 271119.4, 249072, 605363, 783101, 860998, 860998, 1
50.001419, 9.999998, 263, 4813, 295073.7, 251636, 643206, 786726, 860927, 860927, 3
60.001436, 10.000017, 265, 4768, 294237.4, 251579, 676374, 888724, 1170864, 1170864, 4
64.00947, 4.008034, 33, 4758, 310760.0, 254900, 720001, 964177, 1170864, 1170864, 1
