elapsed, window, n, min, mean, median, 95th, 99th, 99_9th, max, errors
10.000471, 10.000471, 55, 4482, 1390559.2, 443917, 5342857, 6914315, 7518365, 7518365, 0
20.00154, 10.001069, 255, 4399, 323074.8, 248964, 786364, 1437831, 1779620, 1779620, 2
30.001469, 9.999929, 299, 4385, 253953.1, 247725, 578992, 851657, 1009968, 1009968, 7
40.001473, 10.000004, 285, 4382, 274055.2, 249316, 642689, 748036, 859000, 859000, 3
50.001513, 10.00004, 263, 4370, 298133.5, 250169, 676608, 855872, 1066401, 1066401, 3
60.001517, 10.000004, 291, 4426, 271414.4, 221482, 592523, 686305, 963030, 963030, 3
64.013503, 4.011986, 36, 4514, 280483.2, 225086, 605860, 686305, 868280, 868280, 0
