elapsed, window, n, min, mean, median, 95th, 99th, 99_9th, max, errors
10.000327, 10.000327, 19, 4130, 2474647.6, 1737241, 5451991, 6139775, 6139775, 6139775, 0
20.001358, 10.001031, 206, 4043, 535888.4, 187709, 1949614, 6831797, 10991061, 10991061, 3
30.00144, 10.000082, 329, 3972, 242663.6, 189012, 503287, 665472, 826015, 826015, 3
40.001304, 9.999864, 328, 4057, 237016.8, 186893, 502461, 664893, 1012416, 1012416, 5
50.001304, 10.0, 316, 3920, 249732.1, 185487, 527198, 799579, 983001, 983001, 4
60.0013, 9.999996, 329, 3920, 241775.3, 185683, 636896, 687241, 965838, 965838, 6
64.009341, 4.008041, 47, 3835, 236014.1, 189100, 504054, 663135, 809849, 809849, 0
