elapsed, window, n, min, mean, median, 95th, 99th, 99_9th, max, errors
10.000636, 10.000636, 19, 4253, 2898321.7, 1012571, 7325808, 8277634, 8277634, 8277634, 0
20.00147, 10.000834, 211, 4049, 455586.3, 204427, 1032791, 4834387, 12081394, 12081394, 4
30.001469, 9.999999, 332, 3954, 232960.1, 185661, 515962, 670748, 966124, 966124, 6
40.001471, 10.000002, 322, 3989, 244922.3, 185243, 555939, 804622, 982243, 982243, 4
50.001471, 10.0, 307, 3991, 254978.7, 195166, 510217, 663438, 809964, 809964, 4
60.001467, 9.999996, 321, 3931, 248191.4, 189070, 549044, 672612, 963317, 963317, 1
64.009494, 4.008027, 43, 3931, 257058.8, 191282, 525932, 669497, 963317, 963317, 0
