elapsed, window, n, min, mean, median, 95th, 99th, 99_9th, max, errors
10.000928, 10.000928, 14, 185578, 4658168.3, 3579535, 7982823, 8933462, 8933462, 8933462, 1
20.00187, 10.000942, 208, 3962, 440838.1, 202513, 1856064, 4541126, 6736248, 6736248, 2
30.001852, 9.999982, 327, 3927, 238268.1, 188399, 522654, 696402, 833401, 833401, 4
40.001828, 9.999976, 338, 4042, 228913.2, 187719, 522239, 686497, 860892, 860892, 1
50.001843, 10.000015, 315, 3982, 250035.6, 191085, 521066, 683438, 825871, 825871, 4
60.001842, 9.999999, 335, 3848, 235197.0, 189704, 520698, 670512, 877971, 877971, 4
64.013872, 4.01203, 44, 3848, 235315.2, 189844, 519472, 681670, 825432, 825432, 1
