elapsed, window, n, min, mean, median, 95th, 99th, 99_9th, max, errors
10.000913, 10.000913, 23, 4132, 1744725.4, 746174, 6280574, 6655204, 6655204, 6655204, 0
20.001931, 10.001018, 274, 4106, 400247.1, 192181, 677112, 5584111, 12030350, 12030350, 4
30.001904, 9.999973, 345, 4126, 228769.1, 192009, 522244, 721710, 792495, 792495, 5
40.00191, 10.000006, 322, 4029, 249108.0, 248976, 539343, 689870, 804074, 804074, 0
50.001905, 9.999995, 332, 4032, 239715.6, 214490, 535144, 690043, 809772, 809772, 6
60.00192, 10.000015, 323, 4121, 236943.7, 193306, 531097, 668593, 850479, 850479, 8
64.007969, 4.006049, 49, 4121, 240460.1, 192819, 552940, 668593, 720803, 720803, 0
