elapsed, window, n, min, mean, median, 95th, 99th, 99_9th, max, errors
10.000926, 10.000926, 11, 196644, 3563119.3, 1924236, 6434402, 9184593, 9184593, 9184593, 0
20.001898, 10.000972, 130, 3616, 814242.5, 384521, 3355686, 10938852, 12155719, 12155719, 1
30.001893, 9.999995, 174, 3650, 455210.6, 449844, 933973, 1243218, 1664571, 1664571, 3
40.001895, 10.000002, 182, 3829, 440894.1, 415515, 898063, 1173912, 1349471, 1349471, 1
50.001909, 10.000014, 176, 3792, 440870.0, 416224, 870963, 1002537, 1377742, 1377742, 2
60.001937, 10.000028, 199, 3711, 401117.2, 314549, 1002537, 1113190, 1176659, 1176659, 3
64.010963, 4.009026, 28, 3711, 387742.1, 313512, 934118, 1105564, 1176659, 1176659, 0
