elapsed, window, n, min, mean, median, 95th, 99th, 99_9th, max, errors
10.001016, 10.001016, 6, 8489, 5075771.3, 6878288, 9079896, 9079896, 9079896, 9079896, 0
20.00197, 10.000954, 243, 3847, 514336.4, 200870, 720217, 12903045, 12909189, 12909189, 4
30.001971, 10.000001, 369, 3911, 215128.0, 203287, 572861, 755923, 810725, 810725, 6
40.001968, 9.999997, 381, 3724, 208696.9, 181313, 595084, 739469, 954300, 954300, 5
50.002122, 10.000154, 346, 3876, 225554.8, 203886, 566107, 711981, 895741, 895741, 3
60.000998, 9.998876, 359, 3858, 220415.0, 183031, 569114, 744456, 978978, 978978, 2
64.010031, 4.009033, 44, 3858, 227144.4, 188406, 587347, 827411, 1285615, 1285615, 0
