elapsed, window, n, min, mean, median, 95th, 99th, 99_9th, max, errors
10.001064, 10.001064, 19, 3685, 2586055.9, 2739553, 6956834, 7232814, 7232814, 7232814, 1
20.001062, 9.999998, 201, 3584, 496726.2, 308693, 1368768, 6152609, 10784304, 10784304, 6
30.001056, 9.999994, 231, 3532, 343194.2, 313247, 765390, 939710, 1106587, 1106587, 1
40.001054, 9.999998, 234, 3535, 345151.5, 313129, 930323, 1235195, 1414933, 1414933, 4
50.001144, 10.00009, 275, 3511, 283007.2, 245859, 760845, 1067623, 1414933, 1414933, 6
60.001043, 9.999899, 242, 3504, 327314.8, 310609, 831134, 1001507, 1547124, 1547124, 2
64.008087, 4.007044, 35, 3504, 348493.6, 313145, 865543, 1003345, 1547124, 1547124, 1
