elapsed, window, n, min, mean, median, 95th, 99th, 99_9th, max, errors
10.000818, 10.000818, 24, 3655, 2155286.6, 1851720, 7346145, 7509467, 7509467, 7509467, 1
20.001818, 10.001, 165, 3736, 581860.7, 309328, 1697979, 7451485, 8209731, 8209731, 4
30.001764, 9.999946, 236, 3758, 332541.8, 313370, 792670, 1004906, 1039664, 1039664, 4
40.001778, 10.000014, 261, 3775, 306113.4, 291692, 764311, 1082487, 1627139, 1627139, 1
50.001786, 10.000008, 256, 3706, 307666.6, 277743, 827786, 1039751, 1204306, 1204306, 1
60.001766, 9.99998, 244, 3532, 320420.5, 310812, 763436, 939258, 1069908, 1069908, 3
64.009814, 4.008048, 33, 3532, 335052.2, 309713, 865198, 939258, 1029440, 1029440, 1
