elapsed, window, n, min, mean, median, 95th, 99th, 99_9th, max, errors
10.000971, 10.000971, 9, 3966, 2034561.7, 29488, 8588666, 8588666, 8588666, 8588666, 1
20.001955, 10.000984, 258, 3844, 532126.0, 186701, 676742, 13049026, 13130680, 13130680, 7
30.001956, 10.000001, 358, 3816, 211575.1, 203898, 560290, 711663, 805191, 805191, 7
40.001948, 9.999992, 341, 3886, 223660.5, 201486, 590193, 747902, 892920, 892920, 5
50.002038, 10.00009, 363, 3822, 212425.2, 187000, 572019, 760264, 946168, 946168, 5
60.000946, 9.998908, 392, 3822, 202145.3, 181547, 563960, 739473, 973639, 973639, 7
64.011972, 4.011026, 48, 3826, 210813.9, 201034, 571885, 796915, 973639, 973639, 1
