elapsed, window, n, min, mean, median, 95th, 99th, 99_9th, max, errors
10.000497, 10.000497, 6, 3998, 157198.2, 23557, 391484, 391484, 391484, 391484, 0
20.001499, 10.001002, 292, 3782, 537966.4, 181766, 702346, 12862887, 12869323, 12869323, 2
30.001497, 9.999998, 392, 3898, 201856.2, 152145, 566413, 750687, 855331, 855331, 7
40.001578, 10.000081, 341, 3799, 226439.6, 205304, 586372, 736356, 946771, 946771, 5
50.001464, 9.999886, 356, 3957, 217623.9, 190908, 570242, 739971, 970640, 970640, 1
60.001445, 9.999981, 346, 3851, 227095.7, 221118, 576020, 761061, 974157, 974157, 3
64.012532, 4.011087, 51, 3752, 231177.9, 239321, 585525, 761061, 974157, 974157, 1
