elapsed, window, n, min, mean, median, 95th, 99th, 99_9th, max, errors
10.00093, 10.00093, 46, 4581, 1596794.9, 394581, 6842005, 8824022, 8824022, 8824022, 0
20.001956, 10.001026, 262, 4487, 316881.2, 250215, 786304, 1466918, 3013507, 3013507, 2
30.001924, 9.999968, 312, 4487, 260514.6, 223520, 603841, 786825, 998013, 998013, 3
40.002002, 10.000078, 277, 4401, 281434.5, 249541, 645154, 745928, 853444, 853444, 3
50.001948, 9.999946, 281, 4510, 286176.1, 221788, 686365, 817989, 1030001, 1030001, 1
60.001947, 9.999999, 274, 4570, 282732.7, 248861, 649084, 795101, 1002982, 1002982, 5
64.01, 4.008053, 41, 4631, 269377.4, 220953, 644892, 853903, 1002982, 1002982, 1
