elapsed, window, n, min, mean, median, 95th, 99th, 99_9th, max, errors
10.000494, 10.000494, 0, 0, 0, 0, 0, 0, 0, 0, 0
20.001549, 10.001055, 192, 3202, 724314.7, 336268, 1226845, 11775734, 11776886, 11776886, 1
30.001443, 9.999894, 231, 3300, 340630.3, 337403, 684135, 843595, 845244, 845244, 3
40.00154, 10.000097, 238, 3388, 335472.7, 335232, 673666, 837409, 843853, 843853, 1
50.00145, 9.99991, 227, 3295, 352644.5, 339518, 682463, 850682, 1017354, 1017354, 0
60.001444, 9.999994, 242, 3325, 327552.8, 328835, 677339, 971360, 1016424, 1016424, 3
64.009484, 4.00804, 30, 3398, 331264.2, 336960, 665814, 709000, 842759, 842759, 2
