elapsed, window, n, min, mean, median, 95th, 99th, 99_9th, max, errors
10.000634, 10.000634, 0, 0, 0, 0, 0, 0, 0, 0, 0
20.001624, 10.00099, 186, 3306, 728356.6, 337315, 1303980, 10622254, 11067559, 11067559, 7
30.001624, 10.0, 240, 3282, 328958.1, 328053, 672983, 842345, 997208, 997208, 2
40.00162, 9.999996, 223, 3378, 357709.8, 337921, 676236, 848605, 972935, 972935, 1
50.001622, 10.000002, 230, 3346, 346262.2, 331630, 674075, 833215, 856557, 856557, 1
60.001619, 9.999997, 250, 3299, 310651.0, 324052, 677901, 999003, 1134220, 1134220, 6
64.013671, 4.012052, 29, 3354, 345737.6, 327078, 819691, 999003, 1134220, 1134220, 0
