elapsed, window, n, min, mean, median, 95th, 99th, 99_9th, max, errors
10.000948, 10.000948, 0, 0, 0, 0, 0, 0, 0, 0, 0
20.001953, 10.001005, 190, 3246, 721553.1, 336955, 1597035, 10809778, 11202758, 11202758, 3
30.001942, 9.999989, 232, 3407, 349520.6, 336521, 681808, 836149, 859986, 859986, 1
40.001986, 10.000044, 252, 3249, 312768.1, 324227, 667837, 828191, 858018, 858018, 4
50.003003, 10.001017, 252, 3250, 312420.1, 323424, 670186, 842950, 1118950, 1118950, 2
60.001978, 9.998975, 232, 3184, 336130.9, 331271, 672123, 817768, 1009936, 1009936, 3
64.013974, 4.011996, 34, 3259, 339682.1, 336658, 677067, 817768, 1009936, 1009936, 0
