elapsed, window, n, min, mean, median, 95th, 99th, 99_9th, max, errors
10.001054, 10.001054, 15, 3216, 2952230.3, 640187, 7284832, 7631444, 7631444, 7631444, 0
20.001064, 10.00001, 269, 3227, 408653.6, 221685, 1141939, 3156131, 10197220, 10197220, 6
30.00105, 9.999986, 337, 3288, 232539.4, 212668, 508738, 642711, 702805, 702805, 4
40.001165, 10.000115, 378, 3175, 209923.7, 203247, 458280, 585301, 702805, 702805, 5
50.0011, 9.999935, 371, 3188, 213582.7, 201515, 466738, 583837, 719638, 719638, 4
60.001069, 9.999969, 356, 3268, 217904.9, 209094, 479207, 598807, 716673, 716673, 6
64.010097, 4.009028, 48, 3268, 213199.5, 202069, 468158, 624115, 730611, 730611, 0
