elapsed, window, n, min, mean, median, 95th, 99th, 99_9th, max, errors
10.000577, 10.000577, 13, 1161623, 4397975.8, 4537010, 6479883, 7513396, 7513396, 7513396, 0
20.001575, 10.000998, 283, 3254, 355209.7, 217584, 1258706, 3786271, 5998088, 5998088, 3
30.001566, 9.999991, 332, 3184, 233241.2, 220860, 489138, 589271, 778368, 778368, 5
40.001562, 9.999996, 377, 3278, 211925.4, 199245, 441819, 540798, 685278, 685278, 4
50.001567, 10.000005, 391, 3294, 198809.7, 198130, 408766, 581439, 663568, 663568, 4
60.001563, 9.999996, 396, 3202, 199218.1, 197894, 439061, 528851, 772956, 772956, 3
64.008605, 4.007042, 44, 3230, 209224.2, 200389, 453239, 595427, 772956, 772956, 1
