elapsed, window, n, min, mean, median, 95th, 99th, 99_9th, max, errors
10.000503, 10.000503, 20, 3463, 3611110.0, 3352573, 9397365, 9508319, 9508319, 9508319, 0
20.001456, 10.000953, 262, 3238, 470168.0, 222497, 1789288, 5913011, 9508319, 9508319, 2
30.001477, 10.000021, 360, 3378, 217687.3, 207785, 467400, 643688, 702569, 702569, 5
40.001513, 10.000036, 358, 3273, 219422.0, 206507, 452722, 542098, 847239, 847239, 5
50.001455, 9.999942, 368, 3337, 214808.9, 203397, 481161, 648550, 693823, 693823, 4
60.001449, 9.999994, 376, 3401, 209743.2, 202419, 460626, 588197, 816395, 816395, 3
64.009545, 4.008096, 51, 3233, 204296.1, 198512, 451210, 534665, 649957, 649957, 0
