elapsed, window, n, min, mean, median, 95th, 99th, 99_9th, max, errors
10.000807, 10.000807, 18, 85350, 3332251.2, 1873890, 8930200, 8934172, 8934172, 8934172, 0
20.001634, 10.000827, 188, 4401, 504556.2, 359067, 1205151, 4273185, 4822387, 4822387, 1
30.001722, 10.000088, 258, 4338, 312431.4, 268121, 679951, 829204, 1058881, 1058881, 1
40.001673, 9.999951, 247, 4564, 309953.3, 257976, 721564, 975158, 1035198, 1035198, 4
50.001608, 9.999935, 245, 4429, 313598.5, 269588, 724642, 930403, 987655, 987655, 6
60.0016, 9.999992, 257, 4483, 302100.5, 265443, 685500, 783727, 1077926, 1077926, 1
64.011642, 4.010042, 38, 4515, 327402.6, 268804, 718381, 873562, 1077926, 1077926, 0
