elapsed, window, n, min, mean, median, 95th, 99th, 99_9th, max, errors
10.000973, 10.000973, 14, 3929, 3120774.3, 3148483, 4922036, 9747547, 9747547, 9747547, 0
20.00198, 10.001007, 243, 3818, 420518.6, 237145, 799979, 7163323, 10880542, 10880542, 4
30.001974, 9.999994, 247, 3746, 312224.2, 263582, 669962, 872093, 1180772, 1180772, 3
40.00207, 10.000096, 252, 3888, 314703.7, 266109, 725967, 955171, 1028053, 1028053, 2
50.000937, 9.998867, 254, 3893, 313167.6, 263937, 727272, 917436, 1283343, 1283343, 1
60.001934, 10.000997, 244, 3912, 325294.0, 269289, 726710, 820252, 1077003, 1077003, 2
64.008972, 4.007038, 37, 3912, 317136.7, 314425, 701003, 766912, 1077003, 1077003, 0
