elapsed, window, n, min, mean, median, 95th, 99th, 99_9th, max, errors
10.0004, 10.0004, 15, 111520, 3933698.5, 4345663, 7056500, 8141170, 8141170, 8141170, 0
20.001456, 10.001056, 270, 4080, 345515.5, 198057, 544428, 4885033, 6998885, 6998885, 2
30.001396, 9.99994, 332, 3998, 237886.4, 193125, 529184, 667918, 824036, 824036, 5
40.001441, 10.000045, 337, 4084, 230675.1, 215358, 514325, 617135, 850679, 850679, 8
50.001383, 9.999942, 364, 4034, 218277.9, 187262, 465068, 627844, 795997, 795997, 4
60.001431, 10.000048, 326, 4072, 242692.2, 244192, 543051, 699194, 945897, 945897, 2
64.008417, 4.006986, 36, 4078, 249497.8, 249050, 562849, 625391, 945897, 945897, 0
