elapsed, window, n, min, mean, median, 95th, 99th, 99_9th, max, errors
10.000858, 10.000858, 20, 107743, 2681318.3, 1381328, 6671255, 8020322, 8020322, 8020322, 0
20.001879, 10.001021, 237, 4050, 439756.7, 246945, 579179, 7020602, 7067242, 7067242, 4
30.001838, 9.999959, 313, 4050, 248341.3, 247514, 519011, 625773, 675087, 675087, 3
40.002473, 10.000635, 343, 4047, 234241.0, 187796, 486961, 691159, 783501, 783501, 2
50.000876, 9.998403, 356, 4100, 217802.1, 185231, 452950, 616546, 703715, 703715, 6
60.001976, 10.0011, 376, 4167, 213041.7, 183936, 473330, 686801, 749971, 749971, 5
64.008908, 4.006932, 39, 4167, 215949.7, 185341, 487681, 687177, 749971, 749971, 1
