elapsed, window, n, min, mean, median, 95th, 99th, 99_9th, max, errors
10.000508, 10.000508, 14, 5857, 2718078.7, 2740427, 6006365, 6286053, 6286053, 6286053, 0
20.001505, 10.000997, 205, 5724, 575776.9, 312312, 1698863, 8282962, 10832252, 10832252, 2
30.001495, 9.99999, 252, 5821, 310930.6, 265560, 669214, 878021, 1099861, 1099861, 4
40.001495, 10.0, 259, 5753, 309278.7, 264595, 693051, 811159, 1076714, 1076714, 3
50.0015, 10.000005, 246, 5836, 320054.0, 264373, 768299, 900357, 1053649, 1053649, 1
60.001499, 9.999999, 277, 5761, 285974.8, 240894, 639325, 874069, 948750, 948750, 5
64.008532, 4.007033, 31, 5761, 296459.7, 240894, 714015, 938233, 958045, 958045, 0
