elapsed, window, n, min, mean, median, 95th, 99th, 99_9th, max, errors
10.000809, 10.000809, 16, 4065, 2707510.8, 2007587, 5684016, 8561692, 8561692, 8561692, 0
20.001957, 10.001148, 190, 3879, 601865.7, 318161, 1095110, 7869575, 12576415, 12576415, 3
30.001804, 9.999847, 215, 4033, 356437.5, 321511, 889678, 1069333, 1132883, 1132883, 4
40.001802, 9.999998, 235, 3927, 337453.0, 320384, 817607, 998503, 1352351, 1352351, 3
50.001806, 10.000004, 222, 3874, 359738.5, 329921, 812728, 1137104, 1159495, 1159495, 3
60.001802, 9.999996, 221, 3914, 349370.9, 322804, 829152, 1103190, 1367609, 1367609, 3
64.0095, 4.007698, 33, 3914, 369250.6, 328437, 890774, 1112153, 1367609, 1367609, 0
