elapsed, window, n, min, mean, median, 95th, 99th, 99_9th, max, errors
10.00116, 10.00116, 10, 3926, 3024705.4, 3465848, 8543704, 8543704, 8543704, 8543704, 1
20.00253, 10.00137, 204, 3935, 545287.1, 326551, 1067604, 6969313, 10758082, 10758082, 2
30.002311, 9.999781, 212, 3841, 373734.7, 327573, 901509, 1064218, 1109868, 1109868, 2
40.001903, 9.999592, 225, 3988, 351102.5, 324443, 786184, 1132493, 1169368, 1169368, 3
50.001907, 10.000004, 226, 3962, 345644.9, 323479, 745530, 1167075, 1356640, 1356640, 2
60.001999, 10.000092, 229, 4009, 341630.5, 320879, 817976, 1098770, 1135559, 1135559, 5
64.013939, 4.01194, 28, 4021, 360181.1, 322755, 819596, 1047676, 1247004, 1247004, 0
