elapsed, window, n, min, mean, median, 95th, 99th, 99_9th, max, errors
10.000155, 10.000155, 17, 179910, 2633170.3, 1626563, 6297835, 6563093, 6563093, 6563093, 0
20.001349, 10.001194, 178, 4060, 626611.1, 355028, 1217927, 7957401, 8529321, 8529321, 3
30.00116, 9.999811, 220, 3863, 358857.4, 333985, 801386, 1152864, 1366132, 1366132, 3
40.001167, 10.000007, 216, 3838, 358129.7, 333375, 818442, 996684, 1161236, 1161236, 2
50.001202, 10.000035, 211, 3965, 378118.5, 335018, 887180, 1077568, 1135041, 1135041, 3
60.001194, 9.999992, 212, 3809, 364843.5, 330902, 831409, 1073871, 1090293, 1090293, 3
64.008208, 4.007014, 31, 3954, 360813.5, 332161, 794068, 979477, 1082918, 1082918, 0
